tree
version=v4
num_class=1
num_tree_per_iteration=1
label_index=0
max_feature_idx=13
objective=lambdarank
feature_names=node_profile_sim max_desc_sim avg_top5_desc_sim sibling_coherence lexical_score path_score sibling_max_sim parent_sim query_token_count query_max_node_sim query_embedding_norm bm25_rank_score dense_rank_score rrf_score
feature_infos=[0.042287062853574753:0.88226544857025146] [0:0.88226544857025146] [0:0.81946694850921631] [0:0.68559271097183228] [0:1] [0.21909411251544952:0.81984639167785645] [0:0.88226544857025146] [0.17271797358989716:0.86080878973007202] [0.5:1.7999999523162842] [0.57265818119049072:0.88226544857025146] [0.99999988079071045:1.0000001192092896] [0:0.016393441706895828] [0:0.016393441706895828] [0.0083333337679505348:0.032786883413791656]
tree_sizes=3416 3391 3395 3391 3390 3394 3377 3398 3387 3384 3396 3389 3388 3391 3401 3405 3391 3399 3406 3385 3390 3393 3391 3394 3395 3405 3395 3393 3398 3393 3397 3384 3401 3391 3401 3394 3403 3400 3392 3401 3437 3418 3461 3454 3462 3465 3149 3246 3253 2929 2720 2726 2505 2391 2293 2398 2292 2286 1963 2071 1860 1861 1854 1758 1755 1764 1643 1641 1536 1637 1430 1430 1335 1545 1335 1431 1330 1330 1221 1334 1117 1335 1119 1113 1214 1005 1216 1326 1001 1223 1113 1118 1113 1114 1105 1119 1115 1116 1011 1008

Tree=0
num_leaves=31
num_cat=0
split_feature=4 11 13 4 4 12 8 13 13 13 4 5 13 12 9 1 13 8 6 1 4 0 7 6 4 11 5 11 13 4
split_gain=4563.05 88.421 47.6594 43.4648 15.9039 20.1533 8.00148 4.95791 4.20762 3.75936 0.998709 1.65063 0.650051 0.335521 0.389616 0.300165 0.182497 0.263326 0.156663 0.172158 0.0843014 0.100805 0.0859371 0.110375 0.0143534 0.0220704 0.0143612 0.0111855 0.00871046 0.00583589
threshold=0.74166667461395275 0.012739370577037336 0.032138252630829818 0.82843136787414562 0.77350428700447094 0.016261236742138866 1.1500000357627871 0.010695492848753931 0.020188277587294582 0.013423423748463394 0.81534090638160717 0.72360113263130199 0.010695492848753931 0.016261236742138866 0.74870562553405773 0.82930314540863048 0.028377328999340538 0.94999998807907116 0.67507585883140575 0.7018774449825288 0.83974358439445507 0.73866507411003124 0.75188890099525463 0.71471092104911815 0.91287881135940563 0.013793759513646366 0.66579553484916698 0.013423423748463394 0.023254352621734146 0.82843136787414562
decision_type=2 2 2 2 2 2 2 2 2 2 2 2 2 2 2 2 2 2 2 2 2 2 2 2 2 2 2 2 2 2
left_child=2 3 12 6 5 -3 -2 -5 -9 -6 11 13 -1 14 18 16 17 -12 -11 -20 22 24 23 -19 25 28 -27 -18 -22 -29
right_child=1 4 -4 7 9 -7 -8 8 -10 10 15 -13 -14 -15 -16 -17 27 20 19 -21 21 -23 -24 -25 -26 26 -28 29 -30 -31
leaf_value=-0.08598194210468485 -0.023059592327434292 -0.029976539126834068 0.014267754260999405 0.098173199553211576 0.066798583826959718 0.092841546580081771 -0.10000000000000001 0.0095105999658834928 0.06705812029973178 0.098978529427085418 0.089487586475852615 0.065691403106858712 -0.10000000000000001 0.09965658696639805 0.079730912101181467 0.088688699544568164 0.097872012389489768 0.099387658488989339 0.083915942796014054 0.096710993397929226 0.095222206641846024 0.092994299407786085 0.091603412550863475 0.091290486061480991 0.099873735923998175 0.096711174830682242 0.099515265954202028 0.099114275010061925 0.098099295710906628 0.099885734340101534
leaf_weight=8.3870345093309862 9.2644305322319251 5.5537419676547843 9.2979585807770473 6.5259545259177711 9.5477721136994642 8.3799892831593752 5.3192337871296322 5.1414460656524161 8.3103005230659601 9.6604419862851554 9.0670771677978319 5.4223951413296154 593.2905372112873 20.346686880104244 5.8547973469831041 6.883910148870199 7.4367686333134762 18.306010457221422 5.3870949824340624 5.1348021337762475 5.2802164452150446 6.7925382892135522 8.2505207943031547 5.4651210051379158 51.8432057966711 5.1505603096447876 40.240221234504133 26.402435534633696 5.2427928261458874 342.80682329274714
leaf_count=397 353 215 65 15 133 12 369 182 70 15 36 51 33453 17 40 26 11 27 21 10 18 16 28 23 75 10 66 24 7 275
internal_value=-3.76223e-09 0.0923204 -0.0980686 0.0145043 0.0966973 0.0438884 -0.0511228 0.0624118 0.0450627 0.0979226 0.0984255 0.0917945 -0.0998046 0.094846 0.0910868 0.0990626 0.0991968 0.0977565 0.0943811 0.0901601 0.098268 0.098902 0.0960001 0.0975261 0.0992744 0.0987188 0.0991971 0.0997919 0.0966556 0.0998306
internal_weight=1259.99 649.017 610.976 34.5614 614.456 13.9337 14.5837 19.9777 13.4517 600.522 590.974 51.8062 601.678 46.3838 26.0371 539.168 532.284 155.638 20.1823 10.5219 146.571 114.55 32.0217 23.7711 107.757 55.9138 45.3908 376.646 10.523 369.209
internal_count=36060 2145 33915 989 1156 227 722 267 252 929 796 154 33850 103 86 642 616 306 46 31 270 192 78 50 176 101 76 310 25 299
is_linear=0
shrinkage=0.05


Tree=1
num_leaves=31
num_cat=0
split_feature=4 13 11 4 8 7 1 13 8 4 9 9 4 0 5 13 9 5 1 13 9 2 11 10 8 13 11 13 0 1
split_gain=6917.38 208.062 124.286 92.0424 53.7278 33.0377 42.211 16.6854 12.2957 12.0785 30.224 12.0512 10.6855 29.5473 10.1071 9.27512 8.75277 19.5788 6.04134 4.44128 7.36569 7.74293 8.39709 5.70217 2.84406 2.52957 13.3656 3.2215 2.26228 3.54905
threshold=0.77350428700447094 0.03150583058595658 0.013423423748463394 0.86190477013587963 0.84999999403953563 0.76330918073654186 0.68893945217132579 0.012422839645296337 1.2500000000000002 0.74166667461395275 0.71982961893081676 0.81716924905776989 0.81534090638160717 0.59465178847312938 0.7262815833091737 0.010582306887954475 0.75538477301597606 0.74213987588882457 0.73494738340377819 0.028953939676284794 0.77834284305572521 0.75043737888336193 0.014389234129339458 0.99999997019767772 1.2500000000000002 0.011050061322748663 0.01197647722437978 0.012903762981295587 0.49555137753486639 0.75516679883003246
decision_type=2 2 2 2 2 2 2 2 2 2 2 2 2 2 2 2 2 2 2 2 2 2 2 2 2 2 2 2 2 2
left_child=1 9 3 5 -3 6 -2 -7 16 15 -11 25 13 -4 -15 -1 18 -18 -8 20 28 22 23 -22 -24 -5 -27 -28 29 -14
right_child=2 4 12 11 -6 7 8 -9 -10 10 -12 -13 19 14 -16 -17 17 -19 -20 -21 21 -23 24 -25 -26 26 27 -29 -30 -31
leaf_value=-0.038903091093380193 -0.097250019155343287 0.086652519409564185 -0.015408233932998916 0.091376298270208128 -0.094164692947254991 0.0014238746580413758 0.027642680393437008 -0.097585327256533155 -0.036226245025460742 0.029946461572810907 -0.092940674557316694 0.0097970428879391724 0.037220542181266941 0.082828921109826426 0.01905099163846663 -0.091171092486433652 -0.046815733971391368 0.071518239885564966 0.077742327092912844 0.089804582959940538 0.050630595083069198 0.080973482133251715 0.050779809036419411 -0.022987727758705362 0.086926272414357075 0.0075249408742768201 0.046201674494732121 0.082644692719194446 0.087307919350721713 0.091331540692494814
leaf_weight=8.5514506958425027 7.0864148954860857 21.332502434030179 9.1962160691618902 20.356223151087761 5.0881714904680839 6.6993705984205034 9.2384536713361758 11.663644201122223 5.5104692727327338 7.2928236341103938 15.939706373959778 7.4729832410812369 5.8308340013027173 89.50603935867548 6.6751685161143532 1137.7790868282318 7.107352495659141 6.8783067278563976 17.258190429769456 584.07429916411638 5.3330900222063047 64.658992558717728 10.964081857353451 5.1901222318410873 10.804509341716765 7.3460274618118993 6.7885777112096539 56.826450273394585 340.1088419854641 6.3090951442718506
leaf_count=218 121 23 32 13 155 84 60 170 78 69 481 46 9 73 29 33535 90 17 34 292 11 48 18 13 6 53 34 51 194 3
internal_value=3.97608e-10 -0.0869233 0.0794256 0.0395778 0.0518302 -0.00365587 0.0163431 -0.0614638 0.0338452 -0.0900578 -0.0543657 0.0708432 0.085383 0.0702158 0.0784026 -0.0907812 0.0433833 0.0113823 0.0602743 0.0869298 0.0831919 0.0709878 0.0509931 0.0143215 0.0687206 0.0758389 0.0713818 0.0787557 0.0865509 0.0653419
internal_weight=2504.87 1195.98 1308.88 170.232 26.4207 71.4422 53.0792 18.363 45.9928 1169.56 23.2325 98.7903 1138.65 105.377 96.1812 1146.33 40.4823 13.9857 26.4966 1033.27 449.2 96.9508 32.2918 10.5232 21.7686 91.3173 70.9611 63.615 352.249 12.1399
internal_count=36060 34481 1579 851 178 654 400 254 279 34303 550 197 728 134 102 33753 201 107 94 594 302 96 48 24 24 151 138 85 206 12
is_linear=0
shrinkage=0.05


Tree=2
num_leaves=31
num_cat=0
split_feature=4 13 11 4 13 4 8 13 13 13 9 9 2 1 11 4 2 0 8 0 6 6 12 12 13 4 9 2 8 0
split_gain=5622.64 167.871 62.176 33.9256 25.0135 17.3842 25.3113 10.875 11.8811 9.61682 15.3713 8.63431 8.52232 8.51589 15.3765 7.17283 9.51908 11.3554 6.63561 5.82589 5.56961 4.20699 3.528 3.98441 2.49013 2.7132 3.63314 5.50069 8.04839 2.77763
threshold=0.77350428700447094 0.03201024420559407 0.012903762981295587 0.82843136787414562 0.011299795936793091 0.74166667461395275 1.1500000357627871 0.010695492848753931 0.012270400300621988 0.013606071937829258 0.76329803466796886 0.72468072175979625 0.73200622200965892 0.70035341382026683 0.01197647722437978 0.82843136787414562 0.74428054690361034 0.77907633781433117 0.65000000596046459 0.66681268811225902 0.70867854356765758 0.71471092104911815 0.016261236742138866 0.015268065501004459 0.028953939676284794 0.90454545617103588 0.76078772544860851 0.73427137732505809 1.3499999642372134 0.5583198368549348
decision_type=2 2 2 2 2 2 2 2 2 2 2 2 2 2 2 2 2 2 2 2 2 2 2 2 2 2 2 2 2 2
left_child=1 5 3 4 -2 18 11 -5 -9 10 21 -7 -6 -10 -15 16 22 -18 -1 -16 -3 -4 23 -11 25 26 29 28 -28 -17
right_child=2 20 9 7 12 6 -8 8 13 15 -12 -13 -14 14 19 24 17 -19 -20 -21 -22 -23 -24 -25 -26 -27 27 -29 -30 -31
leaf_value=-0.036166150615070336 0.054585962214630614 0.080179787724848281 0.038742093928793658 0.082645500165090938 -0.091110611946082276 0.064364372099686748 -0.086697376985465618 -0.017099725461966826 0.083973289492351777 0.070742585117487738 -0.0079746688413325235 -0.026364983548935735 -0.018553014784860041 -0.040149558600568666 0.011090632292466042 0.054577460822764629 -0.028843079189962102 0.064711086634720708 -0.084522429360511186 0.071561001269817001 0.021508877918215336 0.081321819766435169 0.083300608624038902 0.038255557181717463 0.082745847809461148 0.081371356300384556 -0.00096197119148634267 0.072121133049197303 0.070660288807549015 0.080110694863767679
leaf_weight=7.1416784236207596 8.5750863421708363 14.188166555017235 7.9620327446609762 21.817048266530037 7.2859433554112938 5.022071002051236 13.377544172108172 7.6531117502599946 13.029196612536905 95.524888345971704 8.1183082163333875 5.4874912723898888 9.1036003790795785 5.4521422057878253 5.5255414880812195 11.726545441895722 5.1953840460628262 8.6335037909448129 1071.4868576372974 14.268315569497643 5.6581166954711071 21.373549781739712 53.320476863533258 10.472842276096342 515.7992076613009 209.47084054443985 7.3063309341669074 41.964758265763521 8.4689910970628244 116.16448566131294
leaf_count=171 59 27 33 15 203 8 429 102 19 111 51 120 151 82 41 14 34 11 33662 32 64 24 30 19 274 132 21 42 7 72
internal_value=-2.56117e-09 -0.0806735 0.0745709 0.0352185 -0.0146065 -0.0832679 -0.0410779 0.0535794 0.0397723 0.077824 0.0529147 0.0169907 -0.0508084 0.0511438 0.0342009 0.0786846 0.069356 0.0295637 -0.0842023 0.0546804 0.0634529 0.0697652 0.0728099 0.0675328 0.0804578 0.0774709 0.0730694 0.0626591 0.0374885 0.0777695
internal_weight=2336.57 1122.36 1214.21 92.71 24.9646 1102.52 23.8871 67.7454 45.9283 1121.5 37.4539 10.5096 16.3895 38.2752 25.246 1084.05 173.147 13.8289 1078.63 19.7939 19.8463 29.3356 159.318 105.998 910.901 395.102 185.631 57.7401 15.7753 127.891
internal_count=36060 34481 1579 704 413 34390 557 291 276 875 108 128 354 174 155 767 205 45 33833 73 91 57 160 130 562 288 156 70 28 86
is_linear=0
shrinkage=0.05


Tree=3
num_leaves=31
num_cat=0
split_feature=4 13 11 13 4 4 0 4 11 2 6 13 4 9 4 1 13 1 0 8 0 12 4 0 8 12 7 1 9 7
split_gain=4766.79 142.664 43.8649 24.4637 24.2101 12.9056 12.5902 9.9375 29.4382 9.33619 13.1828 8.18604 7.51607 17.1572 5.86894 5.07464 6.95135 4.50657 6.10967 3.99767 6.61987 2.00776 2.8921 4.04391 8.74308 1.78854 1.56982 2.71623 1.45428 2.99268
threshold=0.77350428700447094 0.03150583058595658 0.012739370577037336 0.010695492848753931 0.71008405089378368 0.79285714030265819 0.6545848846435548 0.81534090638160717 0.013606071937829258 0.72774854302406322 0.80340343713760387 0.010582306887954475 0.74166667461395275 0.71982961893081676 0.81534090638160717 0.72258973121643078 0.026891362853348259 0.82528418302536022 0.78687095642089855 0.75000000000000011 0.72736877202987682 0.013793759513646366 0.90454545617103588 0.69856160879135143 1.2500000000000002 0.0093025267124176043 0.70979133248329174 0.69086074829101574 0.76159566640853893 0.72288101911544811
decision_type=2 2 2 2 2 2 2 2 2 2 2 2 2 2 2 2 2 2 2 2 2 2 2 2 2 2 2 2 2 2
left_child=1 11 3 -2 -3 -5 14 8 -4 25 -11 -1 -13 -14 -7 26 -17 19 -19 20 -9 22 23 28 -25 -8 -10 -28 -21 -30
right_child=2 4 7 5 -6 6 9 17 15 10 -12 12 13 -15 -16 16 -18 18 -20 21 -22 -23 -24 24 -26 -27 27 -29 29 -31
leaf_value=-0.027497816168937223 0.075566279214545826 -0.035110692111033438 -0.043783937061794689 -0.049450635681454691 0.076610922501765544 0.021733093842263976 0.079619236359753681 0.010234153285346633 0.076039954958539782 -0.044787658160178517 0.050175024657500081 -0.079388501472030318 0.015876332492761512 -0.080981121792973482 -0.048194525320897463 0.0015220095624411095 0.061926700850756689 0.0086232060623582501 0.071917237558397532 0.072697158145929863 0.07963158426379302 0.076967142699287519 0.076679631644389901 0.00098077575423503611 0.074771544267055165 0.04598844892838256 0.028661996034237615 0.071815290322960121 0.027037255176441372 0.067110157828131817
leaf_weight=7.8374330485239616 23.177528942003846 6.7576328702271011 6.6796579882502547 6.9970735041424623 17.169554615393281 5.1295598186552507 9.9951704163104349 6.3240373432636243 52.017916582524776 6.1074406132102004 9.0998968537896854 1027.6216705930419 6.8344978671520975 13.812394270673392 7.2294747168198228 6.6483399048447636 16.794186484068632 6.1205331105738905 10.111541807651518 148.58831594884396 7.5258101224899292 552.03728191833943 198.4751411639154 6.7925279252231148 9.8141011260449869 6.5401517916470757 5.2558297291398075 11.909188259392975 5.2628918681293717 40.608047926798463
leaf_count=219 20 156 87 174 22 69 20 18 38 115 47 33535 69 480 149 31 30 25 7 117 4 316 131 17 9 56 10 12 18 59
internal_value=-1.12931e-09 -0.0756725 0.0701389 0.0329596 0.045058 0.013634 0.0236428 0.0726702 0.0575903 0.0403126 0.0120369 -0.0784077 -0.0787884 -0.0489195 -0.0191714 0.0649009 0.0447958 0.0741803 0.0480513 0.0746151 0.0479437 0.0749993 0.0723467 0.0682722 0.0445893 0.0663174 0.0717134 0.058602 0.0702947 0.0625125
internal_weight=2245.27 1080.03 1165.24 74.2763 23.9272 51.0988 44.1017 1090.97 99.3051 31.7427 15.2073 1056.11 1048.27 20.6469 12.359 92.6255 23.4425 991.66 16.2321 975.428 13.8498 961.578 409.541 211.066 16.6066 16.5353 69.1829 17.165 194.459 45.8709
internal_count=36060 34481 1579 650 178 630 456 929 208 238 162 34303 34084 549 218 121 61 721 32 689 22 667 351 220 26 76 60 22 194 77
is_linear=0
shrinkage=0.05


Tree=4
num_leaves=31
num_cat=0
split_feature=4 13 11 4 8 4 1 7 13 4 9 4 9 9 6 12 1 9 6 1 5 1 12 8 9 5 5 13 13 8
split_gain=4136.34 123.92 41.0165 31.2378 21.1017 14.9259 10.7916 12.0827 6.58127 6.53387 13.3254 4.28064 4.17939 3.57951 3.53412 3.28848 2.60801 2.07364 1.92798 4.08064 2.67907 11.1466 1.83179 3.88432 5.56198 1.66059 4.68935 1.85428 1.98516 4.49161
threshold=0.77350428700447094 0.03150583058595658 0.013423423748463394 0.86190477013587963 1.3499999642372134 0.71008405089378368 0.69872257113456737 0.76330918073654186 0.010582306887954475 0.74166667461395275 0.71982961893081676 0.82843136787414562 0.81716924905776989 0.78261202573776256 0.78613203763961803 0.016261236742138866 0.73494738340377819 0.77435845136642467 0.67507585883140575 0.69431632757186901 0.69953739643096935 0.7151646912097932 0.016261236742138866 0.84999999403953563 0.78111362457275402 0.67668259143829357 0.63481780886650097 0.025329614058136943 0.010256679728627207 1.1500000357627871
decision_type=2 2 2 2 2 2 2 2 2 2 2 2 2 2 2 2 2 2 2 2 2 2 2 2 2 2 2 2 2 2
left_child=1 8 3 4 6 -3 -2 13 -1 -10 -11 14 25 16 15 17 -8 18 -4 -20 21 -21 23 24 -13 26 -5 28 -27 -30
right_child=2 5 11 12 -6 -7 7 -9 9 10 -12 22 -14 -15 -16 -17 -18 -19 19 20 -22 -23 -24 -25 -26 27 -28 -29 29 -31
leaf_value=-0.029140885031738773 -0.038457135772264645 -0.027044446021797397 0.070142009252700976 0.076218155848500516 -0.082077878093539031 0.065101209065972429 0.022055740973205319 -0.019071960865064245 -0.075238379886543888 0.0085918860512313837 -0.076513106812186565 0.063882897910193234 0.017735753640632203 0.010309454765420572 0.032713012233386629 0.074119497945797766 0.060397390038177873 0.033180923075813724 0.014766751616866962 0.075052615244677531 0.068064727133774733 -0.0060570000377013627 0.074432566320419086 0.07037439383130803 0.0083720398657408986 0.077636856879746363 0.009901679820902301 0.075933171222343221 0.024711625651886088 0.064639196028909413
leaf_weight=8.0007121069356781 6.4723139638081184 5.8627981208264854 34.057803578674793 5.4940353631973249 5.4328886116854838 17.550375489518046 5.5658089658245471 9.4706932790577394 994.71489870548248 7.1088887266814735 13.030063845217226 17.638385437428955 5.5863592009991399 6.1184380128979674 9.5278435330837947 53.168510362505913 21.832468217238784 7.3774146102368823 5.6496901735663405 11.073728814721109 32.780354160815477 6.8597210980951777 283.09061527252197 525.00391528941691 6.0637643076479426 10.991504311561583 5.178083648905158 25.683192323893309 9.8584395032376033 24.669263424351811
leaf_count=219 138 156 27 3 166 22 51 158 33535 69 480 15 46 74 35 33 67 24 16 7 32 18 157 350 14 6 18 20 57 47
internal_value=-1.66895e-10 -0.071708 0.0661227 0.0410238 0.0114589 0.0420274 0.0217334 0.0307959 -0.0743114 -0.0746675 -0.0464717 0.0697234 0.0595794 0.0448869 0.0622471 0.0641111 0.0526085 0.05867 0.0607496 0.0550742 0.0595646 0.0440274 0.0711659 0.0694805 0.0496815 0.0624344 0.0440416 0.0651912 0.0591303 0.053239
internal_weight=2180.91 1046.27 1134.65 142.353 54.8926 23.4132 49.4597 42.9874 1022.85 1014.85 20.139 992.292 87.4609 33.5167 160.495 150.967 27.3983 97.7987 90.4213 56.3635 50.7138 17.9334 831.797 548.706 23.7021 81.8745 10.6721 71.2024 45.5192 34.5277
internal_count=36060 34481 1579 851 654 178 488 350 34303 34084 549 728 197 192 192 157 118 124 100 73 57 25 536 379 29 151 21 130 110 104
is_linear=0
shrinkage=0.05


Tree=5
num_leaves=31
num_cat=0
split_feature=4 13 11 4 13 4 13 7 0 4 5 0 4 9 13 2 13 1 13 8 9 13 4 6 11 1 13 1 1 0
split_gain=3658.51 106.74 38.5571 27.7197 17.6267 12.4945 7.05071 7.92309 9.38077 5.84452 8.79917 5.90182 5.64335 11.1398 5.6102 5.04783 4.29698 3.90851 3.14761 7.92186 2.3366 4.23779 2.16605 2.29865 1.78242 1.53291 2.30188 1.1296 4.42212 1.05153
threshold=0.77350428700447094 0.03150583058595658 0.013072453904896976 0.82843136787414562 0.011299795936793091 0.71008405089378368 0.010471491608768703 0.76383760571479808 0.6750830113887788 0.81534090638160717 0.73331761360168468 0.59465178847312938 0.74166667461395275 0.71982961893081676 0.010582306887954475 0.73200622200965892 0.012422839645296337 0.71854358911514293 0.027608533389866356 0.84999999403953563 0.75337854027748119 0.026073307730257515 0.87083333730697643 0.81865516304969799 0.013606071937829258 0.72258973121643078 0.026891362853348259 0.76012060046195995 0.76472067832946788 0.70027256011962902
decision_type=2 2 2 2 2 2 2 2 2 2 2 2 2 2 2 2 2 2 2 2 2 2 2 2 2 2 2 2 2 2
left_child=1 12 3 4 -2 -3 -5 16 -9 10 11 -4 14 -14 -1 -6 -8 -7 19 -11 -18 -22 24 -24 -21 -13 -27 -20 -29 -26
right_child=2 5 9 6 15 17 7 8 -10 18 -12 25 13 -15 -16 -17 20 -19 27 22 21 -23 23 -25 29 26 -28 28 -30 -31
leaf_value=-0.029780894131115006 0.044162401526173477 -0.026104456338773688 0.010398157616907107 0.075506094979875427 -0.079628824490919042 0.073713668789576151 0.0103891535690797 0.038380622128355329 -0.047800461072892757 0.020556935568425128 -0.00096467546708903717 0.06578897737372906 0.0048425213879258432 -0.072989292251665797 -0.071857444692023861 -0.021681775389623969 0.070009719722563132 0.021980888004455957 0.070765760540685049 0.035031844608462308 0.01687320221594894 0.071098118000475927 0.068494869000283384 0.03893195680823873 0.062114313712216422 0.021413732724595909 0.060433657945633101 0.020147910804065347 0.067331109920987856 0.041249614532187173
leaf_weight=7.9877420980483285 8.4194033509120363 5.8400808852165964 5.9683083062991491 17.819823928177357 6.4243128462694576 12.301633411087098 5.6129827946424475 8.4248464908450824 5.0504647661000481 10.371814456768332 6.7450314648449412 60.921206722036004 7.2416889714077142 12.589860185980795 963.30803897744045 9.0559205147437734 17.653407091274858 5.1920374352484933 436.5292584747076 7.0684609962627283 7.5101007558405382 6.9260905720293522 230.19831658154726 6.7686887495219699 105.53589195758104 5.2692652363330152 13.369675615802405 5.2085012644529334 106.60101191047579 6.405110888183116
leaf_count=218 59 156 35 11 212 10 63 63 84 29 51 52 69 481 33535 152 30 12 256 31 47 8 166 11 84 20 19 5 79 12
internal_value=6.24055e-10 -0.0684838 0.0631665 0.0323446 -0.0140625 0.0372196 0.0484192 0.0389878 0.00608048 0.0660099 0.0540167 0.0583527 -0.0709723 -0.0445682 -0.0715114 -0.0457299 0.0507492 0.0583596 0.0672198 0.0636314 0.0578088 0.0428888 0.0648864 0.0676504 0.0593828 0.0619501 0.0494026 0.0696172 0.0651331 0.0609205
internal_weight=2114.32 1014.46 1099.86 92.8974 23.8996 23.3338 68.9977 51.1779 13.4753 1006.96 92.2735 85.5285 991.127 19.8315 971.296 15.4802 37.7026 17.4937 914.687 366.348 32.0896 14.4362 355.976 236.967 119.009 79.5601 18.6389 548.339 111.81 111.941
internal_count=36060 34481 1579 729 423 178 306 295 147 850 177 126 34303 550 33753 364 148 22 673 333 85 55 304 177 127 91 39 340 84 96
is_linear=0
shrinkage=0.05


Tree=6
num_leaves=31
num_cat=0
split_feature=4 13 11 4 8 4 1 6 4 9 13 4 5 1 9 1 13 8 1 0 11 0 13 4 13 1 9 6 0 1
split_gain=3265.61 96.5153 34.3955 26.6482 12.0766 11.9066 5.64938 7.26275 5.16853 9.76304 4.7264 4.15538 4.66193 3.65384 3.23089 3.16911 2.87397 2.66927 2.55647 4.10286 2.38502 2.33669 2.00498 2.531 1.50054 4.62657 1.49846 3.44928 1.96723 1.29087
threshold=0.77350428700447094 0.03150583058595658 0.013423423748463394 0.86190477013587963 1.2500000000000002 0.71008405089378368 0.69872257113456737 0.75346016883850109 0.74166667461395275 0.71982961893081676 0.010582306887954475 0.81534090638160717 0.73331761360168468 0.73494738340377819 0.81716924905776989 0.71854358911514293 0.021678488701581958 0.84999999403953563 0.82528418302536022 0.78687095642089855 0.012121656909585001 0.59582310914993297 0.027608533389866356 0.89444443583488475 0.013793759513646366 0.7250334918498994 0.78669700026512157 0.79127290844917308 0.54079565405845653 0.72258973121643078
decision_type=2 2 2 2 2 2 2 2 2 2 2 2 2 2 2 2 2 2 2 2 2 2 2 2 2 2 2 2 2 2
left_child=1 8 3 4 6 -3 -2 13 10 -10 -1 12 21 -8 17 -7 -9 -5 22 -20 -15 -4 23 24 25 -13 28 -28 -26 -23
right_child=2 5 11 14 -6 15 7 16 9 -11 -12 18 -14 20 -16 -17 -18 -19 19 -21 -22 29 -24 -25 26 -27 27 -29 -30 -31
leaf_value=-0.030512651469375818 -0.028480271272480109 -0.02555800989362729 0.02889655847418552 0.031715020530070193 -0.04955618783760108 0.071136999837632206 0.0069984778499805602 -0.022519664690602455 0.0031358996738158149 -0.070056484260902149 -0.069068288636444472 0.0061664477246641215 0.010394857110446814 0.027797845973015867 0.017797940174442733 0.02375612861691449 0.025281342614692989 0.060581908004265307 0.01016719944320036 0.064877299317865608 0.064147393981926801 0.062987915964799565 0.067280188343885661 0.066085078465497132 0.034481292451509146 0.064178669428940169 0.012006609895314355 0.060861895125229264 0.062792568804395904 0.047620330820795198
leaf_weight=8.017026321962474 5.5294387466274193 5.8609375357627895 6.9589454662054768 9.0721414089202863 7.5430244742892674 11.930034807883205 6.0592311546206501 8.3052682820707542 7.273464345373216 12.195132481865583 932.26288377447054 5.5745049044489852 5.8579417616128913 6.9584027258679297 5.5788886714726678 5.0117449834942809 5.0604160316288462 68.282265170477331 5.5069995746016493 9.0720952898263914 12.839174629189072 55.548514269292355 510.52100564911962 183.80135037377477 6.534048654139041 8.9624649025499803 5.3767036497592953 11.01261220127344 100.69121397659183 18.123467275872827
leaf_count=218 131 156 26 22 201 10 71 128 69 481 33535 12 36 49 46 12 47 129 14 7 27 43 312 125 12 9 20 9 74 29
internal_value=1.12141e-09 -0.0657961 0.0604882 0.0369208 0.00896936 0.03587 0.018834 0.0255041 -0.0682116 -0.0427118 -0.0687396 0.0639021 0.0534625 0.0409731 0.0545461 0.0571207 -0.0044216 0.0571964 0.064968 0.0442115 0.0513713 0.0565914 0.0653316 0.0622416 0.0571281 0.0419327 0.0589151 0.0448344 0.0610673 0.0592075
internal_weight=2051.32 982.551 1068.77 135.228 52.295 22.8027 44.7519 39.2225 959.749 19.4686 940.28 933.542 86.4889 25.8568 82.9333 16.9418 13.3657 77.3544 847.053 14.5791 19.7976 80.6309 832.474 321.953 138.152 14.537 123.615 16.3893 107.225 73.672
internal_count=36060 34481 1579 851 654 178 453 322 34303 550 33753 728 134 147 197 22 175 151 594 21 76 98 573 261 136 21 115 29 86 72
is_linear=0
shrinkage=0.05


Tree=7
num_leaves=31
num_cat=0
split_feature=4 13 11 13 4 2 4 13 13 6 13 4 5 4 8 13 0 1 1 0 13 4 2 9 9 1 11 9 6 1
split_gain=2935.26 87.1213 32.2298 17.3953 11.5122 12.2465 10.8681 8.39454 7.02821 6.06289 10.3226 6.03491 6.55826 4.76986 8.6927 4.25834 3.77946 3.31662 3.07762 4.55862 2.39695 3.10808 2.84383 4.00293 2.33494 1.8023 2.46864 1.67086 3.23716 1.65721
threshold=0.77350428700447094 0.03150583058595658 0.012903762981295587 0.010695492848753931 0.82843136787414562 0.73073884844779979 0.71008405089378368 0.012270400300621988 0.012270400300621988 0.74385279417037975 0.026073307730257515 0.81534090638160717 0.73331761360168468 0.74166667461395275 1.1500000357627871 0.010582306887954475 0.59465178847312938 0.71854358911514293 0.82528418302536022 0.78687095642089855 0.027608533389866356 0.87083333730697643 0.62619060277938854 0.69782245159149181 0.77748057246208202 0.72258973121643078 0.014185110572725536 0.70862773060798656 0.73616525530815136 0.78606656193733226
decision_type=2 2 2 2 2 2 2 2 2 2 2 2 2 2 2 2 2 2 2 2 2 2 2 2 2 2 2 2 2 2
left_child=1 13 3 -2 5 -5 -3 -6 -7 27 -11 12 16 15 -15 -1 -4 -8 20 -20 21 22 23 -13 -24 -18 -27 -9 -29 -26
right_child=2 6 11 4 7 8 17 9 -10 10 -12 18 -14 14 -16 -17 25 -19 19 -21 -22 -23 24 -25 29 26 -28 28 -30 -31
leaf_value=-0.030121978198021634 0.067469028869687045 -0.024864073098777723 0.012255175951258201 -0.07467028491513629 -0.021500645544814224 0.04100396664503636 0.069116855289011153 0.078378750416015455 -0.030539043045769265 -0.026728518088387155 0.057614900591451051 0.055316443161704358 -0.00011135915198449601 -0.00089159073944190175 -0.069537452672887329 -0.066736286478811996 0.05933373897820176 0.020537211112256468 0.0045640308731126301 0.061738063050652964 0.064563686848555055 0.062531526272487592 0.058339644537176688 -0.00057420762056684821 0.013982346560547974 0.056290886141831857 0.018835724398566171 0.023408819003525604 0.07243775248784283 0.049163200591257547
leaf_weight=8.0117675112560374 20.922901302576065 5.8508685603737858 5.5477586844936004 6.2131427554413703 6.6741473507136098 7.8512064581736905 11.576328943483533 6.5253506526351002 6.0998900118283927 7.3050806059036386 7.2062852308154106 7.1937794871628267 6.4927192758768788 7.8725340468809035 11.134188527241347 899.80899557610974 57.81575827114284 5.0443352423608294 5.750874711200594 8.8540199398994428 506.65010805055499 229.85277766361833 88.337591391056776 5.7757120076566935 5.1578030772507182 11.025803348049523 7.3197098337113848 6.8367253500036878 6.6330110896378756 9.5365509055554849
leaf_count=218 20 156 36 221 102 62 10 6 125 103 15 9 54 124 426 33535 53 12 21 7 328 186 82 18 24 28 14 40 10 15
internal_value=9.65855e-10 -0.0635356 0.0581298 0.0281005 0.014673 -0.0162809 0.0337422 0.0298297 0.00972295 0.0397579 0.0151561 0.0607158 0.0482555 -0.0658941 -0.0411045 -0.0664132 0.0520987 0.054373 0.0619833 0.039225 0.0623732 0.0591643 0.0524922 0.0304266 0.0552697 0.055001 0.0413466 0.0576126 0.0475525 0.0368145
internal_weight=1986.88 949.299 1037.58 82.2677 61.3448 20.1642 22.4715 41.1806 13.9511 34.5065 14.5114 955.311 88.2017 926.827 19.0067 907.821 81.709 16.6207 867.109 14.6049 852.504 345.854 116.001 12.9695 103.032 76.1613 18.3455 19.9951 13.4697 14.6944
internal_count=36060 34481 1579 704 684 408 178 276 187 174 118 875 185 34303 550 33753 131 22 690 28 662 334 148 27 121 95 42 56 50 39
is_linear=0
shrinkage=0.05


Tree=8
num_leaves=31
num_cat=0
split_feature=4 13 11 4 4 8 7 1 4 9 13 9 4 5 9 12 8 12 9 0 9 0 8 11 13 9 0 1 4 13
split_gain=2661.36 80.6695 29.5617 21.8171 10.4752 10.2702 5.3032 6.58869 4.59903 8.33592 3.92059 3.6497 3.15522 3.58138 2.52323 2.2105 6.56286 8.31927 4.11606 2.10055 2.05942 1.69839 1.52844 1.45289 2.51337 4.77915 1.34773 1.33785 1.21843 1.10052
threshold=0.77350428700447094 0.03150583058595658 0.013423423748463394 0.86190477013587963 0.71008405089378368 1.2500000000000002 0.76330918073654186 0.69872257113456737 0.74166667461395275 0.71982961893081676 0.010582306887954475 0.81716924905776989 0.81534090638160717 0.73331761360168468 0.75538477301597606 0.015749008394777778 0.94999998807907116 0.015268065501004459 0.78744357824325573 0.59582310914993297 0.78145071864128124 0.5645771622657777 0.84999999403953563 0.013072453904896976 0.011050061322748663 0.78325033187866222 0.61597102880477916 0.7043798863887788 0.82843136787414562 0.028953939676284794
decision_type=2 2 2 2 2 2 2 2 2 2 2 2 2 2 2 2 2 2 2 2 2 2 2 2 2 2 2 2 2 2
left_child=1 8 3 5 -3 6 7 -2 10 -10 -1 22 13 19 21 16 17 18 26 -4 -6 -9 -5 24 -24 27 -14 -26 -23 -18
right_child=2 4 12 11 20 -7 -8 14 9 -11 -12 -13 15 -15 -16 -17 29 -19 -20 -21 -22 28 23 -25 25 -27 -28 -29 -30 -31
leaf_value=-0.02943478451257896 -0.025628573899389065 -0.024363612997677499 0.026187209834942455 0.033091278126692852 0.068367293715039981 -0.047054926190986585 -0.018005136418533595 0.063964180245136532 0.0031389426236526352 -0.065836900872704399 -0.064763682884198759 0.011153940592618471 0.038335214191593192 0.01155288881139528 0.015253998844256276 0.063407779927576055 0.058660358418207915 -0.014077364651557546 0.0094765487480753044 0.055600543629437373 0.031977080073574388 0.015515677685325935 0.066271527092142304 0.063556085904984058 0.065867508493166513 -0.0028434124146650523 0.065883349729961571 0.036737597308505322 0.048935966329177509 0.06543870647908992
leaf_weight=7.9246176043525329 5.2065189089626065 5.8513565585017231 6.6516872812062493 8.3676351532340032 9.6538416659459489 7.2406997848302117 8.491859761066733 7.8831089250743451 7.1282451371662345 11.362321761436759 868.10826062667184 5.5501089915633193 6.1035918667912545 5.5872959326952687 10.063602037727831 360.01939623057842 325.53912126645446 6.4485865309834471 5.3279560133814803 69.40246650390327 6.5094667114317408 5.0557755567133409 12.599042650312184 31.280804220587015 8.2096936851739901 5.3380583543330422 16.286668077111244 7.5815884992480269 5.9213618361391127 73.379073940217495
leaf_count=218 126 156 26 22 9 201 147 19 69 481 33535 46 10 36 105 233 266 6 20 72 13 39 11 31 10 41 11 36 17 48
internal_value=1.15249e-09 -0.0615962 0.0562563 0.0338914 0.0329599 0.00800023 0.017353 0.0261504 -0.0639232 -0.0392462 -0.0644441 0.0502483 0.0595492 0.0501896 0.035471 0.0605126 0.0581059 0.0370744 0.0489748 0.0530281 0.0537118 0.0462586 0.0532054 0.0557944 0.0485959 0.0380562 0.0583737 0.0518819 0.0335435 0.0599072
internal_weight=1920.07 916.538 1003.54 128.79 22.0147 49.8629 42.6222 34.1304 894.523 18.4906 876.033 78.9269 874.746 81.6414 28.9238 793.104 433.085 34.1668 27.7182 76.0542 16.1633 18.8602 73.3768 65.0092 33.7284 21.1293 22.3903 15.7913 10.9771 398.918
internal_count=36060 34481 1579 851 178 654 453 306 34303 550 33753 197 728 134 180 594 361 47 41 98 22 75 151 129 98 87 21 46 56 314
is_linear=0
shrinkage=0.05


Tree=9
num_leaves=31
num_cat=0
split_feature=4 13 11 4 7 4 1 9 9 4 9 13 9 9 5 13 4 9 9 1 0 9 8 9 6 4 7 6 0 11
split_gain=2426.54 71.2602 27.9371 20.382 9.43529 9.01652 8.04478 13.5164 6.89443 4.34994 7.39676 3.95468 6.72386 3.85123 5.75119 3.67075 3.47907 3.32218 3.19181 8.03798 3.10397 1.83527 1.70825 1.64051 4.50241 1.5556 1.7891 2.34288 2.45913 1.21844
threshold=0.77350428700447094 0.03150583058595658 0.013423423748463394 0.86190477013587963 0.76330918073654186 0.71008405089378368 0.73494738340377819 0.70177674293518078 0.81105896830558788 0.74166667461395275 0.71982961893081676 0.028953939676284794 0.82967448234558117 0.75538477301597606 0.74213987588882457 0.010582306887954475 0.89444443583488475 0.81716924905776989 0.73318669199943554 0.7043798863887788 0.54079565405845653 0.78145071864128124 0.84999999403953563 0.78669700026512157 0.79127290844917308 0.83974358439445507 0.77311825752258312 0.7231893539428712 0.69056180119514476 0.013072453904896976
decision_type=2 2 2 2 2 2 2 2 2 2 2 2 2 2 2 2 2 2 2 2 2 2 2 2 2 2 2 2 2 2
left_child=1 9 3 4 6 -3 7 -2 -6 15 -11 12 16 -8 -15 -1 18 22 20 -20 -4 -7 -5 25 -25 26 27 -21 -29 -24
right_child=2 5 11 17 8 21 13 -9 -10 10 -12 -13 -14 14 -16 -17 -18 -19 19 23 -22 -23 29 24 -26 -27 -28 28 -30 -31
leaf_value=-0.028761670094691716 0.033369505044008034 -0.023690301741363353 0.023296502137746825 0.030236151213597025 -0.07216729118737579 0.063241034210723038 0.0529650820297069 -0.074271223387477311 0.0068269389831653775 0.0013347252112293961 -0.064057627021491509 0.061061100447480324 0.00044429674712845714 -0.017836770921567692 0.051533910529942162 -0.063070163297970508 0.059787627014242506 0.011197406482431876 -0.0037850706666685075 0.055468437859765844 0.059030981885536161 0.028666316154977334 0.04770010957566688 0.0051333724034824408 0.052254522824665708 0.061298927061531165 0.059433899542172534 -0.003274015872253064 0.043696635189968913 0.061615910896824957
leaf_weight=7.8698713639751068 6.4980223299935442 5.8204817296937117 6.5263392888009539 8.280021768063305 5.6109126461669785 9.3614847296848875 13.772760683670642 5.2911574551835656 5.440331123303622 7.2028748998418477 10.821147525683044 462.30295659974217 5.7344505973160258 6.4627237524837238 5.5566262602806091 834.66295453347266 188.39825097471476 5.4827237464487544 8.1920407265424711 8.413251496851446 88.243114590644836 6.5053125843405732 32.706001998856664 7.5496640205383327 15.430413093417881 27.282959721982479 13.085440434515474 5.5014609917998296 5.6466760784387589 30.305356110446155
leaf_count=218 64 156 16 22 172 9 40 161 82 69 481 332 21 120 15 33535 140 46 22 8 70 13 98 32 22 21 11 25 8 31
internal_value=-1.19635e-09 -0.0599739 0.0546769 0.0326597 0.0073331 0.0295392 0.0192758 -0.0149412 -0.0332798 -0.0622298 -0.0379251 0.057955 0.0541761 0.0349159 0.0142338 -0.0627497 0.0549994 0.0487029 0.050146 0.0434633 0.0565701 0.0490656 0.0515873 0.0481318 0.0367738 0.052487 0.0451228 0.0355496 0.0205172 0.0543929
internal_weight=1849.96 882.244 967.714 125.407 48.6325 21.6873 37.5813 11.7892 11.0512 860.557 18.024 842.307 380.004 25.7921 12.0194 842.533 374.27 76.7741 185.871 91.1019 94.7695 15.8668 71.2914 82.9099 22.9801 59.9298 32.6468 19.5614 11.1481 63.0114
internal_count=36060 34481 1579 851 654 178 400 225 254 34303 550 728 396 175 135 33753 375 197 235 149 86 22 151 127 54 73 52 41 33 129
is_linear=0
shrinkage=0.05


Tree=10
num_leaves=31
num_cat=0
split_feature=4 13 11 13 13 11 0 4 8 4 11 6 1 4 5 13 1 11 13 4 11 9 0 9 0 9 2 2 7 11
split_gain=2217.21 65.3539 26.3636 17.4719 7.90518 9.28468 7.52146 7.45399 9.5644 6.67209 15.57 5.57994 5.16027 4.53778 3.7955 3.4777 3.33937 5.16586 2.71115 2.01822 2.45129 3.2347 1.84325 1.11101 1.4241 1.10572 8.00343 1.05974 1.01924 0.857578
threshold=0.77350428700447094 0.03201024420559407 0.012739370577037336 0.010695492848753931 0.025633012875914577 0.010811126790940763 0.6545848846435548 0.74166667461395275 1.1500000357627871 0.81534090638160717 0.013606071937829258 0.70867854356765758 0.74689707159996044 0.80625000596046459 0.73331761360168468 0.010582306887954475 0.82528418302536022 0.015268065501004459 0.027608533389866356 0.87083333730697643 0.013606071937829258 0.74026599526405346 0.59582310914993297 0.79634779691696178 0.54662063717842113 0.79109555482864391 0.73427137732505809 0.73200622200965892 0.80115628242492687 0.013793759513646366
decision_type=2 2 2 2 2 2 2 2 2 2 2 2 2 2 2 2 2 2 2 2 2 2 2 2 2 2 2 2 2 2
left_child=1 7 3 -2 5 -5 13 15 -9 10 -4 -3 -8 -7 22 -1 18 -18 19 20 21 -11 -12 24 -22 28 -27 -24 -21 -28
right_child=2 11 9 4 -6 6 12 8 -10 16 14 -13 -14 -15 -16 -17 17 -19 -20 25 23 -23 27 -25 -26 26 29 -29 -30 -31
leaf_value=-0.02802912564217034 0.062984859511795679 0.058142236030528177 -0.038047720788284861 -0.050130976816491292 0.047883885971234455 0.011411852254008502 0.057776256054907153 0.0057897593530242715 -0.064142485335584004 0.049512958809530085 0.025076746510332534 -0.00086570522932634798 -0.0011491030344742282 -0.04623987286230221 0.0076623315760779801 -0.061617430589186395 0.0049079054531548927 0.066252196887743212 0.059909100778594918 0.059332091248622515 0.031543512039163966 -0.0024797263837772129 0.055597248534386516 0.029791122249020963 0.054299633516924899 -0.0057307515722057343 0.044348717526020806 0.033416812072548437 0.041890042843394065 0.06295648223290376
leaf_weight=7.7812368087470523 19.087795728817582 11.257424825802447 5.6605279995128504 8.444442608393727 9.1354901054874045 6.7955707889050263 9.0112239606678468 9.5359290875494498 10.033762243110685 6.974403275176881 6.2381335925310841 6.219918204471468 6.322075977921485 6.8574143443256617 5.4362424910068503 802.18244135892019 7.5896132979541999 6.2646916210651398 451.14043438062072 163.7496395111084 7.5065220296382895 5.2383745219558477 58.23778447508812 5.7938309982419005 81.743225548416376 5.6830927995033553 8.1851046457886678 5.9338743295520535 8.8271812498569471 25.427394270896912
leaf_count=218 20 27 87 216 46 103 35 128 429 19 23 64 90 140 32 33615 25 7 329 134 13 44 52 14 74 25 13 14 7 17
internal_value=-1.36828e-09 -0.0585421 0.0532445 0.0226976 0.00618364 -0.00399388 0.00944702 -0.060558 -0.0300659 0.0555613 0.0419459 0.0371422 0.0334807 -0.0175446 0.047916 -0.0612948 0.0569766 0.0326468 0.0574142 0.0538873 0.0482987 0.027212 0.0510239 0.0510083 0.0523857 0.0567163 0.0491467 0.0535463 0.0584399 0.0584252
internal_weight=1778.29 847.011 931.284 65.654 46.5662 37.4307 28.9863 829.533 19.5697 865.63 81.5066 17.4773 15.3333 13.653 75.846 809.964 784.124 13.8543 770.269 319.129 107.256 12.2128 70.4098 95.0436 89.2497 211.872 39.2956 64.1717 172.577 33.6125
internal_count=36060 34481 1579 650 630 584 368 34390 557 929 208 91 125 243 121 33833 721 32 689 360 164 63 89 101 87 196 55 66 141 30
is_linear=0
shrinkage=0.05


Tree=11
num_leaves=31
num_cat=0
split_feature=4 13 11 4 4 0 5 9 4 4 9 5 13 11 4 6 1 12 7 11 0 4 8 9 0 13 9 1 11 11
split_gain=2027.87 59.9991 24.7202 16.772 8.10059 6.37182 8.24782 4.86504 4.25665 3.91321 6.46558 3.74044 3.34642 3.31402 3.2745 3.37082 3.06678 2.10853 1.95092 5.96402 1.87794 1.82873 1.76965 1.76089 1.43525 1.35733 1.20774 1.84076 1.58203 1.14638
threshold=0.77350428700447094 0.03150583058595658 0.013423423748463394 0.82843136787414562 0.71008405089378368 0.60641366243362438 0.74213987588882457 0.81631001830101024 0.81534090638160717 0.74166667461395275 0.71982961893081676 0.73331761360168468 0.010582306887954475 0.013245614245533945 0.87083333730697643 0.73908314108848583 0.73494738340377819 0.013793759513646366 0.78815835714340221 0.013793759513646366 0.59582310914993297 0.90454545617103588 0.84999999403953563 0.78145071864128124 0.70125117897987377 0.02651323284953833 0.77834284305572521 0.63942945003509533 0.014389234129339458 0.013072453904896976
decision_type=2 2 2 2 2 2 2 2 2 2 2 2 2 2 2 2 2 2 2 2 2 2 2 2 2 2 2 2 2 2
left_child=1 9 3 5 -3 13 -7 14 11 12 -11 20 -1 -2 15 16 -5 18 21 -20 -4 24 -16 -6 26 -21 27 28 -10 -24
right_child=2 4 8 7 23 6 -8 -9 17 10 -12 -13 -14 -15 22 -17 -18 -19 19 25 -22 -23 29 -25 -26 -27 -28 -29 -30 -31
leaf_value=-0.027262437783615312 0.00097563451828363396 -0.023800231615010423 0.020869432986287278 0.010261379008510194 0.060829092909979211 -0.07011889644915642 0.0062617670951347851 -0.0018863630936765447 0.017020336684717294 0.0006178434275937862 -0.061438686668597024 0.0043270312503486882 -0.06034302027387755 0.052666210041156271 0.027642627949408929 0.0011576175038309424 0.058378845320827134 0.058631187707950221 0.006392509536419959 0.056631462414265789 0.04956898242640629 0.059245467239591926 0.045693605612380034 0.02610349426320855 0.0259444988655846 0.029649845610844786 0.035976272642439674 0.055708751257931621 0.053239900307391799 0.060108971796642242
leaf_weight=7.7221237560734144 7.6872829026542622 5.7239091303199539 6.268666746094822 5.0547005087137249 8.6316092894412559 6.1969610550440839 8.2259777016006392 6.1919595412909976 6.0841149017214757 7.1125355903059271 10.240631716325877 5.5572045855224124 764.90174865606241 5.1971477400511503 7.8505051583051673 7.8351172534748903 9.601794730871914 414.39764710143209 8.7346143797039968 30.268822036683559 62.830200832337141 118.96683758124709 27.157596718519926 6.3263420574367055 5.6515176966786376 5.5095062367618075 11.015290854498742 94.693898126482964 5.9763198792934418 28.022912709973752
leaf_count=218 131 156 26 57 9 209 121 63 11 69 481 36 33535 17 22 103 15 312 13 29 72 91 84 13 11 11 27 84 5 29
internal_value=7.30925e-10 -0.057284 0.0518872 0.0306697 0.0267849 -0.00372796 -0.026556 0.0409113 0.0551417 -0.059485 -0.0360036 0.0437915 -0.0600124 0.0218259 0.0440099 0.0276316 0.0417842 0.05635 0.053055 0.0434337 0.0469654 0.0548219 0.0498543 0.0461422 0.050558 0.0524766 0.0517392 0.0533656 0.0349683 0.0530143
internal_weight=1705.64 810.659 894.977 119.022 20.6819 27.3074 14.4229 91.7146 775.955 789.977 17.3532 74.6561 772.624 12.8844 85.5226 22.4916 14.6565 701.299 286.901 44.5129 69.0989 242.388 63.031 14.958 123.421 35.7783 117.77 106.754 12.0604 55.1805
internal_count=36060 34481 1579 851 178 478 330 373 728 34303 550 134 33753 148 310 175 72 594 282 53 98 229 135 22 138 40 127 100 16 113
is_linear=0
shrinkage=0.05


Tree=12
num_leaves=31
num_cat=0
split_feature=4 13 11 13 0 4 4 11 4 13 2 6 2 13 0 13 9 1 9 7 2 13 13 7 1 4 11 9 0 1
split_gain=1857.96 55.308 24.1324 15.8011 7.36477 8.18049 6.76941 11.1192 6.59772 8.35085 6.40305 5.0971 4.2483 3.26679 3.16571 2.73086 4.54385 3.12008 2.58329 4.95974 2.1968 1.61216 1.85076 4.5087 1.88034 1.78724 1.44758 1.05868 1.93894 4.24521
threshold=0.77350428700447094 0.03201024420559407 0.012739370577037336 0.010695492848753931 0.6545848846435548 0.81534090638160717 0.81534090638160717 0.013606071937829258 0.74166667461395275 0.026142716407775882 0.72774854302406322 0.70867854356765758 0.73073884844779979 0.010582306887954475 0.59465178847312938 0.013606071937829258 0.75538477301597606 0.69150424003601085 0.77055004239082348 0.71810719370841991 0.69654604792594921 0.030860555358231071 0.030787452124059204 0.72440749406814586 0.82930314540863048 0.90454545617103588 0.012270400300621988 0.77834284305572521 0.75135979056358349 0.78095850348472606
decision_type=2 2 2 2 2 2 2 2 2 2 2 2 2 2 2 2 2 2 2 2 2 2 2 2 2 2 2 2 2 2
left_child=1 8 3 -2 12 -6 7 -4 13 20 26 -3 -5 -1 -9 16 17 -8 -16 -20 -10 22 24 -24 25 27 -7 -17 29 -29
right_child=2 11 6 4 5 10 15 14 9 -11 -12 -13 -14 -15 18 21 -18 -19 19 -21 -22 -23 23 -25 -26 -27 -28 28 -30 -31
leaf_value=-0.026365972364826115 0.060691732999349483 0.055172631590983415 -0.032247519311039231 -0.04810704564905046 -0.030811122521436297 0.041657748059808132 0.022674826389300171 0.006285959138555364 -0.073474950211132983 0.025025178421912056 0.0021296225113014823 -0.0021032302405436672 0.0054272349416878366 -0.059253797952047965 0.052533017057095371 0.053250590766493681 0.012385593748142154 0.066706452049506842 0.054990742919380546 -0.00074457829624854476 -0.032600986015507691 0.059194941052482852 0.0034983826590525751 0.060490863345907198 0.026650228576378134 0.057654923086630408 0.074667395866407971 0.011366884711338787 0.055509901348304219 0.051986028903389506
leaf_weight=7.6296033244580022 17.843762811273336 10.481661193072798 5.1293800799176088 8.0996281453408283 6.412838811986151 8.3851186619140226 5.6976833920925918 5.1676183138042679 5.6141431340947765 5.1946329716593018 9.9169850777834636 6.1713938573375335 6.8315774030052117 730.74367003096268 49.96297506429255 198.49685738608241 10.084439738653598 13.690024523064492 8.7251136712729949 7.3572970665991297 7.9313806295394897 181.43211522698402 6.109514892101287 8.0329188108444196 6.1103225946426383 238.48311039432883 5.4995596716180435 10.624142011627557 23.975013203918934 16.303595319390297
leaf_count=218 20 27 87 201 161 44 19 29 169 81 126 64 89 33615 52 188 57 15 12 28 307 138 6 6 21 196 9 33 21 21
internal_value=4.08218e-10 -0.0561878 0.0506497 0.0208586 0.00511462 0.0193111 0.053009 0.0388526 -0.0581704 -0.0288724 0.0328155 0.033947 -0.0236131 -0.058914 0.0439739 0.054512 0.0396072 0.0537664 0.0469227 0.0294932 -0.0495418 0.055149 0.0537044 0.0358702 0.054215 0.0545602 0.0547325 0.0516009 0.045168 0.03596
internal_weight=1632.14 773.766 858.372 62.9895 45.1457 30.2145 795.382 76.3424 757.113 18.7402 23.8017 16.6531 14.9312 738.373 71.213 719.04 29.4721 19.3877 66.0454 16.0824 13.5455 689.568 508.135 14.1424 493.993 487.883 13.8847 249.4 50.9028 26.9277
internal_count=36060 34481 1579 650 630 340 929 208 34390 557 179 91 290 33833 121 721 91 34 92 40 476 630 492 12 480 459 53 263 75 54
is_linear=0
shrinkage=0.05


Tree=13
num_leaves=31
num_cat=0
split_feature=4 11 13 4 4 8 13 13 0 2 11 13 13 4 2 2 9 12 11 9 9 1 0 6 11 13 9 1 13 9
split_gain=1708.81 37.1885 21.2312 19.4136 11.9007 27.6335 8.86571 7.3139 9.37471 6.41731 5.1637 3.37799 3.15776 3.07797 2.83582 2.82983 2.36538 2.22114 4.71212 6.70773 2.04397 3.13514 2.16685 1.94369 1.78161 1.12068 2.19097 0.761401 1.18245 0.673267
threshold=0.74166667461395275 0.012739370577037336 0.032138252630829818 0.82843136787414562 0.81534090638160717 1.1500000357627871 0.011299795936793091 0.011050061322748663 0.6545848846435548 0.72774854302406322 0.013606071937829258 0.027608533389866356 0.010582306887954475 0.87083333730697643 0.73200622200965892 0.73200622200965892 0.81577312946319591 0.016261236742138866 0.013986697886139156 0.73866027593612682 0.77834284305572521 0.78095850348472606 0.54662063717842113 0.6783871352672578 0.012270400300621988 0.025042865425348285 0.73149269819259655 0.80340343713760387 0.031408416107296951 0.79109555482864391
decision_type=2 2 2 2 2 2 2 2 2 2 2 2 2 2 2 2 2 2 2 2 2 2 2 2 2 2 2 2 2 2
left_child=2 3 12 6 5 10 -2 -5 -9 24 -3 13 -1 20 -8 17 29 18 -12 23 22 -22 -6 -20 -10 -24 -27 -13 -29 -15
right_child=1 4 -4 7 11 -7 14 8 9 -11 15 27 -14 16 -16 -17 -18 -19 19 -21 21 -23 25 -25 -26 26 -28 28 -30 -31
leaf_value=-0.025744239870985716 0.021805413777762041 -0.0017498581493661889 0.020489308680785964 0.058927978133482911 0.019528397875023723 -0.070575707885166358 -0.063665060005418245 -0.039636435898784739 0.037335668837437025 -0.003688994724356705 0.05546612639577897 0.056825811883767334 -0.058311040084882554 0.055432450856215933 -0.023158681670603622 0.013282932486656379 0.021510639772459376 0.058945694283682737 0.060530356190966417 -0.021859678065339574 -0.0058748564955363354 0.041199714670315114 0.051319529193100448 0.02296889811374711 0.074806283822254835 0.048650339695258907 0.010931864911636537 0.03299219649759124 0.063183594897713233 0.047417657285812806
leaf_weight=7.523716138675808 7.9089550133794573 6.3971710307523599 8.7307153604924661 16.776418993249536 7.4091528858989468 5.887653609737753 8.1020269049331564 5.7693738276138928 7.0699593080207723 7.6609249371103934 24.613040199503303 385.926917841658 696.90037703467533 150.99754957295954 9.2585457456298155 6.4653059076517811 5.7641663886606684 27.619274780154228 6.8993711918592471 5.9197956454008809 5.2503916043788221 10.837704371660946 56.86020228639245 6.8772433027625084 5.7541494639590383 12.486544061452152 5.5663748532533637 8.2943798005580884 5.3252016305923453 31.704071985557675
leaf_count=218 104 78 65 24 28 212 345 105 31 99 32 321 33632 141 273 33 19 22 6 40 25 24 67 12 8 13 10 20 4 49
internal_value=1.09808e-09 0.0480858 -0.0570028 0.0127129 0.0511947 0.0341708 -0.022073 0.0331407 0.0166627 0.0325187 0.041444 0.0534436 -0.0579632 0.0493042 -0.0420627 0.0449688 0.0530467 0.0478169 0.04088 0.0226528 0.042137 0.0258368 0.0453225 0.0417798 0.0541487 0.0478736 0.0370204 0.0564158 0.0447969 0.0540416
internal_weight=1558.56 845.402 713.155 68.3004 777.102 90.6789 25.2695 43.0308 26.2544 20.485 84.7912 686.423 704.424 286.876 17.3606 78.394 188.466 71.9287 44.3095 19.6964 98.4104 16.0881 82.3223 13.7766 12.8241 74.9131 18.0529 399.546 13.6196 182.702
internal_count=36060 2145 33915 989 1156 435 722 267 243 138 223 721 33850 376 618 145 209 112 90 58 167 49 118 18 39 90 23 345 24 190
is_linear=0
shrinkage=0.05


Tree=14
num_leaves=31
num_cat=0
split_feature=4 11 13 13 4 4 8 0 2 6 11 13 8 13 1 0 11 9 4 9 11 11 12 11 0 1 13 7 12 8
split_gain=1572.13 36.7232 19.5529 18.0435 13.9301 9.39803 23.5554 6.78165 4.93708 6.85606 4.89402 3.31951 4.51964 3.06175 2.80662 2.25728 1.66005 1.58095 1.47225 1.80143 1.78739 1.00198 0.852268 1.50964 1.68482 0.721963 1.14013 0.650662 0.610264 0.590882
threshold=0.74166667461395275 0.012739370577037336 0.032138252630829818 0.010695492848753931 0.79285714030265819 0.81534090638160717 1.1500000357627871 0.6545848846435548 0.72774854302406322 0.80340343713760387 0.013606071937829258 0.027039373293519024 0.84999999403953563 0.010582306887954475 0.77018699049949657 0.59465178847312938 0.012270400300621988 0.75317978858947765 0.87083333730697643 0.81865516304969799 0.013606071937829258 0.011428944766521456 0.016261236742138866 0.013986697886139156 0.62905105948448192 0.80340343713760387 0.031408416107296951 0.74219903349876415 0.012903762981295587 1.0500000119209292
decision_type=2 2 2 2 2 2 2 2 2 2 2 2 2 2 2 2 2 2 2 2 2 2 2 2 2 2 2 2 2 2
left_child=2 3 13 27 21 6 10 17 16 -10 -3 12 -7 -1 15 -12 -9 -6 20 28 -14 -5 23 -17 -25 -13 -27 -2 29 -20
right_child=1 5 -4 4 7 11 -8 8 9 -11 14 25 18 -15 -16 22 -18 -19 19 -21 -22 -23 -24 24 -26 26 -28 -29 -30 -31
leaf_value=-0.025137083709954784 0.045196142805337389 -0.00079588205993700147 0.01839388218680273 -0.062358035487016086 -0.0017676662572853889 0.0064061742270480199 -0.067379345677861621 0.031011745098735961 -0.041862642192337353 0.032931904766771804 0.020119177726182436 0.055620876762964393 0.024445737174856957 -0.057464876819976266 0.013609607288497534 0.055357511353804595 0.065702073198417463 -0.039906999106014897 0.047870378021387786 0.023591501968636235 0.046407968038829531 -0.03311894950448923 0.057595813783173383 0.053017625660328409 0.019607774949812778 0.032021754743208751 0.06226752033548786 0.065238992018417583 0.037272180607749068 0.055219553103921126
leaf_weight=7.406132652424275 7.0191015973687199 6.2984405234456053 8.6866164430975896 7.0542723126709443 5.1702414471656066 6.3919346872717133 5.29071718500927 8.5309890094213205 5.2042748816311342 7.4498233441263437 6.5172771597281089 388.4078105147928 10.569986777380107 661.62085752049461 6.4593199631199232 18.54181838221848 5.7886361526325336 5.7267169605474919 36.08312800899148 5.4616441689431658 74.989163868129253 5.0116575406864285 27.560296274721622 6.6847216989845029 8.664673322811721 8.0658543705940229 5.0769716501235953 9.5702991411089879 6.0735965967178336 113.00987209007144
leaf_count=218 14 78 65 321 95 31 212 63 115 47 27 343 55 33632 41 20 13 123 47 14 89 189 24 8 25 20 4 9 7 111
internal_value=3.61209e-10 0.0471645 -0.0561393 0.0115805 -0.00342811 0.0503629 0.0348258 0.0114781 0.0249264 0.00217101 0.0415242 0.052406 0.047915 -0.057107 0.0451056 0.0480987 0.0450351 -0.0218112 0.0489927 0.0518146 0.0436948 -0.0502134 0.0510661 0.0457562 0.0341579 0.0552309 0.0437055 0.0567587 0.052808 0.0534409
internal_weight=1484.39 806.673 677.714 66.526 49.9366 740.147 86.0173 37.8707 26.9737 12.6541 80.7265 654.13 252.579 669.027 74.4281 67.9688 14.3196 10.897 246.187 160.628 85.5592 12.0659 61.4515 33.8912 15.3494 401.551 13.1428 16.5894 155.167 149.093
internal_count=36060 2145 33915 989 966 1156 435 456 238 162 223 721 354 33850 145 104 76 218 323 179 144 510 77 53 33 367 24 23 165 158
is_linear=0
shrinkage=0.05


Tree=15
num_leaves=31
num_cat=0
split_feature=4 11 13 13 4 4 11 0 13 1 0 11 13 8 13 1 2 4 7 11 12 9 9 11 7 0 0 11 11 13
split_gain=1441.81 34.9541 18.1343 16.7992 13.6612 8.43964 8.35663 5.93761 4.71635 4.40224 4.0027 3.80867 3.38494 3.8639 3.00483 2.34445 2.70147 1.48457 1.20631 2.80983 1.19107 1.53442 1.19105 2.00765 2.26353 2.84833 0.922755 0.893057 0.813025 0.731617
threshold=0.74166667461395275 0.012739370577037336 0.032138252630829818 0.010256679728627207 0.79285714030265819 0.81534090638160717 0.013606071937829258 0.6545848846435548 0.011173533275723459 0.76876676082611095 0.59465178847312938 0.010050504934042694 0.027039373293519024 0.84999999403953563 0.010582306887954475 0.75247091054916393 0.78427600860595714 0.89444443583488475 0.78744137287139904 0.013793759513646366 0.016261236742138866 0.7413700819015504 0.71390563249588024 0.013606071937829258 0.73006999492645275 0.60098645091056835 0.52936184406280529 0.012270400300621988 0.011299795936793091 0.028443573974072937
decision_type=2 2 2 2 2 2 2 2 2 2 2 2 2 2 2 2 2 2 2 2 2 2 2 2 2 2 2 2 2 2
left_child=2 3 14 -2 28 6 -3 8 -6 10 -8 -9 13 -7 -1 27 -17 22 -19 -20 21 29 26 -24 25 -25 -15 -13 -5 -12
right_child=1 5 -4 4 7 12 9 11 -10 -11 20 15 -14 17 -16 16 -18 18 19 -21 -22 -23 23 24 -26 -27 -28 -29 -30 -31
leaf_value=-0.024407525296433689 0.062483137028824624 -0.013767889448547791 0.016623547685485848 -0.061103483519990766 0.019062404824801423 0.0077196128888278957 0.0084497694742391889 -0.010417194868877641 -0.042891876105272585 0.0027817159752762128 0.053719642893254343 0.036815386942118139 0.054312495572726632 0.032449330938877814 -0.056721268008314597 -0.0084366270581992617 0.04294592733198916 0.053283415578643994 0.01323725885882554 0.052967099458231005 0.055856954895169925 0.025260526792022838 0.019521282863418976 0.051195146191106849 0.049150552540799065 0.010701857904499927 0.055882536435522781 0.064632531386593917 -0.03449068984938522 0.03317974679177426
leaf_weight=7.2779822126030913 12.713168583810328 8.1354740420356375 8.6297851689159852 6.5019614454358798 5.3672794485464674 6.1802553106099358 7.2078125942498437 5.9462278229184475 7.1828697584569454 7.3123824875801793 17.57583944872022 6.015282114036383 380.73120694886893 5.0882763750851181 625.33543917513452 5.107504000887273 5.1247079484164715 112.50736274570227 6.5986727513372925 13.668659787625073 26.284928428009152 10.021175119094549 10.416337037459014 7.6055739820003536 45.256808880716562 10.122805722057818 24.094754483550787 5.5451277615502477 5.1374963484704494 5.7549328058958045
leaf_count=218 11 179 65 309 43 31 51 97 181 82 27 36 367 11 33632 71 24 115 18 16 28 54 54 9 52 23 25 13 204 14
internal_value=1.59282e-10 0.0461568 -0.0553674 0.0109682 -0.00164378 0.0493852 0.0343371 0.0121405 -0.0163961 0.0396145 0.0436438 0.0250516 0.0513752 0.0467454 -0.0563495 0.0347295 0.0172978 0.0477701 0.0512606 0.0400318 0.0478974 0.0416244 0.0432524 0.0398553 0.0432181 0.0280737 0.0517968 0.0501583 -0.049357 0.0486531
internal_weight=1410.45 769.205 641.243 64.6416 51.9285 704.563 82.2925 40.289 12.5501 74.1571 66.8447 27.7388 622.271 241.54 632.613 21.7926 10.2322 235.359 132.775 20.2673 59.6369 33.3519 102.585 73.4015 62.9852 17.7284 29.183 11.5604 11.6395 23.3308
internal_count=36060 2145 33915 989 978 1156 435 465 224 256 174 241 721 354 33850 144 95 323 149 34 123 95 174 138 84 32 36 49 513 41
is_linear=0
shrinkage=0.05


Tree=16
num_leaves=31
num_cat=0
split_feature=4 12 8 11 4 7 1 13 9 4 13 4 9 2 9 5 12 12 4 9 0 8 6 0 3 7 1 7 2 9
split_gain=1320.29 41.9643 22.6783 21.9885 13.9133 7.21429 6.20207 4.45527 3.97535 3.19486 2.88719 2.98201 4.66328 2.63228 2.56647 3.67646 2.00476 1.90205 1.58303 1.82974 2.73208 2.66877 5.09255 1.51568 1.28806 1.5721 1.98976 1.27641 3.33695 3.8624
threshold=0.77350428700447094 0.016261236742138866 0.84999999403953563 0.013423423748463394 0.86190477013587963 0.76330918073654186 0.69872257113456737 0.012422839645296337 0.81716924905776989 0.82843136787414562 0.010582306887954475 0.74166667461395275 0.71982961893081676 0.74428054690361034 0.75538477301597606 0.73065295815467846 0.013793759513646366 0.016261236742138866 0.90454545617103588 0.76159566640853893 0.5583198368549348 1.2500000000000002 0.79127290844917308 0.5645771622657777 0.42710214853286749 0.65116372704505932 0.6783871352672578 0.69657194614410411 0.70197039842605602 0.72775629162788402
decision_type=2 2 2 2 2 2 2 2 2 2 2 2 2 2 2 2 2 2 2 2 2 2 2 2 2 2 2 2 2 2
left_child=1 10 -3 4 5 6 -2 -7 -6 13 -1 -12 -13 17 23 -16 18 24 19 20 -11 22 -21 -8 25 26 -5 -27 29 -29
right_child=3 2 -4 9 8 7 14 -9 -10 16 11 12 -14 -15 15 -17 -18 -19 -20 21 -22 -23 -24 -25 -26 27 -28 28 -30 -31
leaf_value=-0.02361120752736837 -0.033760439810714603 0.058096111207777856 -0.058168025466078792 0.042351491964520316 0.044433200969843913 9.9660794709196946e-05 0.057068503366961038 -0.065076810765392609 0.00025730812428164957 0.019827000941424772 -0.056158148563150073 3.2968335509818028e-05 -0.058046673147973737 0.01630635411443988 -0.019839474743478705 0.038144846435955067 0.054531888841274551 0.055247116768377437 0.052272003722639106 -0.0075699277471781888 0.051652940139169691 0.046846218507977176 0.054809873293436923 0.025060293280158977 0.056212085532715617 0.055134862193182213 -0.0010158624117349733 0.044292871615668299 0.048866133173185458 -0.010728110146341889
leaf_weight=7.1322949687018982 5.3822664699982878 12.834428546484562 6.230401844950392 5.0421165525913221 56.406140276696533 5.2042976357042772 6.373729249462488 5.2843120987527072 5.5980803333222857 7.5985375046730033 585.9208228692878 6.1011007986962777 7.9719308032654226 8.9286720072850567 5.9530797773040813 5.0549508389085531 297.44501617737114 29.462124977260828 108.53855611383915 8.3175912369042653 59.91075381077826 16.428927600383759 5.393323525786399 8.81158658582717 10.236081428825853 11.778655670583246 5.5632378738373518 6.2074451036751253 19.608568679541349 6.5608675889670849
leaf_count=219 149 30 365 10 151 84 21 170 46 15 33317 68 482 41 132 26 286 30 117 29 62 21 6 72 10 12 19 10 32 28
internal_value=-1.3469e-10 -0.0529422 0.0201009 0.0466214 0.0253866 0.00319034 0.0151245 -0.0327372 0.0404448 0.0502619 -0.0552359 -0.0556119 -0.0328673 0.0422559 0.0251695 0.00678726 0.0519054 0.0447087 0.0481165 0.0434976 0.0480708 0.0332542 0.0169678 0.0384951 0.0399319 0.0368887 0.0196023 0.0410406 0.0359131 0.0160209
internal_weight=1337.28 626.191 19.0648 711.089 104.068 42.0642 31.5756 10.4886 62.0042 607.02 607.126 599.994 14.073 103.388 26.1933 11.008 503.633 94.4591 206.188 97.6491 67.5093 30.1398 13.7109 15.1853 64.997 54.7609 10.6054 44.1555 32.3769 12.7683
internal_count=36060 34481 395 1579 851 654 400 254 197 728 34086 33867 550 192 251 158 536 151 250 133 77 56 35 93 121 111 29 82 70 38
is_linear=0
shrinkage=0.05


Tree=17
num_leaves=31
num_cat=0
split_feature=4 11 4 13 7 4 0 13 2 9 1 9 9 13 13 8 10 0 13 11 6 8 12 9 4 5 12 2 13 6
split_gain=1208.67 29.8234 18.7836 18.5369 8.01157 6.44469 5.87867 5.70135 9.57505 4.94142 4.90225 3.57578 3.16608 2.95856 2.43595 1.86459 1.97156 1.76182 1.4565 5.40561 1.50307 1.58781 1.29842 1.4545 1.11351 1.11041 1.10917 0.967728 1.62239 0.817767
threshold=0.74166667461395275 0.013423423748463394 0.86190477013587963 0.032138252630829818 0.76330918073654186 0.81534090638160717 0.59465178847312938 0.023994351737201217 0.67927828431129467 0.76563793420791637 0.76876676082611095 0.81105896830558788 0.81716924905776989 0.010582306887954475 0.027608533389866356 0.94999998807907116 0.99999997019767772 0.55984106659889232 0.011050061322748663 0.01197647722437978 0.74131470918655407 1.1500000357627871 0.016261236742138866 0.7413700819015504 0.87083333730697643 0.76427540183067333 0.0092167854309082049 0.70197039842605602 0.02651323284953833 0.67640170454978954
decision_type=2 2 2 2 2 2 2 2 2 2 2 2 2 2 2 2 2 2 2 2 2 2 2 2 2 2 2 2 2 2
left_child=3 2 4 13 7 6 -3 8 -2 17 22 -6 18 -1 15 16 -7 -10 -4 -20 21 -21 23 29 25 -17 -22 -26 -29 -8
right_child=1 5 12 -5 11 14 10 -9 9 -11 -12 -13 -14 -15 -16 24 -18 -19 19 20 26 -23 -24 -25 27 -27 -28 28 -30 -31
leaf_value=-0.02266908689748013 -0.063051489738848429 -0.0059127864182410986 0.058774659366046561 0.025641873250765654 -0.060590575847937714 0.0052816148796187533 0.055872292975138571 0.04070113747865222 0.048481797732070786 -0.022414787596237672 0.00065385285357566513 -0.0075497614445255538 0.0028144424171951225 -0.055474085973741517 0.05339926476516025 0.044537949916645912 0.043617233031664107 0.012678655133622596 -0.0099072570641716672 0.011064053853793637 0.039537682539571961 0.046558628274268744 0.053590084813934159 0.021730185515118978 0.055371481633559011 0.021308465114830033 0.060696793279577624 0.048864384315191418 0.020762071572685725 0.036260818483781078
leaf_weight=6.9591167843900612 5.3145486586727229 8.0047030355781299 11.125604335218666 7.205465104430913 7.041449898388235 5.446154244244096 9.7950861882418447 10.342186348512767 6.4648976381868142 6.8822841183282426 7.1314548002555957 5.79060990922153 5.4948798082768908 554.84584971773438 310.73171916604042 65.409915186464787 8.7299722209572792 7.334082311950624 5.0913151716813436 5.6278506983071548 10.568878103047611 7.1583957225084305 23.533742086961865 9.5077979173511249 56.552931811660528 5.5836915150284758 14.961204715073107 58.688096906989813 5.628397984430193 11.62317883223295
leaf_count=218 215 69 13 65 311 18 15 90 32 201 83 125 46 33632 324 90 16 95 53 21 35 12 29 59 58 10 17 67 11 30
internal_value=-1.11851e-10 0.0442123 0.0202209 -0.0540457 -0.00269195 0.0486802 0.0343965 0.00930155 -0.00319047 0.0121923 0.0396352 -0.0366553 0.0389891 -0.0550677 0.0506039 0.0463882 0.0288895 0.0294526 0.0426342 0.0384973 0.0449291 0.0309357 0.0447398 0.038005 0.0476811 0.0427109 0.0519374 0.0506003 0.0464051 0.0452296
internal_weight=1264.58 695.565 109.198 569.01 49.1701 586.367 69.596 36.338 25.9958 20.6813 61.5913 12.8321 60.0281 561.805 516.771 206.039 14.1761 13.799 54.5332 43.4076 38.3163 12.7862 54.4598 30.9261 191.863 70.9936 25.5301 120.869 64.3165 21.4183
internal_count=36060 2145 1266 33915 1069 879 285 633 543 328 216 436 197 33850 594 270 34 127 151 138 85 33 133 104 236 100 52 136 78 45
is_linear=0
shrinkage=0.05


Tree=18
num_leaves=31
num_cat=0
split_feature=4 11 4 13 7 4 1 13 2 9 13 12 13 13 9 13 11 9 1 0 11 0 5 4 6 4 0 2 13 12
split_gain=1109.32 27.331 18.1659 17.1562 6.95581 5.55757 5.06676 4.54041 8.77542 4.30927 3.41674 3.3976 2.94348 2.64697 4.40525 2.43068 2.39815 2.25081 2.64979 2.16517 2.03349 1.66655 1.46462 1.26342 1.21176 1.13197 1.71741 1.28326 1.11696 0.900915
threshold=0.74166667461395275 0.013423423748463394 0.86190477013587963 0.032138252630829818 0.76330918073654186 0.81534090638160717 0.72391673922538768 0.023994351737201217 0.67927828431129467 0.76563793420791637 0.012422839645296337 0.013245614245533945 0.010582306887954475 0.010256679728627207 0.81527060270309459 0.028953939676284794 0.012270400300621988 0.77834284305572521 0.73404565453529369 0.59465178847312938 0.014185110572725536 0.55984106659889232 0.7262815833091737 0.86190477013587963 0.74131470918655407 0.90454545617103588 0.5583198368549348 0.64933606982231151 0.013793759513646366 0.0092167854309082049
decision_type=2 2 2 2 2 2 2 2 2 2 2 2 2 2 2 2 2 2 2 2 2 2 2 2 2 2 2 2 2 2
left_child=3 2 4 12 7 6 19 8 -2 21 -6 -8 -1 -4 16 17 -15 25 -19 -3 -13 -10 -20 -24 -18 26 27 -7 -28 -26
right_child=1 5 13 -5 10 15 11 -9 9 -11 -12 20 -14 14 -16 -17 24 18 22 -21 -22 -23 23 -25 29 -27 28 -29 -30 -31
leaf_value=-0.021853915731358253 -0.062200866812186499 0.015124150762021666 0.063903598826472702 0.023809311485362611 -0.0081122158065272416 0.011131372301774084 -0.019423457563996299 0.036528443941425459 0.046783755025238502 -0.021198198742832033 -0.060863207896952987 0.045396397020439697 -0.054967867579739517 0.017517549477363711 -0.0095849772805395861 0.052863288783190104 0.031917509365315809 0.0026900026887767257 0.022573583746253002 0.046794731029951263 0.0044077684090358766 0.011559784696232284 0.025774589842264162 0.049575428882263871 0.040806008595480579 0.053008670946089034 0.027145345566927832 0.044177544390564892 0.049081395847986743 0.060711398055520664
leaf_weight=6.7984256488271049 5.0079677123576429 6.1944302367046467 8.9435260295867902 7.0804669428616753 5.9763827314600331 6.1327516734600049 5.9113339213654426 10.237846881151198 6.2942357528954762 6.6452357349917284 6.311411184258759 6.6551251029595715 521.11220604530536 9.6999831642024201 5.1157013643532983 267.8826869353652 10.864084783941506 5.2067506462335578 9.1898259334266168 41.89929295796901 5.5488027995452285 7.1983655472286046 6.9175142645835868 28.746497139334679 9.9719790965318698 76.841600373387337 6.2877042889595023 5.6389066278934479 75.294466596096754 13.220538005232809
leaf_count=218 215 40 8 65 151 14 108 90 32 201 285 23 33632 67 50 292 27 19 22 78 36 95 14 41 30 83 10 8 91 15
internal_value=-4.76115e-10 0.0433812 0.0200535 -0.0535045 -0.00279684 0.0478202 0.0342266 0.00845829 -0.00297017 0.0117596 -0.0352068 0.0116895 -0.0545414 0.0388945 0.0343179 0.049664 0.0394507 0.0457729 0.0364532 0.0427156 0.02676 0.0279916 0.0403725 0.0449589 0.0456977 0.0485142 0.0448146 0.0269613 0.0473907 0.0521528
internal_weight=1194.83 659.835 105.487 534.991 47.6714 554.348 66.209 35.3837 25.1458 20.1378 12.2878 18.1153 527.911 57.8158 48.8723 488.139 43.7566 220.256 50.0606 48.0937 12.2039 13.4926 44.8538 35.664 34.0566 170.195 93.3538 11.7717 81.5822 23.1925
internal_count=36060 2145 1266 33915 1069 879 285 633 543 328 436 167 33850 197 189 594 139 302 96 118 59 127 77 55 72 206 123 22 101 45
is_linear=0
shrinkage=0.05


Tree=19
num_leaves=31
num_cat=0
split_feature=4 11 4 13 8 4 7 5 0 0 13 13 11 13 0 5 6 12 9 8 1 12 4 4 0 6 1 8 5 2
split_gain=1016.93 25.5676 17.1948 15.8595 8.14281 5.09836 4.21009 4.1944 3.96662 3.81685 2.93114 2.79557 5.78974 4.43034 2.58041 4.8227 2.43335 2.36588 2.04184 3.10432 1.48488 1.22514 1.19649 1.11076 1.96646 1.06853 2.14961 0.898483 0.893893 0.791941
threshold=0.74166667461395275 0.013423423748463394 0.82843136787414562 0.032138252630829818 1.1500000357627871 0.81534090638160717 0.79262763261795055 0.73331761360168468 0.59465178847312938 0.63236719369888317 0.010582306887954475 0.010256679728627207 0.012270400300621988 0.020188277587294582 0.64124792814254772 0.66497638821601879 0.73908314108848583 0.013793759513646366 0.77834284305572521 1.0500000119209292 0.76876676082611095 0.016261236742138866 0.86190477013587963 0.89444443583488475 0.54079565405845653 0.65538600087165844 0.69431632757186901 1.1500000357627871 0.74588465690612804 0.72585108876228344
decision_type=2 2 2 2 2 2 2 2 2 2 2 2 2 2 2 2 2 2 2 2 2 2 2 2 2 2 2 2 2 2
left_child=3 2 4 10 9 7 11 8 -3 16 -1 -4 13 -13 15 -14 -2 18 23 -20 21 25 -21 24 -7 -10 -27 -24 -26 -25
right_child=1 5 6 -5 -6 17 -8 -9 20 -11 -12 12 14 -15 -16 -17 -18 -19 19 22 -22 -23 27 29 28 26 -28 -29 -30 -31
leaf_value=-0.021066950705699583 -0.0054885717542979733 -0.0041607652486618197 0.062423239941367309 0.021820617734239395 -0.057283890974022637 0.014505653235282951 -0.0014743762377883241 -0.008746314749612797 0.056433040139620999 -0.023812925234287338 -0.054513028869497562 -0.027506423332474685 0.055598155463916422 0.030318862565098411 0.050182419946705671 -0.0077284914629501605 0.036388727787895737 0.051928437260547293 0.0043666128458515457 0.025532104503383609 0.016830120260119704 0.05366115081881221 0.03040601087917489 0.053667914915878551 0.048145203353825661 0.0063284123863547696 0.042229247809810494 0.050870312642933749 0.032607179127977844 0.039887789416085617
leaf_weight=6.6397652137093237 6.00821359781549 5.1716666063293806 9.379182815551756 6.9824253134429446 7.4793286891654125 5.6162492930889121 7.90390745922923 5.3291948260739437 5.768948350101712 8.4055781557690334 488.17462095804513 6.0219788486137968 5.7831814233213645 7.3616775944828987 29.193454405292869 6.2617283929139376 8.2074841167777759 265.7959240116179 6.8427465856075278 9.5526083931326848 5.3717647567391387 20.756062522530556 7.0772399120032814 67.269990205764771 51.97038683667779 5.8123002666980055 14.752601961605249 22.151316732168198 11.262064069509504 12.338568691164253
leaf_count=218 133 55 9 65 458 15 83 74 7 232 33632 109 14 42 62 54 70 312 24 23 47 26 15 76 68 24 52 28 16 17
internal_value=3.21055e-10 0.0425696 0.0196714 -0.0530083 -0.012057 0.047037 0.0329534 0.0336931 0.0376174 0.00289648 -0.0540642 0.0372051 0.0328749 0.00430036 0.0421486 0.0226768 0.0186894 0.0488639 0.044667 0.0354159 0.0417359 0.044577 0.0408944 0.0475101 0.0428594 0.037417 0.0320825 0.0459152 0.0453778 0.0515321
internal_weight=1126.64 624.845 102.006 501.797 30.1006 522.84 71.9051 62.9625 57.6333 22.6213 494.814 64.0012 54.622 13.3837 41.2384 12.0449 14.2157 459.877 194.081 45.6239 52.4617 47.0899 38.7812 148.457 68.8487 26.3339 20.5649 29.2286 63.2325 79.6086
internal_count=36060 2145 1266 33915 893 879 373 285 211 435 33850 290 281 151 130 68 203 594 282 90 156 109 66 192 99 83 76 43 84 93
is_linear=0
shrinkage=0.05


Tree=20
num_leaves=31
num_cat=0
split_feature=4 11 4 13 7 4 1 13 1 6 9 13 12 13 13 11 9 8 9 2 2 0 0 4 1 9 0 4 13 1
split_gain=930.272 23.929 15.9359 14.6503 5.713 4.88752 3.88978 3.87908 7.31994 4.61972 3.2318 2.92023 2.73164 2.45866 2.45849 5.2869 2.75758 2.25419 1.8941 3.91796 2.72809 1.87155 1.81938 1.37652 1.21891 3.25919 5.78959 0.97841 1.01501 0.945918
threshold=0.74166667461395275 0.013423423748463394 0.86190477013587963 0.032138252630829818 0.76330918073654186 0.81534090638160717 0.72391673922538768 0.023994351737201217 0.73494738340377819 0.75346016883850109 0.81105896830558788 0.010582306887954475 0.013245614245533945 0.027608533389866356 0.011050061322748663 0.01183473411947489 0.79109555482864391 1.2500000000000002 0.77834284305572521 0.74428054690361034 0.69995209574699413 0.59465178847312938 0.64373341202735912 0.86190477013587963 0.76012060046195995 0.78669700026512157 0.75135979056358349 0.85164836049079906 0.025145114399492744 0.80340343713760387
decision_type=2 2 2 2 2 2 2 2 2 2 2 2 2 2 2 2 2 2 2 2 2 2 2 2 2 2 2 2 2 2
left_child=3 2 4 11 7 6 21 8 -2 -10 -6 -1 -8 18 -4 -16 22 -18 27 20 -20 -3 -17 -21 -15 26 -26 28 -7 -27
right_child=1 5 14 -5 10 13 12 -9 9 -11 -12 -13 -14 24 15 16 17 -19 19 23 -22 -23 -24 -25 25 29 -28 -29 -30 -31
leaf_value=-0.02035571384643731 -0.042978304930996886 0.014628049618187601 0.058368251023567158 0.019871280689119256 -0.058371418546697078 0.043979518738601578 -0.016594176320322614 0.034030528073123116 0.037369452107773461 -0.01875953736451617 -0.0050580911040571325 -0.054106016683908888 0.02654228058790685 0.053014068927598051 -0.014767433175391843 0.029513479702430706 -0.0048141004112811463 0.040348583380096427 0.03475754910937038 0.022867916503710558 -0.015947428653682452 0.044847222502320851 0.057226683477621915 0.048981906972683738 0.049263012335010847 0.0556582373395485 -0.016386782688262384 0.049172761300497143 0.024624420087392792 0.037546456506602696
leaf_weight=6.5005579655989996 7.8005456509999958 5.9332486568018785 11.244944568723438 6.8800720879808059 6.0601359629072231 31.993779480457306 5.4882867885753539 9.8112320564687234 9.7741959267295879 5.8660072744823983 5.3538892366923392 455.93112536228728 11.078165482729672 201.4208055883646 5.2751994277350596 9.081571254879238 5.5206213304772955 5.5311502739787102 5.0247677974402887 6.4391921088099506 5.6194978132843971 37.546791963279247 17.024012591689825 23.328999819234014 8.7118109688162786 32.804901093244553 5.4650231003761283 93.875402064993978 8.5927984789013845 9.2392843589186651
leaf_count=218 296 40 18 65 311 47 108 90 74 173 125 33632 59 251 68 32 41 13 12 14 26 78 25 33 12 38 7 121 17 16
internal_value=-1.53175e-10 0.0417397 0.0192216 -0.052554 -0.00284286 0.0462355 0.0328683 0.00763383 -0.00341463 0.0163177 -0.0333641 -0.0536316 0.0122516 0.0480913 0.0375819 0.0320733 0.0387233 0.0177888 0.0435156 0.0340237 0.00798853 0.0407235 0.0475859 0.0433332 0.0511971 0.0446876 0.0239557 0.0463683 0.0398817 0.0516781
internal_weight=1060.22 590.906 98.3435 469.312 44.666 492.563 60.0465 33.252 23.4407 15.6402 11.414 462.432 16.5665 432.516 53.6775 42.4326 37.1574 11.0518 174.874 40.4125 10.6443 43.48 26.1056 29.7682 257.642 56.221 14.1768 134.462 40.5866 42.0442
internal_count=36060 2145 1266 33915 1069 879 285 633 543 247 436 33850 167 594 197 179 111 54 270 85 38 118 57 47 324 73 19 185 64 54
is_linear=0
shrinkage=0.05


Tree=21
num_leaves=31
num_cat=0
split_feature=4 11 4 13 8 4 13 9 11 1 11 0 13 13 12 9 2 13 4 0 9 6 2 2 11 2 4 0 11 2
split_gain=850.989 22.9454 14.8254 13.615 5.75706 5.18792 3.85557 5.77006 4.82739 3.78933 3.67833 3.17573 2.97161 2.91406 2.66745 2.47424 2.72867 2.34475 1.8602 1.73494 1.73278 1.44635 1.31562 1.30839 1.18423 1.54589 1.08689 2.05308 1.11413 1.05618
threshold=0.74166667461395275 0.013423423748463394 0.81534090638160717 0.032138252630829818 1.1500000357627871 0.81534090638160717 0.010256679728627207 0.81527060270309459 0.012270400300621988 0.76876676082611095 0.011050061322748663 0.63236719369888317 0.028953939676284794 0.010582306887954475 0.016261236742138866 0.77834284305572521 0.74428054690361034 0.015504807699471714 0.87867647409439098 0.64124792814254772 0.73381522297859203 0.74444204568862926 0.72165983915328991 0.66452017426490795 0.014389234129339458 0.77518659830093395 0.89444443583488475 0.54079565405845653 0.013793759513646366 0.72585108876228344
decision_type=2 2 2 2 2 2 2 2 2 2 2 2 2 2 2 2 2 2 2 2 2 2 2 2 2 2 2 2 2 2
left_child=3 2 4 13 11 9 -4 8 10 14 -8 21 15 -1 20 26 17 -17 19 -10 23 -2 -22 -3 25 -18 27 -7 -29 -28
right_child=1 5 6 -5 -6 12 7 -9 18 -11 -12 -13 -14 -15 -16 16 24 -19 -20 -21 22 -23 -24 -25 -26 -27 29 28 -30 -31
leaf_value=-0.019626971538623181 -0.0028674120144251817 0.020118639851243451 0.061454916523269579 0.018260946930132554 -0.05625596692107146 0.011321539302148806 0.025726568097002574 -0.021355924532097628 0.0069939035304812935 -0.0036857694744217798 -0.023627390273912901 -0.030727960173098937 0.051506458920409608 -0.053741697827741144 0.05131104996114301 -0.012040504362729772 0.042930582347890003 0.030713345113196414 0.047638470999628334 0.039706444175876793 -0.005817478751975508 0.034450509562101696 0.029332841495347806 0.045390434974826907 0.051993438445137152 0.011386693818525358 0.052819422966588994 0.027884716327338049 0.046854337613969094 0.0370769772789259
leaf_weight=6.353262065909802 5.192042859271174 8.3340608794242161 8.4085540771484357 6.7622845768928519 6.5506494573783121 5.2193375378847113 9.8751839646138233 5.9721934311091891 6.9163444489240673 6.7481111595407119 6.1117638535797587 5.6713029881939283 218.98982136696577 425.18238446384203 18.534511774778366 5.320737835019826 11.364396503195172 8.0721338018774969 25.44250912219286 9.791020371951161 5.556495809927581 5.1937585584819317 5.1102697998285294 13.286948650144039 13.318054392933844 5.9008290767669669 63.537419617176056 9.1095002964138967 51.498467829078436 12.801117509603499
leaf_count=218 118 37 9 65 451 15 98 79 72 94 120 181 292 33632 29 20 22 22 56 38 71 44 23 31 18 14 82 16 74 19
internal_value=4.83776e-10 0.0409647 0.0185996 -0.0521363 -0.0167527 0.0455626 0.0296209 0.0254455 0.0302533 0.0315179 0.00685869 -0.000636956 0.0475584 -0.0532394 0.0361922 0.0429137 0.032549 0.013728 0.0391266 0.0261644 0.0275133 0.0157946 0.0110225 0.0356491 0.040791 0.0321497 0.0461199 0.0414119 0.0440032 0.0501796
internal_weight=996.125 557.828 95.1253 438.298 22.6078 462.702 72.5176 64.109 58.1368 57.5704 15.9869 16.0571 405.132 431.536 50.8223 186.142 43.9762 13.3929 42.1499 16.7074 32.2878 10.3858 10.6668 21.621 30.5833 17.2652 142.166 65.8273 60.608 76.3385
internal_count=36060 2145 1266 33915 794 879 472 463 384 285 218 343 594 33850 191 302 96 42 166 110 162 162 94 68 54 36 206 105 90 101
is_linear=0
shrinkage=0.05


Tree=22
num_leaves=31
num_cat=0
split_feature=4 11 4 13 4 4 9 1 13 13 12 9 9 2 0 6 1 0 2 4 2 9 4 1 13 11 6 3 1 12
split_gain=775.987 20.5619 14.1167 12.6088 5.43031 5.07973 4.53679 3.54097 3.13792 2.91728 2.33495 2.16385 2.04672 4.32651 2.04096 1.91258 4.23581 2.23431 1.71879 1.42322 1.27471 3.36855 1.24522 2.18749 1.0845 2.65111 1.50066 0.921488 0.838628 0.79578
threshold=0.74166667461395275 0.013423423748463394 0.87083333730697643 0.032138252630829818 0.81534090638160717 0.79285714030265819 0.75352531671524059 0.72391673922538768 0.027608533389866356 0.010582306887954475 0.013245614245533945 0.81527060270309459 0.77834284305572521 0.74428054690361034 0.59465178847312938 0.75265678763389599 0.73494738340377819 0.7216489613056184 0.70271760225296032 0.86190477013587963 0.72585108876228344 0.75944271683692943 0.90454545617103588 0.64691081643104564 0.011050061322748663 0.012739370577037336 0.74765852093696605 0.42710214853286749 0.80340343713760387 0.012903762981295587
decision_type=2 2 2 2 2 2 2 2 2 2 2 2 2 2 2 2 2 2 2 2 2 2 2 2 2 2 2 2 2 2
left_child=3 2 5 9 7 6 -2 14 12 -1 -9 24 20 18 -3 16 -7 -17 -14 -15 22 -22 23 -6 -4 -26 -27 -16 -10 -24
right_child=1 4 11 -5 8 15 -8 10 28 -11 -12 -13 13 19 27 17 -18 -19 -20 -21 21 -23 29 -25 25 26 -28 -29 -30 -31
leaf_value=-0.01884114713725564 0.0020686079389891443 0.010437810947171174 0.058696872143130033 0.016517964299286397 0.018232262063248444 -0.0097098431974461941 -0.05623951911996207 -0.01699127875957631 0.051146739729606462 -0.053416623957260656 0.023671485378697472 0.0099950694508112673 0.024672029642478801 0.020117512801504037 0.037888647711180001 -0.026163927729357064 0.037492414550650444 0.01822034174513942 -0.016047708642640952 0.047847210539123469 0.00076347571278750502 0.046366941184386015 0.055673155287267233 0.04597364539491669 0.013271131918461996 0.030369568468177618 0.055394029623032727 0.056977666046330748 0.03520827714193208 0.035664741217068682
leaf_weight=6.1963344011455765 6.6078481054864806 5.7480360632762304 7.6690341606736174 6.6529874997213474 8.3586674481630308 7.856539430911659 6.7375380592420697 5.3289378881454459 215.16865384206176 395.42065611551516 10.460364768281577 6.1745740137994281 5.0189187750220281 5.9506433866918114 25.205894414335489 6.4841614349279535 12.030938164796678 5.038992035202682 5.3581921122968197 20.80621057190001 5.7738639935851124 13.557827558368443 38.217691123485565 47.418914590030909 8.26844140794128 9.6744808573275822 15.734367869794367 8.4387051668018085 8.5822685286402685 5.7122019827365866
leaf_count=218 178 40 11 65 19 178 446 108 308 33632 59 51 14 14 66 151 68 64 24 33 13 21 52 71 70 23 26 12 16 9
internal_value=6.20359e-10 0.0400637 0.0186254 -0.0517522 0.0446103 -0.00152611 -0.0273688 0.0299536 0.0467391 -0.0528832 0.00994768 0.0376044 0.0413 0.0310517 0.0379724 0.00945362 0.0188452 -0.00675501 0.00364651 0.0416802 0.044497 0.0327464 0.0467752 0.0418164 0.0417275 0.0378632 0.0458659 0.0426765 0.0505354 0.0530715
internal_weight=935.653 527.383 92.2769 408.27 435.106 44.756 13.3454 55.1819 379.924 401.617 15.7893 47.5209 156.173 37.134 39.3926 31.4106 19.8875 11.5232 10.3771 26.7569 119.039 19.3317 99.7075 55.7776 41.3463 33.6773 25.4088 33.6446 223.751 43.9299
internal_count=36060 2145 1266 33915 879 1085 624 285 594 33850 167 181 270 85 118 461 246 215 38 47 185 34 151 90 130 119 49 78 324 61
is_linear=0
shrinkage=0.05


Tree=23
num_leaves=31
num_cat=0
split_feature=4 11 4 13 4 8 12 9 13 12 2 4 7 7 13 9 8 1 0 2 2 9 8 9 5 0 7 13 13 2
split_gain=707.508 19.6612 12.9506 11.7172 5.63686 4.5963 3.14084 3.10267 2.93454 2.87295 2.75902 2.44818 2.6486 2.84807 2.37358 4.11159 3.11466 2.33668 1.85351 1.81636 4.62171 2.20799 1.69944 1.51253 5.20528 1.19755 0.979907 0.881568 0.881641 1.21665
threshold=0.74166667461395275 0.013423423748463394 0.86190477013587963 0.032138252630829818 0.82843136787414562 1.2500000000000002 0.016261236742138866 0.75500753521919262 0.010582306887954475 0.013793759513646366 0.74743172526359569 0.79285714030265819 0.71264222264289867 0.68910288810729992 0.011050061322748663 0.79109555482864391 1.1500000357627871 0.73494738340377819 0.64373341202735912 0.72585108876228344 0.73073884844779979 0.78271847963333141 1.0500000119209292 0.71288743615150463 0.69612789154052745 0.52936184406280529 0.71134009957313549 0.026021996513009075 0.014185110572725536 0.75992238521575939
decision_type=2 2 2 2 2 2 2 2 2 2 2 2 2 2 2 2 2 2 2 2 2 2 2 2 2 2 2 2 2 2
left_child=3 2 5 8 6 7 11 17 -1 19 -9 12 13 -3 -4 18 -17 -2 -16 21 -21 25 -22 -13 -25 -6 -20 28 29 -24
right_child=1 4 14 -5 9 -7 -8 10 -10 -11 -12 23 -14 -15 15 16 -18 -19 26 20 22 -23 27 24 -26 -27 -28 -29 -30 -31
leaf_value=-0.01795729954011072 0.0011498086639493115 -0.00060754406047550395 0.057275701838486709 0.01490993678440237 0.024050160128333019 -0.041973612175795101 0.046676657168288421 -0.036992998810841136 -0.053128531673983438 0.050858363542004896 0.005288467888264251 0.046413000454614037 -0.019742524245938267 0.048061942417145703 0.021751325703788613 -0.024875691964155788 0.027630959217959092 0.036883525847351911 0.034790135979594926 -0.011119204288989683 0.015846747961480872 0.013920396083572498 0.053316484448015414 -0.0093783704914961602 0.039863157389914028 0.048896076962869371 0.058459251370119196 0.025273519786715506 0.053894536260771647 0.022107024607489232
leaf_weight=6.0280362563207737 9.4488181071355957 6.2488518003374356 9.858474573120473 6.5477119907736769 5.1582744792103759 6.331238492159172 25.543306447565556 6.4375425125472274 367.21635178709403 187.13686347939074 9.6299123084172589 12.991143256425856 5.2538795843720427 5.7921319240704179 9.046086575835945 5.0181378088891488 6.4606325253844261 8.8691699851769936 7.0980390943586853 5.1811375245451918 6.7326109483838072 5.2194405309855929 5.8093315362930316 7.5726449601352241 18.425045177340508 81.099481405690312 11.389287460595368 5.742812141776084 17.534059330821037 6.7522845268249512
leaf_count=218 220 53 18 65 13 336 46 250 33632 286 197 24 116 25 42 65 27 66 24 12 22 19 8 32 47 124 21 13 26 13
internal_value=-1.03266e-10 0.0392146 0.0180034 -0.0513973 0.0438699 -0.00282368 0.0321355 0.00438482 -0.0525605 0.046812 -0.0116519 0.0255363 0.00987922 0.0228042 0.0353556 0.0298163 0.00467679 0.0184513 0.0402971 0.0413733 0.0334689 0.0454994 0.0388956 0.0324816 0.02552 0.0474103 0.0493717 0.0432255 0.0466511 0.0365404
internal_weight=877.573 497.781 89.5873 379.792 408.193 40.7167 81.827 34.3854 373.244 326.366 16.0675 56.2837 17.2949 12.041 48.8707 39.0122 11.4788 18.318 27.5334 139.229 47.7522 91.4772 42.5711 38.9888 25.9977 86.2578 18.4873 35.8385 30.0957 12.5616
internal_count=36060 2145 1266 33915 879 1069 343 733 33850 536 447 297 194 78 197 179 92 286 87 250 94 156 82 103 79 137 45 60 47 21
is_linear=0
shrinkage=0.05


Tree=24
num_leaves=31
num_cat=0
split_feature=4 11 4 13 4 4 0 1 13 8 13 0 13 7 5 6 6 5 1 9 0 1 8 12 12 9 4 0 8 9
split_gain=644.576 19.2647 11.6444 10.9697 5.41006 4.13531 4.12912 3.07369 2.93595 2.93177 2.9275 2.73127 2.03794 4.72485 1.71291 3.06176 4.78267 1.46041 1.12235 1.58993 2.32678 0.983627 0.974224 1.21448 0.9439 1.08679 0.888002 0.964966 1.73811 0.975571
threshold=0.74166667461395275 0.013423423748463394 0.87083333730697643 0.032138252630829818 0.81534090638160717 0.79285714030265819 0.62114542722702037 0.76876676082611095 0.027039373293519024 0.94999998807907116 0.010582306887954475 0.59465178847312938 0.011050061322748663 0.77524381875991832 0.66064834594726574 0.73616525530815136 0.75265678763389599 0.71306359767913829 0.76012060046195995 0.78669700026512157 0.74252146482467662 0.80340343713760387 0.94999998807907116 0.0088107436895370501 0.016261236742138866 0.73381522297859203 0.87083333730697643 0.6499781906604768 1.0500000119209292 0.75337854027748119
decision_type=2 2 2 2 2 2 2 2 2 2 2 2 2 2 2 2 2 2 2 2 2 2 2 2 2 2 2 2 2 2
left_child=3 2 5 10 7 6 -2 11 9 -6 -1 -3 -4 22 -7 -16 -17 24 -10 20 -20 -21 -14 -24 25 -13 -11 28 -28 -29
right_child=1 4 12 -5 8 14 -8 -9 18 26 -12 17 13 -15 15 16 -18 -19 19 21 -22 -23 23 -25 -26 -27 27 29 -30 -31
leaf_value=-0.017262591938816754 0.0017296223723923647 0.0011762797515418105 0.056746199009524295 0.013702879085185646 0.010787653499017228 0.034671404811860734 -0.056112110839506818 -0.0046021762718257376 0.051200825460767957 0.036037896075647793 -0.052868073636028183 0.043335987892722555 0.0236641855142352 -0.0022351863363923464 -0.030305218753025311 0.038270256980766415 -0.011424330628438747 0.015663199096321249 0.047048135023971677 0.05241716905645033 0.0027955914939160349 0.032425551740510386 0.031303469410549491 0.055846477293590435 0.051875490663243401 0.017420722106118662 0.027893475422436271 0.023923853882875976 0.054929693018960918 0.043741327964015871
leaf_weight=5.8725892556831232 6.4442989700473827 5.9630158925428978 8.6351232640445215 6.418778406456112 8.2966926470398885 5.1416245095897493 5.9196646397467703 6.343521866016089 159.64040721952915 45.098884198814631 340.51050550001673 11.771717126481237 6.9110925123095539 8.7712877192534489 5.4086987897753742 9.2408573841676134 10.170170919504015 6.3324787234887472 6.4472176730632764 26.669574752449989 5.5082329139113426 7.9980097189545623 8.8015765212476271 11.795795949175952 13.657216407358648 6.1638382747769347 7.2386758327484122 8.4707740247249621 33.253442153334618 23.270032174885273
leaf_count=218 199 58 16 65 31 54 425 94 268 93 33632 29 37 79 145 54 208 45 10 41 11 16 28 21 23 36 14 15 53 42
internal_value=-1.26049e-10 0.0383829 0.0171827 -0.0510642 0.043223 -0.00163497 -0.0259641 0.0279305 0.0455375 0.0395117 -0.0522644 0.0326327 0.0349155 0.0297194 0.00840477 0.0029634 0.0122334 0.0375786 0.0492076 0.0423827 0.0266597 0.047805 0.0399084 0.0453589 0.0419714 0.0344298 0.0415429 0.0449799 0.0500965 0.0384526
internal_weight=822.166 469.364 87.2402 352.802 382.124 42.3253 12.364 50.2318 331.892 125.629 346.383 43.8883 44.9149 36.2798 29.9614 24.8197 19.411 37.9253 206.263 46.623 11.9555 34.6676 27.5085 20.5974 31.5928 17.9356 117.332 72.2329 40.4921 31.7408
internal_count=36060 2145 1266 33915 879 1085 624 285 594 248 33850 191 181 165 461 407 262 133 346 78 21 57 86 49 88 65 217 124 67 57
is_linear=0
shrinkage=0.05


Tree=25
num_leaves=31
num_cat=0
split_feature=4 11 4 13 4 7 13 1 9 2 12 13 13 13 9 9 2 4 8 6 2 1 7 11 4 11 0 7 11 2
split_gain=586.634 18.5407 10.5756 10.28 5.68065 3.81825 3.60679 4.80157 3.16415 3.00736 3.44339 2.95862 2.77221 2.48449 2.42714 2.24828 2.58184 1.98354 1.97569 1.55497 3.06487 1.46932 2.66791 1.23932 1.17905 1.34977 1.10198 1.07458 0.958775 0.906067
threshold=0.74166667461395275 0.013423423748463394 0.86190477013587963 0.032138252630829818 0.82843136787414562 0.76330918073654186 0.023994351737201217 0.73494738340377819 0.76563793420791637 0.74428054690361034 0.016261236742138866 0.010582306887954475 0.028953939676284794 0.010256679728627207 0.81395241618156444 0.77834284305572521 0.75043737888336193 0.87867647409439098 1.1500000357627871 0.65538600087165844 0.68226900696754467 0.73494738340377819 0.75864949822425853 0.012270400300621988 0.89444443583488475 0.013793759513646366 0.57634258270263683 0.71319523453712474 0.014389234129339458 0.76968035101890575
decision_type=2 2 2 2 2 2 2 2 2 2 2 2 2 2 2 2 2 2 2 2 2 2 2 2 2 2 2 2 2 2
left_child=3 2 5 11 9 6 7 -2 -9 10 19 -1 15 -4 17 24 18 -15 -17 -3 -21 27 -23 -19 25 -6 -27 -22 29 -18
right_child=1 4 13 -5 12 -7 -8 8 -10 -11 -12 -13 -14 14 -16 16 28 23 -20 20 21 22 -24 -25 -26 26 -28 -29 -30 -31
leaf_value=-0.016346327062048135 -0.039910065874295395 0.043064066534814205 0.062087212884356535 0.012522361992387066 0.015992181590344833 -0.030150960507500421 0.033193307423974146 0.030707919314432858 -0.019419321316395149 -0.00047940438104691441 0.050756501819298964 -0.052634496827145272 0.050408060784640822 0.0051744534703822226 -0.00038246347046729055 -0.012868611990006574 0.042980264947565155 0.019471096390643469 0.028177113924348865 -0.0017965197188937933 0.053762373993070156 -0.0071986769734094852 0.040356945518904182 0.044473038071477386 0.048930339961124308 0.020108258088849484 0.045212837611461651 0.025310289809216416 0.051186397281628965 0.015429655862505776
leaf_weight=5.7188613004982463 6.7086278209462824 10.336627773009239 6.2217755317687979 6.2967622801661483 6.0232586562633506 9.6091243210248631 8.6772998296655697 8.3864771379157883 5.040015975944697 7.2150557609274975 20.150112506002188 315.14169199753087 150.98328065872192 5.2182154692709437 6.2913466300815335 5.0957963913679105 6.3963391985744256 6.4295099969022003 6.9034233037382364 10.411385654006152 7.7898364616557974 5.6725161802023631 6.143097311258316 21.635004837065935 57.649868287146091 5.1074528396129599 30.326401138678193 5.7815798269584775 9.838471516966818 5.594375878572464
leaf_count=218 296 30 8 65 14 436 90 70 177 68 39 33632 266 34 55 25 13 47 19 72 13 61 34 53 101 14 54 26 16 14
internal_value=1.01607e-10 0.0375919 0.0164868 -0.0507461 0.0425649 -0.00285726 0.00624536 -0.00536794 0.0118912 0.030176 0.0335127 -0.0519877 0.0457721 0.0327159 0.0280982 0.0405067 0.0293769 0.0334818 0.0107459 0.0259813 0.0210487 0.0304177 0.0175261 0.0387452 0.0443056 0.0378746 0.0415943 0.0416415 0.0396181 0.0301263
internal_weight=768.794 441.636 84.2174 327.157 357.419 38.4215 28.8124 20.1351 13.4265 73.5002 66.2852 320.861 283.919 45.7959 39.5741 132.935 33.8284 33.2827 11.9992 46.135 35.7984 25.387 11.8156 28.0645 99.107 41.4571 35.4339 13.5714 21.8292 11.9907
internal_count=36060 2145 1266 33915 879 1069 633 543 247 343 275 33850 536 197 189 270 87 134 44 236 206 134 95 100 183 82 68 39 43 27
is_linear=0
shrinkage=0.05


Tree=26
num_leaves=31
num_cat=0
split_feature=4 11 4 13 4 8 13 9 11 2 13 13 5 0 9 1 9 11 5 0 0 4 2 3 2 9 13 8 7 7
split_gain=533.411 17.0512 9.94504 9.63179 5.51563 4.98938 3.26452 3.80885 3.40184 3.12822 3.09335 2.96495 2.95368 2.6123 2.33936 2.95477 2.21082 1.80177 2.40817 1.37056 2.28413 1.34547 1.68405 1.25168 0.874602 0.807843 0.739702 1.48725 3.46975 0.796932
threshold=0.74166667461395275 0.013423423748463394 0.82843136787414562 0.032138252630829818 0.81534090638160717 1.1500000357627871 0.010256679728627207 0.81527060270309459 0.012270400300621988 0.72099336981773388 0.028953939676284794 0.010582306887954475 0.72399455308914196 0.61272218823432933 0.77834284305572521 0.76217669248580944 0.75404056906700145 0.014389234129339458 0.75041848421096813 0.64373341202735912 0.54662063717842113 0.90454545617103588 0.62619060277938854 0.42710214853286749 0.72585108876228344 0.77013760805130016 0.031269090250134475 0.94999998807907116 0.71810719370841991 0.71900680661201488
decision_type=2 2 2 2 2 2 2 2 2 2 2 2 2 2 2 2 2 2 2 2 2 2 2 2 2 2 2 2 2 2
left_child=3 2 5 11 12 16 -4 8 9 -8 14 -1 13 -3 21 -16 -2 18 -17 20 -10 22 -6 25 -23 -15 27 28 -12 -29
right_child=1 4 6 -5 10 -7 7 -9 19 -11 26 -13 -14 23 15 17 -18 -19 -20 -21 -22 24 -24 -25 -26 -27 -28 29 -30 -31
leaf_value=-0.015564399486110714 0.017584882013676625 0.0020912619822212007 0.061038613694805545 0.011401401765615148 0.015541397979736114 -0.054690289886096304 0.029934270266004832 -0.01729608031415834 0.047255299769643717 -0.020417214595342903 0.053956100405954194 -0.05242525189780356 -0.0091223981037472073 0.036997624807409854 -0.0059058053902853198 -0.0056604996454285607 -0.01681425298085094 0.046711742490780715 0.03663421200003189 0.043403177419425135 0.0023472855563154735 0.052412424153208896 0.040959754564002582 0.054211264402665937 0.03351752664137457 0.018184133305278165 0.053823865576230451 0.043722505055965172 -0.0010214975128440302 0.053479443980173673
leaf_weight=5.5595198003575197 9.7197941378690356 6.8210931071080259 6.4462962150573722 6.1662157177925101 7.4777875691652289 5.1102999963331959 6.3380814259871823 5.1956647615879765 5.0575568098574859 6.0094619719311595 6.5454461574554426 291.27166640071664 5.3910716767422846 17.57579707168043 5.5169408544898024 5.186931191012266 8.9920511412201432 14.230793394148348 9.5843259096145612 22.097949996590614 6.4329699790105224 36.804537296295166 50.677706161513925 7.3863463466987005 7.3469142019748679 8.4488633014261705 55.976679116487503 39.369928956031799 5.1107358336448669 44.678659588098526
leaf_count=218 167 66 9 65 20 458 53 69 23 104 12 33632 83 54 24 21 268 29 22 64 51 69 103 17 14 65 105 80 10 85
internal_value=3.17331e-10 0.0367872 0.0162665 -0.05045 0.0417864 -0.010904 0.027508 0.0232807 0.0278702 0.00542856 0.044341 -0.0517349 0.0256319 0.0302889 0.0388899 0.0276345 0.00105424 0.0340148 0.0217824 0.0361201 0.0221136 0.0426875 0.0376914 0.0360456 0.0492683 0.0308899 0.0492583 0.0465879 0.0298508 0.0489091
internal_weight=718.528 415.531 81.4001 302.997 334.131 23.8221 57.578 51.1317 45.936 12.3475 288.507 296.831 45.6232 40.2321 136.826 34.519 18.7118 29.0021 14.7713 33.5885 11.4905 102.307 58.1555 33.411 44.1515 26.0247 151.681 95.7048 11.6562 84.0486
internal_count=36060 2145 1266 33915 879 893 373 364 295 157 594 33850 285 202 302 96 435 72 43 138 74 206 123 136 83 119 292 187 22 165
is_linear=0
shrinkage=0.05


Tree=27
num_leaves=31
num_cat=0
split_feature=4 12 11 4 4 13 4 9 13 1 13 7 0 4 7 13 11 0 9 5 7 4 13 8 2 5 5 13 0 9
split_gain=485.371 19.0971 12.4945 7.38668 6.28869 4.1418 3.28256 2.93009 2.84123 2.35052 2.34245 3.81867 2.32827 2.19476 1.98655 3.32376 3.15738 3.17295 1.7558 2.34259 1.41432 1.3632 0.962201 1.80648 1.91205 0.907734 1.95937 0.815344 0.970073 0.701146
threshold=0.77350428700447094 0.016261236742138866 0.013423423748463394 0.71008405089378368 0.87083333730697643 0.028953939676284794 0.89444443583488475 0.73866027593612682 0.010582306887954475 0.71073532104492199 0.011050061322748663 0.77524381875991832 0.55505460500717174 0.74166667461395275 0.67038786411285411 0.011299795936793091 0.01197647722437978 0.66681268811225902 0.79573816061019909 0.70194309949874889 0.7886590063571931 0.82843136787414562 0.013072453904896976 1.1500000357627871 0.74743172526359569 0.72399455308914196 0.74899527430534374 0.030104913748800758 0.78687095642089855 0.79893505573272716
decision_type=2 2 2 2 2 2 2 2 2 2 2 2 2 2 2 2 2 2 2 2 2 2 2 2 2 2 2 2 2 2
left_child=1 8 4 -3 14 6 7 12 -1 -9 -6 22 -4 -10 -2 -16 -17 -18 19 -11 -8 27 -12 24 -24 -21 -27 -7 -29 -22
right_child=2 3 5 -5 10 21 20 9 13 18 11 -13 -14 -15 15 16 17 -19 -20 25 29 -23 23 -25 -26 26 -28 28 -30 -31
leaf_value=-0.014932843041663708 0.02841044913406128 -0.030018803272078145 0.0084504074856815523 0.05012937525792497 0.057262882878003435 0.02008283801743881 0.047212177830577344 -0.011444348621118469 -0.052317974363796566 3.1158693197318593e-05 0.018301573252226949 -0.0032900616237558689 0.044003732824306668 -0.027839555625509639 0.028531588149473104 -0.039562723704768932 -0.022914704213493148 0.02615032558597967 0.0046011352094954949 0.050367255292248281 0.039215321348336649 0.049861376745395543 0.0063648189649331338 0.05969645042639609 0.048320400241357413 0.0045042867402263521 0.043059530551573258 0.048776601315164071 0.023756832542647644 0.013850102476941293
leaf_weight=5.4224219731986514 6.141092298901639 5.1686687285546196 5.3352140970528117 6.4774689474143088 7.5885641761124125 5.4956083595752743 58.190770298242569 5.1794415935873976 267.16728220169898 5.1454263105988529 5.7378038112074163 8.1257819077000004 33.635878968983889 9.4821416393388045 6.3269731104373959 7.2066828366369036 6.5954407779499871 6.5846795779652894 8.489505257457493 8.4662166871130484 5.9748711008578521 128.74750863015652 5.1658055316656846 8.0140400789678079 5.7251977808773518 5.0249303355813018 9.5732025466859323 14.087295260280372 5.3437524549663058 5.0078804045915604
leaf_count=219 92 371 20 24 16 19 120 23 33317 31 32 79 71 550 73 284 152 69 44 17 14 266 27 14 13 20 20 33 14 16
internal_value=1.09506e-10 -0.0481858 0.0375502 0.0145588 0.019009 0.04202 0.0361103 0.0292692 -0.0507764 0.020087 0.032231 0.0264341 0.0391364 -0.051479 0.00276771 -0.00312717 -0.0129524 0.00159778 0.0245371 0.0305366 0.0441062 0.0477893 0.0362354 0.0416785 0.0284201 0.0373421 0.0297881 0.0370867 0.0418959 0.0276494
internal_weight=670.628 293.718 376.91 11.6461 73.2121 303.698 150.023 80.8498 282.072 41.8787 40.3572 32.7686 38.9711 276.649 32.8549 26.7138 20.3868 13.1801 36.6993 28.2098 69.1735 153.674 24.6428 18.905 10.891 23.0643 14.5981 24.9267 19.431 10.9828
internal_count=36060 34481 1579 395 851 728 396 246 34086 155 181 165 91 33867 670 578 505 221 132 88 150 332 86 54 40 57 40 66 47 30
is_linear=0
shrinkage=0.05


Tree=28
num_leaves=31
num_cat=0
split_feature=4 12 11 4 13 13 9 13 13 4 4 4 9 1 4 7 1 0 8 1 7 11 4 11 0 8 7 2 1 9
split_gain=439.764 19.3367 11.2236 10.8769 3.56206 2.8402 2.51353 3.58057 4.44931 3.20594 2.3424 2.26921 2.08551 3.35023 1.62466 1.38061 1.56822 1.30697 1.58358 1.05129 1.67108 2.90114 0.99416 1.78648 1.61818 0.963756 0.893449 0.767759 0.644557 0.578304
threshold=0.77350428700447094 0.016261236742138866 0.013606071937829258 0.87083333730697643 0.028953939676284794 0.010582306887954475 0.75125458836555492 0.027554749511182312 0.011050061322748663 0.91287881135940563 0.79285714030265819 0.74166667461395275 0.77834284305572521 0.76217669248580944 0.86190477013587963 0.76330918073654186 0.73494738340377819 0.55010113120079052 1.0500000119209292 0.76012060046195995 0.76904621720314037 0.014599318150430919 0.85164836049079906 0.013986697886139156 0.61778146028518688 1.1500000357627871 0.75913897156715404 0.72585108876228344 0.6808936893939973 0.75538477301597606
decision_type=2 2 2 2 2 2 2 2 2 2 2 2 2 2 2 2 2 2 2 2 2 2 2 2 2 2 2 2 2 2
left_child=1 5 3 10 12 -1 28 8 -8 -10 -2 -7 17 -14 -15 16 -12 18 -4 -6 21 -21 23 -19 -25 -16 -11 -24 -5 -18
right_child=2 -3 4 6 19 11 7 -9 9 26 15 -13 13 14 25 -17 29 22 -20 20 -22 -23 27 24 -26 -27 -28 -29 -30 -31
leaf_value=-0.014169888949688873 -0.029260992985521834 0.020277989172074323 0.0032629607000291892 0.037481024452629949 0.049617819368430544 -0.052130086402636638 0.05841161683229841 0.056120710374835417 -0.018858579927981414 0.038539223439573174 -0.0069112143405978283 -0.026717379822470695 -0.010779931192089889 0.012756651661280295 0.026188791753907828 -0.013453709480032112 0.034382645263202456 0.045738677147735489 0.038592556324720716 0.048452268455084047 0.051426498482254293 0.0061738290660412042 0.049819164937088559 0.040506133967453485 0.010502268242361147 0.048278779077775696 0.0091425150053518547 0.032832097889596505 0.057456287110024831 0.013305006776855074
leaf_weight=5.2772237360477439 6.0118764422368249 10.02591016073711 5.1633921191096297 6.1224950514733818 107.33700491115451 247.12083465512842 5.1114102751016679 7.9523606225848189 7.7006667605601278 5.1397002693265659 7.3519456217764008 9.1082031747791898 5.4559830129146567 7.9235670585185316 8.2510844357311743 7.3995521473698309 5.4400438386946908 21.406064908951521 8.2229778878390771 8.4363413751125389 14.593334294855593 7.8176470808684817 37.483314707875252 8.366586662828924 9.7081876620650274 12.29538933932781 5.1995008876547217 8.0866513252258283 11.864274971187113 8.0992936461698246
leaf_count=219 218 395 22 17 255 33317 11 16 90 16 163 550 28 37 26 178 26 47 22 15 34 18 82 23 31 25 32 19 22 106
internal_value=-2.24139e-11 -0.0478663 0.0367216 0.0206844 0.0416648 -0.0504789 0.035779 0.0271753 0.0172327 0.00556506 -0.000917464 -0.0512267 0.0358028 0.0251121 0.0319905 0.00510561 0.0116792 0.0394874 0.0249652 0.0472799 0.0391447 0.0281177 0.041773 0.0359653 0.0243907 0.0394078 0.0237559 0.0468047 0.0506569 0.0217739
internal_weight=625.473 271.532 353.941 83.3931 270.548 261.506 49.0904 31.1036 23.1513 18.0399 34.3027 256.229 132.363 33.926 28.47 28.2908 20.8913 98.4372 13.3864 138.184 30.8473 16.254 85.0508 39.4808 18.0748 20.5465 10.3392 45.57 17.9868 13.5393
internal_count=36060 34481 1579 895 684 34086 204 165 149 138 691 33867 362 116 88 473 295 246 44 322 67 33 202 101 54 51 48 101 39 132
is_linear=0
shrinkage=0.05


Tree=29
num_leaves=31
num_cat=0
split_feature=4 4 8 8 4 13 11 9 11 13 11 0 9 0 4 0 7 9 4 0 1 9 7 13 1 8 5 13 2 2
split_gain=398.519 14.2075 16.0183 8.57533 7.56484 7.30334 5.87818 3.94878 4.15542 4.57602 4.29351 3.08962 3.28995 2.62543 2.16066 1.76218 1.49074 1.37402 1.29718 1.31094 1.21065 1.24857 1.74093 0.983063 1.74321 1.15949 1.36525 0.844148 0.638195 1.24971
threshold=0.74166667461395275 0.81534090638160717 1.1500000357627871 0.75000000000000011 0.59411767125129711 0.027644185349345211 0.013606071937829258 0.74784129858016979 0.013793759513646366 0.011050061322748663 0.01183473411947489 0.64373341202735912 0.79893505573272716 0.63236719369888317 0.87083333730697643 0.61272218823432933 0.71722224354743969 0.78577107191085827 0.86190477013587963 0.66606813669204723 0.64691081643104564 0.71288743615150463 0.73198747634887706 0.031269090250134475 0.80340343713760387 0.94999998807907116 0.68418914079666149 0.013606071937829258 0.70271760225296032 0.75404870510101329
decision_type=2 2 2 2 2 2 2 2 2 2 2 2 2 2 2 2 2 2 2 2 2 2 2 2 2 2 2 2 2 2
left_child=3 2 6 4 -1 7 13 14 9 -9 -11 -12 27 -2 20 -8 -10 -17 19 -18 -3 -22 -23 24 25 26 -7 -13 -20 -30
right_child=1 5 -4 -5 -6 23 15 8 16 10 11 12 -14 -15 -16 17 18 -19 28 -21 21 22 -24 -25 -26 -27 -28 -29 29 -31
leaf_value=-0.053620676470688425 0.011083201010417577 0.0076718470598350699 -0.05803613565806303 -0.051899529931046108 0.024344135027383307 0.047531387714075481 0.0096269576385060035 0.051463269783997401 0.013650193435840369 -0.031388738423632517 -0.011016220479453569 0.021038212255185769 -0.0053020479027474244 -0.033642639172837996 0.048010973877825963 0.044513762967240911 0.042050155367120937 0.019006999114479634 0.061732703729310716 0.0076973913068341775 0.049055317830235472 0.0052343265003577909 0.040961113904151081 0.053407448728752582 0.016624414665258058 0.048133899719653955 0.011756036805766109 0.045937278249225305 0.027050367375241996 0.053409678126887065
leaf_weight=5.5111528821289522 8.7331916843540949 5.0689258449710932 7.2391801630146793 226.03660474624485 7.1449814499355853 5.6261451691389066 6.7133669210597864 6.6257483381777993 6.5875464528799048 6.2613699882058418 8.7104534944519418 5.2389994151890305 6.5384073276072732 5.2557697887532404 38.784135784953833 21.112197737209502 5.7783255651593191 7.0406198985874644 5.1949622333049801 5.3469624295830727 9.1016216082498449 6.0985958916135115 7.7341320491395891 43.732584148645401 5.3537042178213587 77.629884965717793 5.0698666870594025 9.7187384134158474 7.9968846514821079 10.272857792675493
leaf_count=602 167 31 575 33178 135 14 40 25 24 164 89 29 47 192 91 55 13 50 9 19 30 39 31 105 20 198 10 32 25 21
internal_value=2.15602e-10 0.0343992 0.011375 -0.049657 -0.00960588 0.0388763 0.0216601 0.0312885 0.0240917 0.0132385 0.00629352 0.0141045 0.0242836 -0.00572067 0.0403692 0.0326458 0.0354501 0.0381349 0.0396018 0.0255398 0.0297855 0.034673 0.0252098 0.0472178 0.0443282 0.0460074 0.030574 0.0372163 0.046269 0.0418719
internal_weight=583.258 344.565 56.0943 238.693 12.6561 288.471 48.8551 151.059 84.2713 43.0937 36.468 30.2066 21.4961 13.989 66.7874 34.8662 41.1775 28.1528 34.59 11.1253 28.0033 22.9343 13.8327 137.412 93.6796 88.3259 10.696 14.9577 23.4647 18.2697
internal_count=36060 2145 1079 33915 737 1066 504 719 497 386 361 197 108 359 222 145 111 105 87 32 131 100 70 347 242 222 24 61 55 46
is_linear=0
shrinkage=0.05


Tree=30
num_leaves=31
num_cat=0
split_feature=4 4 8 8 13 4 11 9 11 13 11 0 9 0 2 4 7 0 1 4 0 0 1 5 9 7 1 13 4 1
split_gain=360.691 13.0322 13.8701 8.32742 7.20624 7.13154 5.00836 3.77946 3.02791 3.98394 3.91356 2.30768 3.61218 2.10335 2.04022 1.96079 1.78125 1.60749 1.31316 1.1729 1.19615 0.944948 0.928091 0.907175 0.728202 1.86976 0.58947 0.518103 1.00109 1.04414
threshold=0.74166667461395275 0.81534090638160717 1.1500000357627871 0.75000000000000011 0.027644185349345211 0.59411767125129711 0.013606071937829258 0.74784129858016979 0.013793759513646366 0.011050061322748663 0.01183473411947489 0.66681268811225902 0.78001978993415844 0.67648085951805126 0.71436753869056713 0.87083333730697643 0.71722224354743969 0.61272218823432933 0.72258973121643078 0.86190477013587963 0.66606813669204723 0.57079032063484203 0.80340343713760387 0.73065295815467846 0.71288743615150463 0.73198747634887706 0.69517451524734508 0.030348325148224834 0.91287881135940563 0.74016287922859203
decision_type=2 2 2 2 2 2 2 2 2 2 2 2 2 2 2 2 2 2 2 2 2 2 2 2 2 2 2 2 2 2
left_child=3 2 6 5 7 -1 14 15 9 -9 -11 12 -12 -13 -2 21 -10 -8 26 20 -18 -3 27 -15 -23 -26 -19 28 29 -6
right_child=1 4 -4 -5 22 -7 17 8 16 10 11 13 -14 23 -16 -17 19 18 -20 -21 -22 24 -24 -25 25 -27 -28 -29 -30 -31
leaf_value=-0.053353124182065906 -0.030340951457583167 0.010469216714512253 -0.057034035555901336 -0.05175044563746814 0.045956695721682372 0.024016319876447544 0.0088179283917700704 0.050027425527392123 0.0093485139610744433 -0.029543733860153701 0.021390024548537445 0.052320525667718443 -0.031407621087072145 0.029145009701634073 0.0098682104202128702 0.047195320732879617 0.040748867004701934 0.034872191399671799 0.022445256235859724 0.04460301538527546 0.0070140837546225805 0.045106203391844062 0.029563033417501675 -0.00094161994590212083 0.0034448467000315081 0.043001095330547204 0.053929515576377776 0.05108463623700691 0.053695660263999315 0.028841198959938488
leaf_weight=5.2163478382863087 5.0081315631978205 5.3394149625673917 6.5619176100008181 207.65874559502117 24.928448766469955 6.9422920127399266 6.5028833318501702 6.4245012365281573 6.4960735365748397 6.0058338465169063 7.8261664966121334 5.6195511389523736 5.5275648003444076 5.0120013523846847 8.5246946690604073 36.16707381978631 5.3884574994444829 7.4038513693958583 10.173206830397246 21.968344796448946 5.1286219693720341 8.6852991571649927 7.3598919976502648 5.0097643472254276 5.1999645726755244 7.0210691401734948 8.9781590253114683 60.903716534376144 19.627988297492266 13.868149681016801
leaf_count=602 188 44 575 33178 70 135 40 25 24 164 56 13 64 22 171 91 13 23 60 55 19 28 24 42 33 26 22 162 51 40
internal_value=1.26549e-10 0.0336515 0.0110244 -0.0493956 0.038114 -0.00917703 0.0206098 0.0304137 0.0232476 0.0138354 0.00719224 0.0148015 -0.000464722 0.027835 -0.00501211 0.0396458 0.0332499 0.0310985 0.0365546 0.0380294 0.0242982 0.0292423 0.0467949 0.0141051 0.0340369 0.0261702 0.0453166 0.0478578 0.044494 0.0398386
internal_weight=542.478 322.661 53.1528 219.817 269.508 12.1586 46.5909 142.82 80.4069 41.4254 35.0009 28.995 13.3537 15.6413 13.5328 62.4128 38.9815 33.0581 26.5552 32.4854 10.5171 26.2457 126.688 10.0218 20.9063 12.221 16.382 119.328 58.4246 38.7966
internal_count=36060 2145 1079 33915 1066 737 504 719 497 386 361 197 120 77 359 222 111 145 105 87 32 131 347 64 87 59 45 323 161 110
is_linear=0
shrinkage=0.05


Tree=31
num_leaves=31
num_cat=0
split_feature=4 4 8 8 13 3 11 9 11 6 9 7 4 0 1 4 1 11 9 0 4 13 1 0 8 1 5 9 7 1
split_gain=325.869 12.0839 12.4898 8.00648 7.00627 6.35456 4.17989 3.56772 2.33656 3.61421 3.24548 1.98981 1.79956 1.70151 1.31038 1.20272 1.19575 2.4834 1.18423 1.12825 1.03203 0.95601 1.65358 0.928188 0.900916 0.665167 2.05914 0.638999 1.30925 0.601301
threshold=0.74166667461395275 0.81534090638160717 1.1500000357627871 0.75000000000000011 0.027644185349345211 0.37670108675956732 0.013606071937829258 0.74784129858016979 0.013793759513646366 0.73616525530815136 0.81527060270309459 0.71722224354743969 0.87083333730697643 0.61272218823432933 0.72258973121643078 0.86190477013587963 0.74920108914375316 0.012739370577037336 0.75404056906700145 0.66606813669204723 0.91287881135940563 0.031269090250134475 0.80340343713760387 0.57079032063484203 0.94999998807907116 0.74016287922859203 0.69472807645797741 0.71288743615150463 0.73344078660011303 0.69517451524734508
decision_type=2 2 2 2 2 2 2 2 2 2 2 2 2 2 2 2 2 2 2 2 2 2 2 2 2 2 2 2 2 2
left_child=3 2 6 5 7 -1 18 12 9 -9 16 -10 23 -8 29 19 -11 -18 -2 -13 -19 22 24 -3 -6 -26 -27 -25 -29 -15
right_child=1 4 -4 -5 21 -7 13 8 11 10 -12 15 -14 14 -16 -17 17 20 -20 -21 -22 -23 -24 27 25 26 -28 28 -30 -31
leaf_value=-0.045189857916465043 0.0099308019932798728 0.0096873259434773259 -0.056757296318743669 -0.051616356911363848 0.030522371526812326 0.028436812838938855 0.0065177031115555787 -0.025356996660041667 0.0061810821987050707 0.0473778889818392 -0.013716546488694853 0.039418381131615353 0.046361571034054284 0.033866270483935278 0.021264819099411202 0.043805978613145911 0.0011977088141613284 0.021383365162381318 -0.020169411146919416 0.0058987184131747911 0.048078668424751073 0.052933581010814683 0.0154247572934583 0.044385412752190975 0.051266290006262628 0.017846463686339901 0.049304537881636197 0.0078045408047649123 0.04175028270324508 0.053846287721714584
leaf_weight=5.9701969181187433 7.0629679318517429 5.1428261641413 6.0736310440115622 190.53624205710366 9.3574873954057676 5.7560827531851828 6.369361623190346 5.0625111951958379 6.3883476331830016 5.6438610395416644 5.9830810651183119 5.0293164253234881 33.748864598572254 6.9538291627541211 9.8508311212062818 20.511863879859447 9.0461783276405203 7.3187972754240018 6.081057948525995 5.0123697444796562 7.1646331278607249 36.630276024341583 5.0279979258775702 8.0253019351512211 39.062218472361565 7.0538010178133872 19.813629630953074 5.306673845741896 6.1120846760459244 8.2133704889565688
leaf_count=598 144 44 575 33178 24 139 40 79 24 23 73 13 91 23 60 55 152 41 215 19 18 105 20 28 121 20 57 34 25 22
internal_value=-1.44549e-10 0.0328031 0.0105032 -0.0491485 0.0372734 -0.00904871 0.0196769 0.0295349 0.0224803 0.0141415 0.0198293 0.0315588 0.0388659 0.0295899 0.0354639 0.036865 0.026709 0.0217514 -0.003995 0.0226868 0.0345889 0.0462395 0.0431865 0.0285772 0.0450406 0.0471011 0.0410455 0.0335734 0.0259746 0.0446859
internal_weight=505.31 303.047 50.605 202.263 252.442 11.7263 44.5314 135.497 77.161 40.2191 35.1566 36.9419 58.3358 31.3874 25.018 30.5536 29.1735 23.5296 13.144 10.0417 14.4834 116.945 80.3151 24.5869 75.2871 65.9296 26.8674 19.4441 11.4188 15.1672
internal_count=36060 2145 1079 33915 1066 737 504 719 497 386 307 111 222 145 105 87 234 211 359 32 59 347 242 131 222 198 77 87 59 45
is_linear=0
shrinkage=0.05


Tree=32
num_leaves=31
num_cat=0
split_feature=4 4 8 8 13 3 11 9 13 11 13 4 0 11 8 9 9 4 0 9 1 2 9 7 1 12 12 13 4 1
split_gain=293.911 11.1087 11.0123 7.79012 6.84247 5.89786 3.70195 3.36284 2.26648 5.46034 2.20928 1.68798 1.56055 1.48324 1.3845 2.03544 1.35994 1.31483 1.26515 1.08042 0.952709 0.859361 1.11767 0.748225 0.679884 0.543489 0.868397 0.523374 1.0678 0.956312
threshold=0.74166667461395275 0.81534090638160717 1.1500000357627871 0.75000000000000011 0.027644185349345211 0.37670108675956732 0.013606071937829258 0.74784129858016979 0.011050061322748663 0.01183473411947489 0.013793759513646366 0.87083333730697643 0.61272218823432933 0.013245614245533945 1.1500000357627871 0.76403486728668224 0.78577107191085827 0.86190477013587963 0.66746413707733165 0.75404056906700145 0.80340343713760387 0.62865653634071361 0.71288743615150463 0.73344078660011303 0.77696833014488231 0.016001024283468727 0.012422839645296337 0.030348325148224834 0.91287881135940563 0.74016287922859203
decision_type=2 2 2 2 2 2 2 2 2 2 2 2 2 2 2 2 2 2 2 2 2 2 2 2 2 2 2 2 2 2
left_child=3 2 6 5 7 -1 19 11 -9 -10 13 21 -8 24 15 -12 25 18 -16 -2 27 -3 -23 -24 -11 26 -14 28 29 -6
right_child=1 4 -4 -5 20 -7 12 8 9 10 14 -13 16 -15 17 -17 -18 -19 -20 -21 -22 22 23 -25 -26 -27 -28 -29 -30 -31
leaf_value=-0.044434696358488811 0.0096589251844686821 0.0094184280583901082 -0.056200430035223306 -0.051495658649524635 0.044700500842871901 0.027644706851224995 0.0059482324378232225 0.050663017107657242 -0.028135991820192826 0.0085425460857175787 0.039728259918281938 0.045540019323557987 0.048047237126006587 -0.008313437562747784 0.040542631173000436 0.0044170657158509909 0.014183227929761431 0.045981661310228308 0.006222068551329272 -0.01945928989617499 0.027683385825196978 0.047538664351144011 0.0085460280471196994 0.035194434253539145 0.03308484818166707 0.054433045394404467 0.020953811271714314 0.050483871097771263 0.053715270957933138 0.02725518567622881
leaf_weight=5.7328906545881164 6.9034128696657699 5.0075888326391604 5.549216089770197 174.59110876050545 20.965513676404953 5.6202168543823063 6.1584319639951017 6.1750136241316786 5.6286929231137028 5.8432035250589269 6.7578783538192537 31.546346429735422 6.3348575504496747 7.475315134972333 5.3255132148042339 10.303102321922777 6.2356458613649002 15.558787199668584 5.4159921575337648 5.9154423754662275 6.8752887155860654 7.5304978778585818 5.095854446757583 5.4525496535934508 5.4576227907091379 5.4792185127735129 5.5474713072180748 50.977835565805435 16.455352481454611 12.562873513437806
leaf_count=598 144 34 575 33178 70 139 40 25 164 55 24 91 19 43 19 46 50 44 27 215 24 32 36 29 50 16 20 162 51 40
internal_value=-9.14044e-11 0.0319471 0.0100499 -0.0488859 0.0364045 -0.00875267 0.018685 0.0286143 0.0216635 0.019021 0.0232927 0.0380215 0.0283623 0.00896536 0.0294967 0.0184039 0.0342119 0.0366927 0.0232378 -0.00377809 0.0456928 0.0277479 0.0328249 0.0223208 0.020395 0.0414055 0.0353982 0.0469192 0.0432836 0.0381639
internal_weight=470.479 284.535 48.1237 185.944 236.411 11.3531 42.5745 128.574 73.9411 67.7661 62.1374 54.6328 29.7556 18.7761 43.3613 17.061 23.5972 26.3003 10.7415 12.8189 107.837 23.0865 18.0789 10.5484 11.3008 17.3615 11.8823 100.962 49.9837 33.5284
internal_count=36060 2145 1079 33915 1066 737 504 719 497 472 308 222 145 148 160 70 105 90 46 359 347 131 97 65 105 55 39 323 161 110
is_linear=0
shrinkage=0.05


Tree=33
num_leaves=31
num_cat=0
split_feature=4 13 8 4 3 9 13 1 13 11 9 2 4 9 4 7 5 0 2 0 12 4 7 3 11 4 2 2 7 7
split_gain=264.943 10.6174 7.58504 7.26463 5.31518 4.22393 4.1121 3.39552 2.21737 5.70287 2.655 3.71343 1.90798 1.8597 2.02455 1.68048 1.57565 1.55161 1.41191 1.83897 1.39136 0.938511 0.882167 0.799157 1.01408 0.729662 0.626877 0.533534 0.529733 0.724426
threshold=0.74166667461395275 0.028953939676284794 0.75000000000000011 0.79285714030265819 0.37670108675956732 0.73866027593612682 0.025483057834208015 0.7018774449825288 0.011299795936793091 0.01183473411947489 0.77834284305572521 0.72039443254470836 0.82843136787414562 0.82967448234558117 0.86190477013587963 0.71134009957313549 0.75179105997085582 0.50962871313095104 0.72519841790199291 0.71021124720573436 0.016261236742138866 0.90454545617103588 0.70135030150413524 0.37007592618465429 0.013423423748463394 0.89444443583488475 0.75404870510101329 0.62250030040740978 0.72016102075576793 0.71382072567939769
decision_type=2 2 2 2 2 2 2 2 2 2 2 2 2 2 2 2 2 2 2 2 2 2 2 2 2 2 2 2 2 2
left_child=2 3 4 6 -1 17 15 -7 -9 -10 18 -12 20 14 -13 -2 26 -5 25 21 -3 -20 -22 24 -19 -11 -16 -26 29 -14
right_child=1 12 -4 5 -6 7 -8 8 9 10 11 13 28 -15 16 -17 -18 23 19 -21 22 -23 -24 -25 27 -27 -28 -29 -30 -31
leaf_value=-0.043541498267748446 -0.0067468774249639547 0.013006800190950216 -0.051388594087574346 0.012526903503424648 0.025911586327587895 -0.017731402150468551 0.028500254494989403 0.046403115717234739 -0.026814566258311068 0.034433960643868562 -0.024200546001110861 0.0046496158798268383 0.045890204083674543 -0.0058805627807450925 0.0093434576059552576 -0.044072906377472423 0.050727359948823186 0.021530315992550009 0.0030046042568171428 0.049362044458883869 0.052002893906351426 0.02818480032297729 0.024598184051951345 0.057419385666148383 0.029015427265754803 0.05392843434453172 0.032602062459848612 0.045726206718265335 0.051378266735567314 0.026284128037482552
leaf_weight=5.4601017602253687 6.914156650425868 7.5195951603818694 159.98943855211837 5.0929945404641321 5.5596067316364497 5.3699828097596756 5.659259194508194 9.2420224393717927 5.8973678085021666 11.150660498067738 5.2546004843898109 7.9145376076921847 35.392583578824997 5.4080479610711327 5.0859016068279761 5.3477198772598058 8.5958782620727998 6.9371711174026123 7.7963331155478972 5.260473556816577 6.949137331917882 7.0438450425863266 5.0856804610230029 6.8126157275401047 5.8601516000926521 8.4278928786516172 6.7313958322629333 25.829838778823614 39.961235865950584 5.4349243789911261
leaf_count=598 223 64 33178 43 139 70 92 64 176 55 47 77 122 41 23 463 26 92 53 13 23 21 24 20 20 28 28 85 136 16
internal_value=-2.05371e-10 0.0310301 -0.048625 0.02333 -0.00850138 0.0269312 -0.00675449 0.0209364 0.0231499 0.0206086 0.0241636 0.0148974 0.0438938 0.0209872 0.0261166 -0.0230257 0.0344397 0.0386971 0.033269 0.0239605 0.0298797 0.0149563 0.0404222 0.0416303 0.0388456 0.0428257 0.0225921 0.042636 0.0472858 0.0432803
internal_weight=438.985 267.976 171.009 167.633 11.0197 149.712 17.9211 99.1789 93.809 84.5669 78.6696 38.9904 100.343 33.7358 28.3277 12.2619 20.4132 50.5328 39.6792 20.1007 19.5544 14.8402 12.0348 45.4398 38.6272 19.5786 11.8173 31.69 80.7887 40.8275
internal_count=36060 2145 33915 1760 737 982 778 722 652 588 412 242 385 195 154 686 77 260 170 87 111 74 47 217 197 83 51 105 274 138
is_linear=0
shrinkage=0.05


Tree=34
num_leaves=31
num_cat=0
split_feature=4 13 8 4 3 9 9 1 0 2 4 0 11 13 11 9 0 4 12 0 2 12 7 3 11 11 7 1 7 2
split_gain=239.14 9.88049 7.40849 6.40347 4.95355 3.94384 3.59236 3.23329 2.50517 2.45519 1.90394 1.79531 1.78353 2.52365 3.31665 2.74867 1.25438 1.24989 1.17588 1.06754 1.04957 1.34261 0.853759 0.773736 1.00682 0.597382 0.534289 0.742464 0.569762 0.50727
threshold=0.74166667461395275 0.028953939676284794 0.75000000000000011 0.79285714030265819 0.37670108675956732 0.73866027593612682 0.75593116879463207 0.7018774449825288 0.74049150943756115 0.69080445170402538 0.82843136787414562 0.73195028305053722 0.014389234129339458 0.011299795936793091 0.012270400300621988 0.77834284305572521 0.51377049088478099 0.89444443583488475 0.016261236742138866 0.66681268811225902 0.72519841790199291 0.0088890646584332007 0.69851335883140575 0.37007592618465429 0.013423423748463394 0.014815627597272398 0.72016102075576793 0.76012060046195995 0.70664054155349743 0.62250030040740978
decision_type=2 2 2 2 2 2 2 2 2 2 2 2 2 2 2 2 2 2 2 2 2 2 2 2 2 2 2 2 2 2
left_child=2 3 4 6 -1 16 9 -7 11 -2 18 12 13 -9 -15 20 -5 -14 -3 -17 -16 -22 -20 24 -18 -19 27 28 -12 -26
right_child=1 10 -4 5 -6 7 -8 8 -10 -11 26 -13 17 14 15 19 23 25 22 -21 21 -23 -24 -25 29 -27 -28 -29 -30 -31
leaf_value=-0.042763388180976386 -0.010668500682864275 0.013103540344096038 -0.051292835240348944 0.014665860340928398 0.025312637745595137 -0.017723015964575636 -0.039262204802935206 0.043334835359054524 -0.0074364445942439079 0.035780021098947928 0.050057362482029168 0.053204187689720329 0.021415426953783422 -0.02216382289700701 0.03881038016964071 -0.0088040996764976887 0.020515873463689951 0.059821412020306802 0.051569477935281827 0.01589006655651223 0.0056819543972239372 0.036830347481971004 0.023808352589837989 0.057055077457422748 0.027884041525656822 0.036043880647153068 0.05104972138796663 0.030033328410759053 0.032657879450125792 0.045078999291785764
leaf_weight=5.2602564904373121 6.5057277022860962 7.2506715662311771 146.63761738594621 5.1585850403644136 5.4312611343339086 5.2936606931034467 5.5608743107877663 8.847423284314571 6.4847100387560195 5.0560271786525846 22.918765917420391 5.2247087615542105 7.8632060494273928 5.5274267126806071 13.343800159171225 8.8527734326198715 6.718610994052141 5.1992974877357465 6.0975184068083763 8.6558325625956041 7.9490466327406448 6.1254027467221022 5.0742040923796594 6.2289005629718295 5.2285791970789459 5.3696428760886192 36.547942519187927 8.9970173612236959 5.9204193502664557 23.873786177486181
leaf_count=598 183 64 33178 44 139 70 512 62 89 83 97 26 37 160 61 74 92 13 22 52 42 19 25 20 19 17 136 19 22 85
internal_value=1.25234e-10 0.0302092 -0.0483631 0.022645 -0.00818096 0.0261292 -0.00623933 0.0202459 0.0224931 0.00964373 0.0431741 0.0248327 0.0229257 0.0187033 0.0143841 0.0188806 0.0379357 0.0365105 0.0287837 0.0034041 0.0287635 0.0192382 0.0389604 0.0407903 0.0379621 0.047741 0.0467381 0.0425733 0.0464854 0.0419897
internal_weight=409.204 251.875 157.329 159.068 10.6915 141.945 17.1226 94.7369 89.4433 11.5618 92.8065 82.9586 77.7339 59.3017 50.4543 44.9269 47.2085 18.4321 18.4224 17.5086 27.4182 14.0744 11.1717 42.0499 35.821 10.5689 74.3841 37.8362 28.8392 29.1024
internal_count=36060 2145 33915 1760 737 982 778 722 652 266 385 563 537 470 408 248 260 67 111 126 122 61 47 216 196 30 274 138 119 104
is_linear=0
shrinkage=0.05


Tree=35
num_leaves=31
num_cat=0
split_feature=4 13 4 0 8 4 11 9 2 1 6 4 12 9 9 2 13 7 7 11 9 13 8 1 5 0 6 0 8 12
split_gain=215.283 10.7487 8.67439 6.70475 5.04833 4.50908 2.90267 2.4063 2.78934 2.10324 2.8178 1.86798 1.79505 1.50812 1.4701 1.41188 1.60846 1.30195 1.0539 1.01657 1.12417 0.569975 1.35179 0.660766 1.76423 0.493511 0.490429 0.453166 0.880371 0.425095
threshold=0.71008405089378368 0.028780681081116203 0.77350428700447094 0.74049150943756115 0.65000000596046459 0.87083333730697643 0.013606071937829258 0.78999444842338573 0.74428054690361034 0.73494738340377819 0.75346016883850109 0.82843136787414562 0.016261236742138866 0.81577312946319591 0.77834284305572521 0.72585108876228344 0.014599318150430919 0.65487223863601696 0.69568723440170299 0.013986697886139156 0.72775629162788402 0.031269090250134475 0.94999998807907116 0.74016287922859203 0.71226432919502269 0.62033721804618847 0.79625186324119579 0.60316935181617748 1.0500000119209292 0.012903762981295587
decision_type=2 2 2 2 2 2 2 2 2 2 2 2 2 2 2 2 2 2 2 2 2 2 2 2 2 2 2 2 2 2
left_child=4 2 -2 5 -1 6 9 15 -9 -4 -11 12 -3 26 17 27 -17 -8 -14 25 -21 22 -13 -24 -25 -19 -10 28 -7 -29
right_child=1 11 3 -5 -6 7 14 8 13 10 -12 21 18 -15 -16 16 -18 19 -20 20 -22 -23 23 24 -26 -27 -28 29 -30 -31
leaf_value=-0.00051082694921979492 -0.028302916803461687 0.0097348947662501337 -0.020294685764011017 -0.029996495424998066 -0.051205228366261825 0.023775261593828499 0.0058912010551911064 -0.0069932948609320658 0.031658204798117692 0.030181522669062273 -0.0098120806658128605 0.022908112406619694 0.053065039421380147 0.011308268739555257 0.0049839620476175512 0.0096059792254402261 0.043056097225954243 0.030438152155058597 0.02331642798283539 0.041478162877631328 0.011288128994890503 0.052241337056559201 0.052146557341121516 0.019531855255911484 0.052028985719357872 0.049749098707591762 0.053118061246820475 0.054463346685948523 0.049931333004893108 0.038660088598679365
leaf_weight=5.0965285049751392 8.6266633755294588 7.7056572786532351 7.1667642756365266 5.66167663631495 134.88926761969924 5.7311582565307599 5.1112317480146876 6.4908400811255005 5.0922010261565465 9.5835045913700032 8.1493627165909839 7.2497749030590048 7.0782004240900278 5.8604689147323361 7.9118683338165274 6.8297390621155483 7.5850590765476227 5.2420896012336042 5.1385005204938352 5.1033967398107034 7.7906216699630022 23.937067791819572 22.060585379600525 6.9272162094712284 10.517369776964186 8.9694884773343784 5.5793637502938509 15.925528611987831 7.3336961828172207 5.8069513440132132
leaf_count=172 1115 97 257 123 33122 22 30 48 22 93 247 24 24 36 45 33 29 22 27 17 40 98 101 20 38 29 20 59 28 22
internal_value=3.76874e-10 0.0285327 0.0203873 0.0233262 -0.0493596 0.0255256 0.0159743 0.0341239 0.0207817 0.00256371 0.011802 0.0421556 0.0286327 0.0316868 0.0242955 0.0403658 0.0272074 0.0290381 0.0405524 0.0334029 0.0232372 0.0459667 0.0427542 0.0463963 0.0391244 0.0426261 0.042878 0.0458166 0.0384575 0.0502407
internal_weight=382.152 242.166 151.552 142.925 139.986 137.263 65.0283 72.235 23.0229 24.8996 17.7329 90.6144 19.9224 16.532 40.1287 49.2121 14.4148 32.2168 12.2167 27.1056 12.894 70.692 46.7549 39.5052 17.4446 14.2116 10.6716 34.7973 13.0649 21.7325
internal_count=36060 2766 2337 1222 33294 1099 780 319 126 597 340 429 148 78 183 193 62 138 51 108 57 281 183 159 58 51 42 131 50 81
is_linear=0
shrinkage=0.05


Tree=36
num_leaves=31
num_cat=0
split_feature=4 4 8 13 8 13 9 2 13 11 13 4 9 1 8 12 13 1 4 2 1 2 1 7 11 12 1 11 2 4
split_gain=194.485 10.2104 10.5429 6.28459 5.00764 3.23619 2.97611 1.83115 1.80103 4.45871 2.10007 1.72852 1.68162 1.60293 1.1674 1.4225 0.994214 1.18226 0.956382 0.783985 0.734358 1.79903 0.603817 0.599506 0.592004 0.467437 0.355247 0.79693 0.461018 0.234628
threshold=0.71008405089378368 0.81534090638160717 1.0500000119209292 0.027644185349345211 0.65000000596046459 0.022211602889001373 0.74784129858016979 0.69654604792594921 0.011050061322748663 0.01183473411947489 0.013793759513646366 0.87083333730697643 0.78001978993415844 0.72182965278625499 1.2500000000000002 0.0086581707000732439 0.031269090250134475 0.79920697212219249 0.91287881135940563 0.73726868629455578 0.69693434238433849 0.70312970876693737 0.76472067832946788 0.71440675854682933 0.014185110572725536 0.016261236742138866 0.66541779041290294 0.013606071937829258 0.69945386052131664 0.85164836049079906
decision_type=2 2 2 2 2 2 2 2 2 2 2 2 2 2 2 2 2 2 2 2 2 2 2 2 2 2 2 2 2 2
left_child=4 2 5 6 -1 7 11 -2 -8 -10 12 23 -11 25 15 19 17 18 20 -12 -5 -22 -23 -3 -15 -7 -13 -28 -29 -18
right_child=1 3 -4 16 -6 13 8 -9 9 10 14 26 -14 24 -16 -17 29 -19 -20 -21 21 22 -24 -25 -26 -27 27 28 -30 -31
leaf_value=-0.00055531440591543343 -0.025214530021575549 0.031901642314245686 -0.054245452558691731 0.049126647589740065 -0.051125696922339738 0.031165643123402573 0.045143653664261665 0.011249064128601898 -0.027380189815481196 0.022284373123787758 0.020635549938342282 0.033794547585964625 -0.0089334979534816897 0.024835694211591305 0.039723171563203895 0.0062965554992383994 0.04409318378125366 0.016805900269910998 0.053297541716187481 0.04540036221843366 0.012426656413923494 0.051431496389127779 0.033130316736838659 0.01354293237036637 0.00096175842428404762 0.050565370012595007 0.061100041188841207 0.048850038234299453 0.02825980665431721 0.055272251725953597
leaf_weight=5.0971229481510809 5.4532742581795892 9.7772452933713812 6.2121245255693784 10.389084458351133 123.64117287180852 6.9709246018901485 5.6188415661454192 9.3402715413831157 5.4886478289263314 8.1448016790673154 7.3781129717826861 6.220972545444968 9.1712549999356252 5.3597137341275793 11.94744962453842 10.015740009024737 6.4593372046947506 5.0138756167143574 14.115041948854921 5.6377455517649651 7.315941751003268 8.5760304825380462 9.4991007084026915 8.1564953760243935 5.0369726510252804 5.5990758761763573 6.8147416226565865 5.8707207888364774 5.0630952715873718 17.170249059796333
leaf_count=172 208 70 1126 50 33122 46 25 187 164 60 31 26 88 72 50 61 31 24 64 18 35 40 29 61 38 23 19 26 20 74
internal_value=-7.04751e-11 0.0277595 0.0061156 0.0329363 -0.0491235 0.0160459 0.0249527 -0.00219234 0.0181193 0.0154914 0.019991 0.0352921 0.00575018 0.0277937 0.0270408 0.020462 0.0436408 0.0399504 0.0422761 0.0313623 0.0379283 0.0333463 0.0418136 0.0235519 0.0132693 0.0398069 0.0440761 0.0476798 0.0393154 0.0522164
internal_weight=356.555 227.817 43.9724 183.845 128.738 37.7602 105.306 14.7935 63.4026 57.7838 52.2951 41.9033 17.3161 22.9667 34.979 23.0316 78.5387 54.9091 49.8952 13.0159 35.7802 25.3911 18.0751 17.9337 10.3967 12.57 23.9695 17.7486 10.9338 23.6296
internal_count=36060 2766 1700 1066 33294 574 719 395 497 472 308 222 148 179 160 110 347 242 218 49 154 104 69 131 110 69 91 65 46 105
is_linear=0
shrinkage=0.05


Tree=37
num_leaves=31
num_cat=0
split_feature=4 13 4 8 9 13 4 9 6 9 0 4 0 12 13 6 12 11 3 4 13 0 7 7 2 2 5 13 5 7
split_gain=175.468 9.43708 7.06651 4.97046 3.41787 3.37183 2.24415 1.9594 1.86014 3.86183 1.76118 1.70566 1.49108 3.97208 1.65009 3.05977 1.42495 1.3899 1.0429 1.32572 1.36035 0.912062 0.827836 0.56003 0.784532 0.556185 0.52042 0.512241 0.376097 0.894297
threshold=0.71008405089378368 0.028953939676284794 0.79285714030265819 0.65000000596046459 0.73866027593612682 0.025483057834208015 0.87083333730697643 0.82967448234558117 0.79127290844917308 0.78999444842338573 0.60641366243362438 0.82843136787414562 0.72438937425613414 0.009569597430527212 0.014389234129339458 0.75986352562904369 0.016261236742138866 0.014389234129339458 0.37007592618465429 0.87083333730697643 0.015038444194942715 0.6545848846435548 0.68844896554946911 0.72016102075576793 0.73636290431022655 0.71707764267921459 0.73018383979797374 0.030047404579818252 0.66144439578056347 0.70886823534965526
decision_type=2 2 2 2 2 2 2 2 2 2 2 2 2 2 2 2 2 2 2 2 2 2 2 2 2 2 2 2 2 2
left_child=3 2 5 -1 18 10 12 8 9 17 -2 16 13 14 15 25 -3 21 19 20 -4 -8 -18 24 27 -6 -23 -13 -21 -30
right_child=1 11 4 -5 6 -7 7 -9 -10 -11 -12 23 -14 -15 -16 -17 22 -19 -20 28 -22 26 -24 -25 -26 -27 -28 -29 29 -31
leaf_value=-0.00055692298151562133 -0.009065146350522019 0.0093646910613722403 0.0043903197214884395 -0.051050962661558411 0.0097696724673771457 0.023667624749254528 0.015258492111883305 -0.0030238132939378426 0.047952420818607774 -0.0037927551084251249 -0.047819974299214037 0.030764712448655602 0.028679572053719959 -0.032473703320346069 0.036560655857509894 -0.024245865419690843 0.052408386245252382 0.056492153987662767 0.056630914365874231 0.051591753397726585 0.034317619605010008 0.048146713173028127 0.02425775677876937 0.050479100903463241 0.0247721030514607 0.033253191319256629 0.025848296155516461 0.048634385395417694 0.020540436090014616 0.048628332908929296
leaf_weight=5.0928896525874725 7.067547606420705 6.667502563796007 6.4862222690135232 113.22476524056401 5.0791097516194039 5.0050910321297115 8.6483856886625343 5.6495960541069499 9.4110161047428829 9.7235227432101947 5.0093059125356376 5.1157556325197282 6.9809962186263865 6.1859791208989909 5.5219714716076842 5.7618163572624317 5.4583796821534634 5.1713856384158126 5.1883690343238404 6.3645862042903927 9.1588595965877158 5.3301059519872052 5.0074782751034945 27.950315982103348 6.183314397931098 5.0068031260743737 5.139951303601265 18.559536591172218 5.0025047436356527 6.537161111831665
leaf_count=172 422 88 101 33122 74 143 49 54 37 66 806 27 88 102 36 116 22 19 21 23 63 24 29 136 13 34 23 98 24 28
internal_value=3.2254e-10 0.0269767 0.0192856 -0.0488775 0.0234916 -0.0108392 0.0178032 0.0246752 0.0282789 0.0228355 -0.0251401 0.0412861 0.00803871 0.00280953 0.0130231 0.00482171 0.0274304 0.0334951 0.0357691 0.0325429 0.0219102 0.0272746 0.0389395 0.0453926 0.0406312 0.0214273 0.0372 0.0447731 0.0418339 0.0364521
internal_weight=332.69 214.373 139.43 118.318 122.348 17.0819 83.6106 49.074 43.4244 34.0134 12.0769 74.9423 34.5367 27.5557 21.3697 15.8477 17.1334 24.2898 38.7377 33.5493 15.6451 19.1184 10.4659 57.8089 29.8586 10.0859 10.4701 23.6753 17.9043 11.5397
internal_count=36060 2766 2353 33294 982 1371 722 272 218 181 1228 413 450 362 260 224 139 115 260 239 164 96 51 274 138 108 47 125 75 52
is_linear=0
shrinkage=0.05


Tree=38
num_leaves=31
num_cat=0
split_feature=4 13 0 4 8 7 4 9 0 0 8 4 7 11 0 9 8 0 13 11 9 5 0 0 13 13 1 11 4 0
split_gain=157.941 8.75494 6.41027 5.34361 4.9508 2.52412 2.27531 2.25818 2.88951 2.20213 2.34802 1.81868 1.33761 1.22329 2.20766 1.33759 0.834817 0.6098 0.592737 1.27963 1.80507 0.79901 0.546022 0.528865 0.657548 0.355564 0.350046 0.615986 0.316153 0.276428
threshold=0.71008405089378368 0.028582912869751457 0.74049150943756115 0.79285714030265819 0.65000000596046459 0.71264222264289867 0.87083333730697643 0.74784129858016979 0.67202198505401622 0.65136143565177929 1.1500000357627871 0.82843136787414562 0.70377904176712047 0.013606071937829258 0.66681268811225902 0.77834284305572521 1.2500000000000002 0.57634258270263683 0.030860555358231071 0.014389234129339458 0.76973485946655285 0.68862777948379528 0.69056180119514476 0.62993192672729503 0.014599318150430919 0.02567794639617205 0.66541779041290294 0.013606071937829258 0.87867647409439098 0.64452585577964794
decision_type=2 2 2 2 2 2 2 2 2 2 2 2 2 2 2 2 2 2 2 2 2 2 2 2 2 2 2 2 2 2
left_child=4 2 3 5 -1 -2 13 26 9 10 -9 12 -3 14 17 23 22 -5 19 21 -21 -13 -10 24 -15 -25 -8 -28 -20 -29
right_child=1 11 -4 6 -6 -7 7 8 16 -11 -12 18 -14 15 -16 -17 -18 -19 28 20 -22 -23 -24 25 -26 -27 27 29 -30 -31
leaf_value=-0.00043762998048471174 0.0076922530567999471 0.038749886263352677 -0.033106509771749594 0.0038643750454584258 -0.0509788592596414 -0.035102786599282496 0.03298377876851092 0.0033667760195521877 0.04162857868901948 -0.016117999386272189 0.044639437827674169 0.035505583007500598 0.010376329931822144 0.010834299886076686 0.025328872373441877 0.00076546649666904836 0.051129008207015207 -0.020212296895805316 0.043239824224276385 0.046141478866902882 0.0047204028188609255 0.054745976168240978 0.020533783385372179 0.045927197837885098 0.034186871310311215 0.027519092150135455 0.060033465235834971 0.048064994795873325 0.055029181348474579 0.031669978350421249
leaf_weight=5.0829303283244363 10.040557119413277 8.8465573395369592 5.7972013084799974 5.0203411332331616 103.65589820977766 5.2457537892623796 5.6110453680157688 8.1446755267679709 5.3898296132683772 5.6456076484173527 5.9733439255505791 9.2891059741377848 7.8304107342846683 6.7599762380123192 8.6538384421728534 5.4613097216933957 7.0581065826117984 5.5231201085262001 9.5462290793657321 5.2797050625085813 5.2413231134414673 12.874529615044592 7.119853813201189 5.1526758782565576 5.4402881301939487 5.3438163734972477 6.1055747456848648 5.2167970240116102 14.065303161740301 5.0692258924245834
leaf_count=172 460 62 273 115 33122 711 27 61 19 35 32 50 93 38 129 35 26 175 52 28 20 61 46 23 25 25 19 27 76 23
internal_value=3.7479e-10 0.0260744 0.0182831 0.0206861 -0.0486163 -0.00699358 0.0245791 0.0309357 0.02376 0.010275 0.0208293 0.0399302 0.0254275 0.016346 0.0066133 0.0229814 0.0373799 -0.00874802 0.0442264 0.0398657 0.0255065 0.046682 0.0296225 0.028327 0.0212476 0.0365555 0.0437629 0.0474528 0.0502627 0.0399851
internal_weight=311.485 202.746 129.773 123.976 108.739 15.2863 108.689 61.3341 39.3314 19.7636 14.118 72.9732 16.677 47.3554 19.1973 28.1581 19.5678 10.5435 56.2962 32.6847 10.521 22.1636 12.5097 22.6968 12.2003 10.4965 22.0026 16.3916 23.6115 10.286
internal_count=36060 2766 2324 2051 33294 1171 880 315 219 128 93 442 155 565 419 146 91 290 287 159 48 111 65 111 63 48 96 69 128 50
is_linear=0
shrinkage=0.05


Tree=39
num_leaves=31
num_cat=0
split_feature=4 13 4 8 4 9 11 13 11 4 2 13 1 6 12 9 11 0 1 7 13 8 1 5 11 1 0 8 2 11
split_gain=143.021 8.21967 5.2677 4.92947 2.91776 2.91016 2.53029 2.06011 2.85967 1.8224 1.60729 1.53642 1.51203 2.02199 1.21239 1.0832 1.05486 0.854362 0.570616 0.539263 0.535308 1.19361 0.648229 1.153 0.501577 0.244404 0.997473 0.233062 0.0583881 0.0146679
threshold=0.71008405089378368 0.028582912869751457 0.77350428700447094 0.65000000596046459 0.87083333730697643 0.78999444842338573 0.013606071937829258 0.01197647722437978 0.013606071937829258 0.82843136787414562 0.72585108876228344 0.014599318150430919 0.73494738340377819 0.75346016883850109 0.016261236742138866 0.77834284305572521 0.013986697886139156 0.61944311857223522 0.69150424003601085 0.78744137287139904 0.031269090250134475 0.94999998807907116 0.73339116573333751 0.71226432919502269 0.013986697886139156 0.68180772662162792 0.62810879945755016 1.2500000000000002 0.6923944652080537 0.014185110572725536
decision_type=2 2 2 2 2 2 2 2 2 2 2 2 2 2 2 2 2 2 2 2 2 2 2 2 2 2 2 2 2 2
left_child=3 2 -2 -1 6 10 12 -7 -9 14 24 -12 -4 -14 -3 16 17 -8 -18 -10 21 -11 29 -24 25 -6 -27 28 -22 -23
right_child=1 9 4 -5 5 7 15 8 19 20 11 -13 13 -15 -16 -17 18 -19 -20 -21 27 22 23 -25 -26 26 -28 -29 -30 -31
leaf_value=-0.00034701057598431751 -0.025250749654370731 0.0082139638632589915 -0.021099411679352933 -0.050922248934122311 0.030655807466622005 0.0403993833879484 0.020494522482287218 -0.02193797538920559 0.032184223408861588 0.019911056959873864 0.0033631005777823315 0.038876045724817718 0.02439071326733068 -0.0093513379650977078 0.036266512507643872 0.0036425330323969565 0.028018953477486175 0.046624406315469782 0.0062786162412520156 0.009334655790830133 0.05196779458519675 0.050672085265981152 0.021420057909467539 0.049548541820703063 0.053725607579927219 0.054783084490606343 0.026093145953280456 0.04246379339378057 0.059118841035830254 0.053874696928318401
leaf_weight=5.0747819666285059 6.747681653534527 6.6091698997188333 6.3896287314128157 95.207545683020726 6.4396506361663404 5.2971215210855034 5.2930241134017724 6.3053272739052799 5.1798461768776161 5.8865197747945777 6.1302996538579446 6.0526991747319698 8.7464806025382149 9.0173915253253636 9.2310661668889225 6.9238127935677758 5.2461462207138521 7.6490259617567062 7.1070844959467649 5.1489213593304157 6.1054238080978411 7.7387909591197985 6.4744686856865874 8.330939091742037 7.6698247641324988 7.1694811917841417 5.2466192040592432 5.1003284305334082 5.3608084544539452 6.6451572775840759
leaf_count=172 1109 104 265 33122 35 29 30 74 25 25 33 31 100 315 51 51 28 33 46 25 43 56 25 43 35 31 29 33 22 40
internal_value=2.75649e-10 0.0253601 0.0177058 -0.0483629 0.0201829 0.0277955 0.011994 0.0132435 0.00459578 0.0393979 0.0360403 0.0210065 -0.000240511 0.00726239 0.0245619 0.0211658 0.0259623 0.0359378 0.0155113 0.0207936 0.0439486 0.0404501 0.0445921 0.0372478 0.0429452 0.0385601 0.0426597 0.0513558 0.0553111 0.0521516
internal_weight=291.525 191.243 123.76 100.282 117.012 60.6398 56.3726 21.9312 16.6341 67.4827 38.7086 12.183 24.1535 17.7639 15.8402 32.2191 25.2953 12.9421 12.3532 10.3288 51.6424 35.0759 29.1894 14.8054 26.5256 18.8558 12.4161 16.5666 11.4662 14.3839
internal_count=36060 2766 2324 33294 1215 347 868 153 124 442 194 64 680 415 155 188 137 63 74 50 287 189 164 68 130 95 60 98 65 96
is_linear=0
shrinkage=0.05


Tree=40
num_leaves=31
num_cat=0
split_feature=4 13 4 8 9 9 2 4 13 11 13 9 13 4 13 8 7 12 4 13 11 7 7 11 12 7 5 2 8 0
split_gain=128.767 7.70329 5.02729 4.88828 2.8048 2.75155 1.86026 1.68495 1.63361 4.32207 1.94658 2.12406 1.79956 1.39412 1.35528 1.97603 1.00874 0.931119 0.827387 1.29431 0.604749 0.520674 0.728833 0.571353 0.325352 0.264945 0.0239631 0.00108513 0.000813032 0.000627604
threshold=0.71008405089378368 0.028953939676284794 0.79285714030265819 0.65000000596046459 0.75593116879463207 0.73866027593612682 0.68031856417655956 0.82843136787414562 0.011299795936793091 0.01183473411947489 0.012903762981295587 0.77834284305572521 0.013986697886139156 0.87083333730697643 0.023412263952195648 1.0500000119209292 0.70377904176712047 0.0085107926279306429 0.87083333730697643 0.015038444194942715 0.013793759513646366 0.72016102075576793 0.67466869950294506 0.014599318150430919 0.015749008394777778 0.70420727133750927 0.74769800901412975 0.76364699006080639 0.84999999403953563 0.72578790783882152
decision_type=2 2 2 2 2 2 2 2 2 2 2 2 2 2 2 2 2 2 2 2 2 2 2 2 2 2 2 2 2 2
left_child=3 2 4 -1 -2 18 -7 16 -8 -10 -11 13 -13 17 -14 -16 -3 -12 19 -4 -15 22 -9 -24 -23 -20 -26 28 -5 -30
right_child=1 7 5 27 -6 6 8 21 9 10 11 12 14 20 15 -17 -18 -19 25 -21 -22 24 23 -25 26 -27 -28 -29 29 -31
leaf_value=-0.00039073256078041063 0.0060353949554388144 0.037215512089904666 0.0075548981716095608 -0.051353197536624012 -0.039140724627640067 -0.012792454971523402 0.039655985518162108 0.052195673522451573 -0.029064023880828363 -0.0068251699849155942 0.033528904218741024 -0.0076308623406698521 0.038732676750217035 0.054851754607023066 0.031147992954752807 -0.011781542328539792 0.0110454846241836 0.0043580421684035085 0.035956182554092796 0.03689511205312259 0.033610697222476636 0.040106701006913707 0.041473496079788154 0.022719913149640808 0.052150440764153927 0.048900161934987328 0.056338132589643666 -0.051494643222040837 -0.050730960604389065 -0.051289691818568933
leaf_weight=5.0754754736553869 9.8558419079636206 7.5824704257538524 6.2905535127501926 6.5432551570120259 5.2744659627205683 5.2840579180046907 7.7253139833919695 7.1266901344060924 5.0471150976372874 6.3497184233274302 5.852353307418527 7.7573978153523084 6.8118314016610411 6.5071807280182821 5.4975016871467215 5.2312258537858725 7.1586655849823728 5.1365292733535171 9.851194906979801 9.3395661709364486 6.908467598259449 6.3510195612907419 9.0387108400464076 7.3754489272832862 9.9492737278342229 6.6031560748815528 5.2023869678378114 6.4130519290920338 68.774053729663137 5.4222241303068577
leaf_count=172 498 59 105 2046 873 82 61 52 174 102 34 52 37 23 32 51 80 37 47 71 37 31 46 40 76 37 29 1965 27296 1815
internal_value=5.9105e-11 0.0244899 0.0172512 -0.0480907 -0.00971312 0.021093 0.0157973 0.0391797 0.0179923 0.0152532 0.0192436 0.022574 0.0124219 0.0330978 0.0212904 0.010216 0.0245067 0.0198936 0.033325 0.0250867 0.0439135 0.0439817 0.0388439 0.0330469 0.0496064 0.0411506 0.0535883 -0.0508686 -0.0508189 -0.0507718
internal_weight=273.336 181.108 121.323 92.2281 15.1303 106.193 74.1087 59.7847 68.8246 61.0993 56.0522 49.7025 25.298 24.4045 17.5406 10.7287 14.7411 10.9889 32.0845 15.6301 13.4156 45.0435 23.5408 16.4142 21.5027 16.4544 15.1517 87.1526 80.7395 74.1963
internal_count=36060 2766 2353 33294 1371 982 722 413 640 579 405 303 172 131 120 83 139 71 260 176 60 274 138 86 136 84 105 33122 31157 29111
is_linear=0
shrinkage=0.05


Tree=41
num_leaves=31
num_cat=0
split_feature=4 13 4 8 9 5 13 11 4 6 13 4 12 7 13 7 13 1 0 13 5 13 8 9 1 0 8 2 2 8
split_gain=116.201 7.14681 6.25622 4.85432 2.38662 2.82738 2.72673 2.68099 2.22465 1.68086 1.51722 1.45829 1.3119 3.32718 1.20443 1.15864 1.07617 1.84662 2.08806 1.7182 0.924039 0.513422 0.840927 0.456853 0.316959 0.317355 0.212061 0.169854 0.00111033 0.000703656
threshold=0.71008405089378368 0.026073307730257515 0.79285714030265819 0.65000000596046459 0.73929366469383251 0.69438064098358165 0.011299795936793091 0.012270400300621988 0.82843136787414562 0.71082288026809703 0.030047404579818252 0.90454545617103588 0.013793759513646366 0.75008144974708568 0.015749008394777778 0.6977745294570924 0.014389234129339458 0.74408560991287243 0.61157065629959118 0.022940769791603092 0.66313481330871593 0.031269090250134475 1.1500000357627871 0.7758445441722871 0.77089938521385204 0.73364779353141796 1.1500000357627871 0.69899293780326854 0.76364699006080639 0.84999999403953563
decision_type=2 2 2 2 2 2 2 2 2 2 2 2 2 2 2 2 2 2 2 2 2 2 2 2 2 2 2 2 2 2
left_child=3 2 15 -1 11 -6 -7 -8 9 -3 -11 14 13 -10 20 -2 17 -9 -19 -18 -4 22 24 27 25 -14 -23 -24 29 -5
right_child=1 8 4 28 5 6 7 16 12 10 -12 -13 21 -15 -16 -17 19 18 -20 -21 -22 26 23 -25 -26 -27 -28 -29 -30 -31
leaf_value=-0.00037601677778656395 -0.00402637766822976 0.037317289496095737 0.03024420523361375 -0.051284023986020479 -0.017090529824146532 0.047327787109746118 -0.017933751669180011 0.030472103537569857 0.047015493615659237 -0.011514053219970885 0.024012919012859339 0.052108398521397571 0.027073221964021951 -0.0061354243533494604 0.042324806876922125 -0.03684985476145948 0.044026620404101088 0.026219884115454062 -0.013454504084928385 0.0070846576132647917 0.002046302473773738 0.056513354521103787 0.047728211113571652 0.037217649886716851 0.021023678538251961 0.044351212753610605 0.044044611943382127 0.06006888908369902 -0.051464046031255595 -0.050719819204737407
leaf_weight=5.0719938639085731 5.0031926042865944 8.5707113138632867 5.3935795645229572 6.017192517174407 6.7969477076549074 6.5567184095270923 6.1179626596858716 8.0470756294671464 6.9721484743058664 5.3538632837589812 6.8504034399520606 6.5286046266555777 5.0590279102325422 5.0967944599688053 6.1944085340946904 5.8114088667789474 7.8825809666886908 5.1362537164241067 9.3597475313581509 5.2398850144818425 6.2976966854184866 7.8739602491259557 6.2453947141766566 7.3489346001297227 5.130326570942997 5.5989573411643505 6.0149138569831848 5.0371667146682739 6.1708776931045568 67.725158569868654
leaf_count=172 325 85 39 2046 132 51 186 56 32 168 47 36 35 27 52 928 38 34 80 37 92 49 53 53 18 36 49 28 1965 29111
internal_value=-1.88225e-10 0.0236888 0.0140168 -0.0478092 0.0188675 0.0131046 0.0173503 0.0126462 0.034459 0.0203461 0.00842767 0.0318823 0.039315 0.0245695 0.0244994 -0.0216646 0.0178917 0.0112652 0.000603009 0.0292755 0.0150549 0.0429989 0.0397246 0.0469189 0.0312347 0.0361499 0.0511135 0.0532378 -0.0508198 -0.0507659
internal_weight=256.504 171.519 90.3661 84.9852 79.5515 55.1372 48.3402 41.7835 81.1526 20.775 12.2043 24.4143 60.3776 12.0689 17.8857 10.8146 35.6655 22.5431 14.496 13.1225 11.6913 48.3087 34.4198 18.6315 15.7883 10.658 13.8889 11.2826 79.9132 73.7424
internal_count=36060 2766 2086 33294 833 614 482 431 680 300 215 219 380 59 183 1253 245 170 114 75 131 321 223 134 89 71 98 81 33122 31157
is_linear=0
shrinkage=0.05


Tree=42
num_leaves=31
num_cat=0
split_feature=4 13 8 4 4 9 4 11 0 0 1 6 9 0 9 7 7 13 7 7 11 12 7 13 2 8 9 0 9 8
split_gain=104.949 6.54585 4.81918 4.48581 2.46878 2.30573 1.68026 1.67827 1.39482 1.6119 1.2871 1.80969 1.13919 0.963879 0.947411 0.904665 0.706066 0.684135 0.545888 0.73189 0.493818 0.320857 0.303685 0.0215825 0.000995597 0.000637743 0.000389439 0.000300444 0.000115056 6.20115e-05
threshold=0.71008405089378368 0.028953939676284794 0.65000000596046459 0.87083333730697643 0.77350428700447094 0.74784129858016979 0.82843136787414562 0.013606071937829258 0.67202198505401622 0.62642547488212597 0.73494738340377819 0.75346016883850109 0.73866027593612682 0.68796658515930187 0.79261699318885814 0.70377904176712047 0.75092658400535595 0.015749008394777778 0.72016102075576793 0.67466869950294506 0.014599318150430919 0.015749008394777778 0.70393815636634838 0.03150583058595658 0.76364699006080639 0.94999998807907116 0.72827395796775829 0.7216489613056184 0.77540117502212536 1.0500000119209292
decision_type=2 2 2 2 2 2 2 2 2 2 2 2 2 2 2 2 2 2 2 2 2 2 2 2 2 2 2 2 2 2
left_child=2 3 -1 4 -2 22 15 10 9 -7 -6 -12 17 -10 -15 -3 -14 -9 19 -8 -21 -20 -5 -23 25 26 -4 28 29 -27
right_child=1 6 24 5 7 8 18 12 13 -11 11 -13 16 14 -16 -17 -18 -19 21 20 -22 23 -24 -25 -26 27 -28 -29 -30 -31
leaf_value=-0.00035495738683919927 -0.024286012019086034 0.03527952032130937 -0.051379915770057807 0.035156785117751325 -0.020845029935616745 0.025158284035396546 0.052227189546556113 0.016750272059703038 0.042775070833372411 -0.0054809812002110034 0.023571984053700618 -0.0096853043080640799 -0.0042974562092107293 0.035101894909583965 0.0073909239237934486 0.0092631957581386388 0.017365588234540638 0.039950767926948565 0.039214679768186683 0.039560382409020878 0.021001904618266527 0.051875399847390383 0.048395864421099499 0.056077391911180489 -0.051401123875598566 -0.050688754676165265 -0.050809186470701165 -0.051014161373116797 -0.050745133990675331 -0.050533352628693885
leaf_weight=5.067280168645083 5.9465656118700272 6.7030682319309545 5.0496029934729432 9.3343074880540389 5.7763552013784674 8.0630082320421952 5.8342971503734615 6.0609222054481524 7.2741961386054781 9.1797111826017481 8.0189399865921605 8.3495552039821614 6.2213208824396125 5.6113594491034728 6.8493643384426832 6.6628859142074361 9.512692195363341 6.6791211180388927 5.5545205175876644 8.0096785202622396 6.4878576695919028 7.2202019542455655 8.0821131244301778 5.2982624694705009 5.7845502242562352 8.1443242210079898 7.3243999344995245 5.0095816054381421 11.733597719168754 30.310951000778005
leaf_count=172 1118 59 1574 49 265 56 52 39 26 72 100 318 54 33 70 80 62 41 31 46 40 65 50 40 1965 3613 3148 1937 5475 15410
internal_value=-4.36784e-10 0.0228983 -0.047514 0.0160485 0.00619006 0.0263005 0.0375794 0.0097703 0.0192355 0.00884649 -0.000553355 0.00660747 0.0177992 0.0283126 0.0198698 0.0223105 0.00879989 0.0289134 0.0428934 0.0372732 0.0312552 0.0492161 0.0413004 0.0536538 -0.0507716 -0.0507177 -0.0510421 -0.0506449 -0.0506081 -0.0505663
internal_weight=241.155 162.73 78.4243 110.96 56.5655 54.3941 51.7708 50.6189 36.9776 17.2427 22.1449 16.3685 28.4741 19.7349 12.4607 13.366 15.734 12.74 38.4048 20.3318 14.4975 18.073 17.4164 12.5185 73.357 67.5725 12.374 55.1985 50.1889 38.4553
internal_count=36060 2766 33294 2353 1997 356 413 879 257 128 683 418 196 129 103 139 116 80 274 138 86 136 99 105 33122 31157 4722 26435 24498 19023
is_linear=0
shrinkage=0.05


Tree=43
num_leaves=31
num_cat=0
split_feature=4 4 8 11 12 13 8 9 13 13 11 11 9 4 11 13 1 2 0 10 12 5 2 2 7 12 2 8 0 8
split_gain=94.6588 6.20711 4.78028 4.71023 2.58632 2.26268 2.09808 2.15071 2.14559 2.05146 1.71353 2.10547 1.68952 1.24661 0.996346 0.936619 0.892194 0.619454 0.437727 0.415799 0.400804 0.226104 0.158498 0.135285 0.0961673 0.0803849 0.000881106 0.000596592 0.000336388 0.000150364
threshold=0.71008405089378368 0.87083333730697643 0.65000000596046459 0.013606071937829258 0.012579114176332952 0.030860555358231071 1.1500000357627871 0.74907994270324718 0.026142716407775882 0.013072453904896976 0.012903762981295587 0.012121656909585001 0.77748057246208202 0.82843136787414562 0.013986697886139156 0.011561079882085325 0.75937384366989147 0.72585108876228344 0.67355319857597362 0.99999997019767772 0.015268065501004459 0.70845088362693798 0.69080445170402538 0.76551327109336864 0.69053766131401073 0.013245614245533945 0.76364699006080639 0.84999999403953563 0.7216489613056184 1.0500000119209292
decision_type=2 2 2 2 2 2 2 2 2 2 2 2 2 2 2 2 2 2 2 2 2 2 2 2 2 2 2 2 2 2
left_child=2 3 -1 10 12 6 7 19 9 -9 11 15 14 16 -5 -2 24 25 -19 -3 -10 -15 -7 -20 -6 -8 27 -4 29 -29
right_child=1 5 26 4 13 22 17 8 20 -11 -12 -13 -14 21 -16 -17 -18 18 23 -21 -22 -23 -24 -25 -26 -27 -28 28 -30 -31
leaf_value=-0.0003633383011769439 0.0051331088945952407 0.025770077242998308 -0.051192303817424206 0.028781558587936341 0.036003801373979044 0.046554371599120445 0.051031600338462671 0.022182672923279446 0.039024328600736999 -0.016076930797363796 -0.029743121914093375 0.022823295728699834 -0.014035272365909275 0.051425570354419706 0.0048704085917511504 -0.022088578066154357 0.0055233648181809911 0.022076421717592654 0.033174238358853116 0.043700455397765077 0.020016008408268227 0.036922045974426602 0.058344574127259907 0.044464596401497317 0.026245940801647296 0.042778082552304302 -0.051344281556508033 -0.050725422941728972 -0.051016132030666961 -0.050537726153546507
leaf_weight=5.0650710961781433 5.4165381510392816 5.2456316240131828 5.163528927252627 8.5927309719845706 5.0103883577976394 5.7659959569573385 6.5145349930971879 5.930419682525101 5.1262414455413801 8.5621017226949316 5.6865560127771451 7.2890784176997832 6.0360030701849601 5.7526409924030286 8.8371679739793745 7.5845947826746851 5.1555523035349315 6.3841961398720768 5.4785915613174421 8.4282930679619312 6.041692903265357 5.0428705960512161 5.6374618858098984 5.1448215618729591 5.0901673706248403 5.3917327746748924 5.3895011367276302 15.06736301985802 5.1538532585254861 36.562277698132675
leaf_count=172 290 29 2046 84 41 57 44 58 21 83 242 320 109 54 127 791 62 34 30 57 32 37 33 28 55 48 1965 6953 2115 20043
internal_value=-1.31356e-10 0.0220302 -0.0472075 0.0117575 0.0208033 0.0317667 0.028322 0.0208057 0.012271 -0.00042089 -0.00548584 0.00131253 0.00876318 0.0316484 0.0166583 -0.0107475 0.0224477 0.0385471 0.0324238 0.036822 0.0287411 0.0446506 0.052383 0.0386421 0.0310863 0.047294 -0.0507311 -0.0506777 -0.050631 -0.0505925
internal_weight=227.548 155.146 72.4016 75.4943 49.5175 79.6517 68.2483 39.3344 25.6605 14.4925 25.9768 20.2902 23.4659 26.0516 17.4299 13.0011 15.2561 28.9139 17.0076 13.6739 11.1679 10.7955 11.4035 10.6234 10.1006 11.9063 67.3365 61.947 56.7835 51.6296
internal_count=36060 2766 33294 2212 569 554 464 280 194 141 1643 1401 320 249 211 1081 158 184 92 86 53 91 90 58 96 92 33122 31157 29111 26996
is_linear=0
shrinkage=0.05


Tree=44
num_leaves=31
num_cat=0
split_feature=4 13 8 4 4 9 4 8 0 9 2 9 9 7 11 0 2 7 10 1 7 5 7 13 2 8 9 9 0 8
split_gain=85.2709 5.69093 4.75015 3.84423 2.13329 2.02865 1.58612 1.18416 1.38768 1.10757 1.26913 1.25036 1.08397 0.775159 0.609706 0.585116 0.842209 0.578118 0.594492 0.907986 0.387275 0.372572 0.323128 0.256446 0.000813741 0.00047164 0.000202006 0.000201134 9.85097e-05 4.70481e-05
threshold=0.71008405089378368 0.028953939676284794 0.65000000596046459 0.87083333730697643 0.77350428700447094 0.74784129858016979 0.82843136787414562 1.1500000357627871 0.64373341202735912 0.76016461849212658 0.64694923162460338 0.71288743615150463 0.79261699318885814 0.70377904176712047 0.013606071937829258 0.72890612483024608 0.74969479441642772 0.72016102075576793 0.99999997019767772 0.74016287922859203 0.7363339662551881 0.71261045336723339 0.70393815636634838 0.030348325148224834 0.76364699006080639 0.94999998807907116 0.73566579818725597 0.77617299556732189 0.68166384100914013 1.0500000119209292
decision_type=2 2 2 2 2 2 2 2 2 2 2 2 2 2 2 2 2 2 2 2 2 2 2 2 2 2 2 2 2 2
left_child=2 3 -1 4 -2 22 13 8 -7 10 -6 -12 -10 -3 -9 16 21 18 -8 -20 -13 -11 -5 -19 25 26 -4 29 -29 -27
right_child=1 6 24 5 9 7 17 14 12 15 11 20 -14 -15 -16 -17 -18 23 19 -21 -22 -23 -24 -25 -26 27 -28 28 -30 -31
leaf_value=-0.00029256965151836601 -0.024112168244969229 0.033417107727484706 -0.051167123619504734 0.033035635536241496 -0.005083755951462151 -0.010730082485634323 0.049640043231175691 0.018857788697120091 0.035774453906342117 0.012907421817027993 0.042638567942031635 0.0060898930352929776 0.0067880957653396329 0.0081668879201362513 0.038748212637942897 0.014464535793459465 -0.021486171159833211 0.041620402601007897 0.04215224746074369 0.015096388790751401 0.021950771986402096 -0.0060914065664423381 0.047519924795738411 0.0546327888326123 -0.051301913708934235 -0.050620213390751637 -0.050728470215457969 -0.050615806187877123 -0.050901216817676426 -0.050475621363480355
leaf_weight=5.0580992805771521 5.5465251951827659 5.9530288780806568 5.0569383724359778 8.5568632595241052 5.8522770097479251 5.8630783688277033 5.2317129746079454 8.2650213344022614 5.3894850369542828 5.1173838931135851 5.1490270965732661 7.5481252372264844 8.0319345733150822 6.2103637082036585 7.2169769909232846 5.2251016076770602 5.1138319013989522 6.8931233361363402 6.6611348018050194 5.8019405379891396 7.8523828322067857 5.2051953871268779 7.0008504390716544 8.4009565934538823 5.0100117825204498 7.1143768713809541 5.4565957263694145 6.8303944460058101 5.4241113835014403 26.890191443264484
leaf_count=172 1118 59 1908 49 124 55 46 51 34 88 49 120 76 80 41 129 165 57 70 22 93 111 50 79 1965 3728 2814 3904 2559 16244
internal_value=-4.49428e-10 0.0211587 -0.0468772 0.0146669 0.00521646 0.0245465 0.035958 0.017831 0.00956292 0.00867291 0.0154584 0.0213085 0.0184278 0.0205249 0.0281298 2.28797e-06 -0.00489307 0.0416484 0.0354948 0.0295569 0.014177 0.0033272 0.0395535 0.048768 -0.0506911 -0.0506372 -0.0509395 -0.0505685 -0.0507421 -0.0505059
internal_weight=214.927 148.086 66.8407 102.934 52.6099 50.3242 45.1523 34.7665 19.2845 47.0633 26.4018 20.5495 13.4214 12.1634 15.482 20.6615 15.4364 32.9889 17.6948 12.4631 15.4005 10.3226 15.5577 15.2941 61.7826 56.7726 10.5135 46.2591 12.2545 34.0046
internal_count=36060 2766 33294 2353 1997 356 413 257 165 879 386 262 110 139 92 493 364 274 138 92 213 199 99 136 33122 31157 4722 26435 6463 19972
is_linear=0
shrinkage=0.05


Tree=45
num_leaves=31
num_cat=0
split_feature=4 4 8 13 13 9 0 8 1 11 9 13 13 0 0 0 11 2 0 9 2 5 13 2 8 9 0 8 8 5
split_gain=76.6963 5.30159 4.71727 3.85317 2.19069 2.08816 2.23657 1.7764 1.64711 1.59978 1.44277 1.99833 1.83589 1.02292 0.763441 1.69532 0.705301 0.583718 0.573235 0.532023 0.414047 0.242145 0.202419 0.000627055 0.000424265 0.000166086 7.8583e-05 4.23512e-05 1.71231e-05 1.69524e-05
threshold=0.71008405089378368 0.87083333730697643 0.65000000596046459 0.030047404579818252 0.031269090250134475 0.78577107191085827 0.55198493599891674 1.1500000357627871 0.76067742705345165 0.013606071937829258 0.74907994270324718 0.026142716407775882 0.013072453904896976 0.63236719369888317 0.63710966706275951 0.67355319857597362 0.013986697886139156 0.76934403181076061 0.66105511784553539 0.73149269819259655 0.75663575530052196 0.70076024532318126 0.029794783331453804 0.7605777680873872 0.94999998807907116 0.77617299556732189 0.6780790686607362 1.0500000119209292 1.2500000000000002 0.66100335121154796
decision_type=2 2 2 2 2 2 2 2 2 2 2 2 2 2 2 2 2 2 2 2 2 2 2 2 2 2 2 2 2 2
left_child=2 3 -1 5 7 6 -2 10 -5 13 18 12 -12 -8 -9 -16 19 -7 -3 -11 -17 -18 -13 24 -4 27 -27 -26 29 -29
right_child=1 4 23 8 -6 17 9 14 -10 16 11 22 -14 -15 15 20 21 -19 -20 -21 -22 -23 -24 -25 25 26 -28 28 -30 -31
leaf_value=-0.00023252293868315294 -0.017027713560891358 0.041641116527302756 -0.050898307032448943 0.044816713661860734 0.056243829296931364 -0.0048502634636344187 0.015511045842760649 0.051958778836700331 0.0097407947095390912 0.044509031670226615 0.021772877230762405 0.034288358470150042 -0.015219137093222205 -0.011895596748704523 0.010746059933972211 0.049277393747929235 0.006878130212805738 -0.026165590534464309 0.020161671982759602 0.021750885131337945 0.032163502144135547 0.022244128515616812 0.021096081139143866 -0.051172957787792898 -0.050585333079430819 -0.050572948466145379 -0.050844600736783256 -0.050538096206295235 -0.05039121624720793 -0.050429588292404459
leaf_weight=5.0522950261365613 6.4736715676845042 8.1024512685835344 9.6690946369199064 9.8268162795575318 6.9998009614646426 8.9534873018274066 6.7755404282943328 6.2623313348740366 5.0755973476916543 5.1234802285907808 5.7342336336150792 6.3161787856370193 8.0804578457027656 6.8433561115525663 6.4439348615705994 7.9138993658125383 5.1244818211998773 5.008613257756223 5.0372878834605208 5.1486163709778339 6.386137755587697 5.130974585947115 5.3882344663143158 5.2610407579340963 6.5421438263729241 5.6562497598060855 5.0293535303790122 6.3311087119800531 9.8642325279070047 8.3429109828721248
leaf_count=172 277 52 4712 109 65 496 274 45 41 43 58 29 83 455 41 67 73 323 40 61 39 60 35 2273 3728 3647 2539 3783 6893 5547
internal_value=-2.17096e-10 0.0202111 -0.0465276 0.0103366 0.0296535 0.00418427 0.00991792 0.0268191 0.0328702 0.0150264 0.0199455 0.0130144 0.000135593 0.00173949 0.0366584 0.0320394 0.0238416 -0.0124967 0.0334067 0.0331021 0.0416346 0.014566 0.0282152 -0.050653 -0.0505999 -0.0505308 -0.0507008 -0.0504723 -0.0504422 -0.0504764
internal_weight=203.898 142.15 61.7484 69.4846 72.6649 54.5822 40.6201 65.6651 14.9024 34.1464 38.6588 25.5191 13.8147 13.6189 27.0063 20.744 20.5276 13.9621 13.1397 10.2721 14.3 10.2555 11.7044 56.6961 51.4351 41.766 10.6856 31.0804 24.5383 14.674
internal_count=36060 2766 33294 2212 554 2062 1243 489 150 966 297 205 141 729 192 147 237 819 92 104 106 133 64 33122 30849 26137 6186 19951 16223 9330
is_linear=0
shrinkage=0.05


Tree=46
num_leaves=28
num_cat=0
split_feature=4 13 8 0 4 4 0 9 9 0 0 5 7 0 1 6 9 0 7 13 2 8 9 9 7 8 5
split_gain=69.1544 4.84848 4.67069 3.12972 2.68798 1.58495 1.43628 1.65252 1.39847 1.96222 2.30616 1.22862 0.952436 0.943968 0.928308 0.824605 0.660921 0.431744 0.362451 0.307366 0.00054602 0.00033317 0.000142724 9.73775e-05 9.62766e-05 1.77996e-05 1.62661e-05
threshold=0.71008405089378368 0.028953939676284794 0.65000000596046459 0.74049150943756115 0.87083333730697643 0.81534090638160717 0.55198493599891674 0.75352531671524059 0.74784129858016979 0.67202198505401622 0.61597102880477916 0.74899527430534374 0.72016102075576793 0.59956055879592907 0.74016287922859203 0.69792115688323986 0.79310539364814769 0.68796658515930187 0.70393815636634838 0.030348325148224834 0.75992238521575939 1.0500000119209292 0.72027498483657848 0.7736991047859193 0.70886823534965526 1.2500000000000002 0.66100335121154796
decision_type=2 2 2 2 2 2 2 2 2 2 2 2 2 2 2 2 2 2 2 2 2 2 2 2 2 2 2
left_child=2 3 -1 4 6 -3 -2 13 18 10 -10 16 14 -8 -7 -15 -9 -11 -6 -14 21 22 -4 25 -24 26 -23
right_child=1 5 20 -5 8 12 7 11 9 17 -12 -13 19 15 -16 -17 -18 -19 -20 -21 -22 23 24 -25 -26 -27 -28
leaf_value=-0.00027312118831643463 -0.01392446982344153 0.014221909716674403 -0.050957024068164061 -0.023915824216212779 0.03025290078283225 0.041383303234562796 0.037331089444225467 -0.019598005189913666 0.029351970951703069 0.041045086700719144 -0.0095893067617599595 0.016375725901675124 0.040485175482363273 0.028027206692365282 0.017962230143219168 0.0035595759407373254 0.0041826812544809352 0.023780202313503418 0.046433603081523472 0.055107061284860537 -0.051106681008090009 -0.050508113084408827 -0.050500643151399266 -0.050607945913542056 -0.050794184734460492 -0.050353097314744889 -0.050396543519727145
leaf_weight=5.0539213814772657 6.9221918020630246 8.02372589020524 5.3639142528991242 5.3314663502678732 7.9359905235469324 9.6671519055962616 6.0309170064283562 6.9248270036187041 6.3513631820678738 6.4977377317845812 9.4719444513320905 7.375021426647435 6.5361238047480565 5.8871489137527524 7.5232697427272788 8.2960447670775448 5.0542258476489224 8.1792650911957008 6.1375836543738842 7.9847434535622597 5.152791050320956 5.8554312956985139 5.7482008562656102 8.6584745593427197 5.4339299564890098 8.4818008678848837 7.38980290867039
leaf_count=172 322 112 2662 284 49 121 121 444 46 26 82 247 61 146 35 214 254 68 50 84 2418 3746 3838 5535 2840 6615 5468
internal_value=-3.35614e-10 0.0193769 -0.0461651 0.0133186 0.0154985 0.0340742 0.00708711 0.0107629 0.0242716 0.0182556 0.00604145 0.000320281 0.0390973 0.0207613 0.0311332 0.0137156 -0.00956441 0.0314236 0.0373094 0.0485255 -0.0506181 -0.0505645 -0.050745 -0.0504662 -0.0506433 -0.0504097 -0.0504459
internal_weight=193.269 136.131 57.1383 96.3957 91.0643 39.735 46.4904 39.5682 44.5739 30.5003 15.8233 19.3541 31.7113 20.2141 17.1904 14.1832 11.9791 14.677 14.0736 14.5209 52.0843 46.9316 16.546 30.3855 11.1821 21.727 13.2452
internal_count=36060 2766 33294 2353 2069 413 1748 1426 321 222 128 945 301 481 156 360 698 94 99 145 33122 30704 9340 21364 6678 15829 9214
is_linear=0
shrinkage=0.05


Tree=47
num_leaves=29
num_cat=0
split_feature=4 8 4 13 13 9 2 2 9 1 13 0 11 5 1 0 0 6 9 6 4 4 2 8 2 9 8 5
split_gain=62.5112 4.63024 4.44536 3.89853 1.93505 2.35265 1.38527 1.82855 1.32448 1.14115 0.974276 0.947705 1.25518 1.05926 0.92688 0.905872 2.15634 1.08786 0.689875 1.12772 1.20371 0.177184 0.000458907 0.00027694 0.000102962 8.87016e-05 1.61786e-05 1.26733e-05
threshold=0.71008405089378368 0.65000000596046459 0.81534090638160717 0.027644185349345211 0.022211602889001373 0.75404056906700145 0.72677141427993786 0.73318237066268932 0.78669700026512157 0.72119137644767772 0.031269090250134475 0.69495031237602245 0.014599318150430919 0.69012004137039196 0.64961859583854686 0.61377233266830455 0.67281264066696178 0.81008183956146251 0.71288743615150463 0.73616525530815136 0.87867647409439098 0.90454545617103588 0.75852236151695263 1.0500000119209292 0.69521853327751171 0.77540117502212536 1.2500000000000002 0.66100335121154796
decision_type=2 2 2 2 2 2 2 2 2 2 2 2 2 2 2 2 2 2 2 2 2 2 2 2 2 2 2 2
left_child=1 -1 4 6 5 -2 8 -8 14 -6 11 -5 13 -13 -4 -9 -17 -18 -16 20 -20 -15 23 24 -3 26 27 -25
right_child=2 22 3 10 9 -7 7 15 -10 -11 -12 12 -14 21 18 16 17 -19 19 -21 -22 -23 -24 25 -26 -27 -28 -29
leaf_value=-0.00025147754221677062 0.003875115844533439 -0.05060677814916268 0.0075250722962969018 0.050827631165834733 0.027659898129785462 -0.039907375598215819 -0.018538190423565644 0.032409276321774247 0.00022272253469098155 0.00059620261560731609 0.050877297796828293 0.016222468237092676 0.0058510083275521985 0.037173184571521585 0.044554982193050902 -0.014081401952928771 0.0084914318418150558 0.03728374280696433 0.00013125354418665056 0.041729252555748643 0.031932926948781991 0.050397710972604676 -0.051038926770198195 -0.050477027813831211 -0.050877504641147854 -0.050583686985208466 -0.050327399983917713 -0.050374540471967544
leaf_weight=5.0499293219763777 7.8702800075989234 9.761616656673139 5.1096493527293232 5.3004352077841785 7.1629960451391517 5.0288067854125984 5.1818395256996181 5.3146415869705406 5.4396160261239848 8.5373678345931676 9.2362197637557966 5.3285609614104059 5.1899551264941683 5.0847075721248967 6.7601839150302139 6.6530565936118391 7.7177892378531379 5.7062648651190102 5.7603391599841434 7.1024033753201357 6.1548242010176182 5.0467383041977882 5.0047828404931343 5.3720039495965519 5.4856016607955089 7.6542248754703897 7.812182237772503 6.8789809312729631
leaf_count=172 438 6499 69 54 135 798 65 51 55 329 105 54 44 45 57 78 104 53 90 55 42 45 2531 3748 2813 5333 6677 5521
internal_value=7.96155e-10 -0.0457916 0.0185776 0.0234585 0.0011549 -0.0131938 0.0163724 0.00852969 0.0229729 0.0129435 0.0369314 0.0319678 0.0271268 0.0342691 0.0269795 0.0140536 0.00919463 0.0207304 0.0308357 0.0259589 0.0165585 0.0437607 -0.0505858 -0.050533 -0.0507042 -0.0504389 -0.0503836 -0.0504195
internal_weight=183.706 53.0193 130.687 102.087 28.5995 12.8991 66.9006 30.5736 36.327 15.7004 35.1866 25.9504 20.65 15.46 30.8874 25.3918 20.0771 13.4241 25.7778 19.0176 11.9152 10.1314 47.9694 42.9646 15.2472 27.7174 20.0632 12.251
internal_count=36060 33294 2766 1066 1700 1236 719 351 368 464 347 242 188 144 313 286 235 157 244 187 132 90 33122 30591 9312 21279 15946 9269
is_linear=0
shrinkage=0.05


Tree=48
num_leaves=29
num_cat=0
split_feature=4 8 4 13 13 11 6 9 11 10 2 13 0 2 0 11 9 9 7 13 7 5 2 8 9 9 8 5
split_gain=56.6517 4.58032 4.12108 2.53623 2.20525 1.53961 1.87409 1.24782 1.12674 1.44397 0.993073 0.946816 0.909247 1.06955 1.85758 1.27157 0.773502 0.684206 0.4309 0.284906 0.247258 0.12195 0.000364069 0.000246311 7.21721e-05 4.9995e-05 1.25271e-05 9.34823e-06
threshold=0.71008405089378368 0.65000000596046459 0.86190477013587963 0.030047404579818252 0.027175344526767734 0.012121656909585001 0.75346016883850109 0.77027487754821788 0.012903762981295587 0.99999997019767772 0.73958906531333934 0.031269090250134475 0.589562088251114 0.70592856407165538 0.67202198505401622 0.013245614245533945 0.78111362457275402 0.78001978993415844 0.68910288810729992 0.015504807699471714 0.7745572328567506 0.72902953624725353 0.74557268619537365 1.0500000119209292 0.72468072175979625 0.7736991047859193 1.2500000000000002 0.66497638821601879
decision_type=2 2 2 2 2 2 2 2 2 2 2 2 2 2 2 2 2 2 2 2 2 2 2 2 2 2 2 2
left_child=1 -1 3 5 12 10 8 -5 -7 -10 -2 17 -4 -14 16 -16 -15 -6 -11 -20 -8 -19 23 24 -3 26 27 -25
right_child=2 22 4 7 11 6 20 -9 9 18 -12 -13 13 14 15 -17 -18 21 19 -21 -22 -23 -24 25 -26 -27 -28 -29
leaf_value=-0.00028031763422833145 -0.02842576026892267 -0.050813655872492737 0.033424971842207628 0.046857050499335931 0.04244923594957245 0.036252512513643718 -0.018301905034572376 0.014429867901817868 -0.011476642065917678 0.0063722485083504178 0.0022345433678525677 0.056333120330131617 0.031596321506299756 0.0075700533733219812 0.0054529679271878469 0.037246937028130742 -0.018705685132254561 0.018301669663157921 0.032085747997478063 0.015402434681560925 -0.0025894091936864354 0.029335540607795325 -0.050894176437282314 -0.050437087091678962 -0.050574963459835059 -0.050521365991149085 -0.050302522512412962 -0.05034488542513646
leaf_weight=5.0477899415418497 5.5019123125239258 5.0543869939574497 8.8913219422101957 5.3332797740586084 9.6834784932434612 5.0240081003867116 5.0146943987347168 6.6857303508440964 5.753162218548824 5.3829677231260584 5.0789894192712381 5.5618680901825419 7.6610513012856272 6.0159372650086897 5.6320099178701621 7.1209521796554327 5.2408705558627844 5.0158764394000155 5.1816221278277208 5.0560650813858956 5.0005166297778487 5.0009086187928915 6.6795215243182602 5.2081972155137972 8.4803459727263526 6.0716932968061874 6.8996182101254808 5.8224402924533933
leaf_count=172 615 2956 60 73 110 196 189 71 145 106 456 67 60 45 64 44 62 34 80 81 173 35 3973 4040 5973 4593 6463 5124
internal_value=8.70434e-11 -0.0454028 0.0179171 0.00832261 0.0265188 0.00308052 0.00795904 0.028819 0.0149459 0.0099377 -0.0137084 0.0381154 0.0192964 0.01533 0.0101397 0.023206 -0.00466323 0.0329721 0.0178247 0.0238464 -0.0104568 0.0238104 -0.0505541 -0.0504935 -0.0506641 -0.0503974 -0.0503554 -0.0503884
internal_weight=174.101 49.264 124.837 59.0129 65.8243 46.9939 36.413 12.019 26.3978 21.3738 10.5809 25.2621 40.5621 31.6708 24.0098 12.753 11.2568 19.7003 15.6207 10.2377 10.0152 10.0168 44.2162 37.5367 13.5347 24.0019 17.9303 11.0306
internal_count=36060 33294 2766 2185 581 2041 970 144 608 412 1071 246 335 275 215 108 107 179 267 161 362 69 33122 29149 8929 20220 15627 9164
is_linear=0
shrinkage=0.05


Tree=49
num_leaves=26
num_cat=0
split_feature=4 8 4 3 13 13 0 8 4 11 9 0 0 9 2 13 7 0 2 2 8 2 9 8 5
split_gain=51.3175 4.53998 3.88436 2.42093 2.08508 1.9819 1.26458 1.2543 1.05997 1.04064 1.01343 2.06089 0.997973 1.01569 0.819131 0.519703 0.4776 0.412267 0.359875 0.000317811 0.000202453 4.43138e-05 4.29526e-05 1.08065e-05 7.97613e-06
threshold=0.71008405089378368 0.65000000596046459 0.86190477013587963 0.37007592618465429 0.031269090250134475 0.026820122264325622 0.66746413707733165 1.1500000357627871 0.81534090638160717 0.013793759513646366 0.74907994270324718 0.64373341202735912 0.55198493599891674 0.76973485946655285 0.67978137731552135 0.026142716407775882 0.76847872138023388 0.6307528316974641 0.72585108876228344 0.74557268619537365 1.0500000119209292 0.68611612915992748 0.7736991047859193 1.2500000000000002 0.66893547773361217
decision_type=2 2 2 2 2 2 2 2 2 2 2 2 2 2 2 2 2 2 2 2 2 2 2 2 2
left_child=1 -1 3 5 7 6 12 10 -7 16 17 -12 -2 14 -14 -13 -9 -4 -11 20 21 -3 23 24 -22
right_child=2 19 4 -5 -6 8 -8 9 -10 18 11 15 13 -15 -16 -17 -18 -19 -20 -21 22 -23 -24 -25 -26
leaf_value=-0.00024372084321535974 -0.015069976218411954 -0.050548311207231258 0.038698369123853042 0.039669509467003747 0.056403487960710541 0.0047873011445959939 -0.01842316267502429 0.032098699852836116 0.029210954100207159 0.051085090925355771 -0.017402638257048193 0.0090987319430976508 0.00043594982188550809 -0.0099217175464514952 0.025913376527993914 0.026370581513258464 0.012329550216394952 0.019290972911061438 0.033673329353207646 -0.05085156867478751 -0.050409320397093449 -0.050740615281509173 -0.050492854137737159 -0.050281322212631922 -0.050320628297628005
leaf_weight=5.0447496189735821 5.6851673937635523 7.4521520441921876 5.6704099066555482 5.3742170812911345 5.1061659678816786 8.3026136229163985 9.313773947011212 5.7325237570330518 9.5545876547694188 5.8993876054882985 5.0351871224120286 7.716225782409313 5.1100715256761786 5.1777880719746454 8.2455304732429777 9.9991634972393495 6.5412512356415391 5.2886111736297607 5.9714673776179552 6.2659562006301703 5.0375113103364182 5.0095227108395193 5.6194123094319357 6.30356845766073 5.1025362038926687
leaf_count=172 311 5876 39 88 67 196 692 52 118 77 54 88 206 342 232 63 48 53 40 3973 4239 3053 4593 6463 4925
internal_value=-2.38293e-10 -0.04499 0.0172241 0.00773907 0.0257755 0.00439984 -0.00276568 0.0230723 0.0178553 0.0317713 0.0168416 0.0108246 0.00325574 0.00887721 0.0161653 0.0188475 0.0215628 0.0293327 0.0423263 -0.050524 -0.0504645 -0.0506256 -0.0503735 -0.0503327 -0.0503647
internal_weight=165.56 45.8354 119.724 56.7637 62.9604 51.3895 33.5323 57.8542 17.8572 24.1446 33.7096 22.7506 24.2186 18.5334 13.3556 17.7154 12.2738 10.959 11.8709 40.7907 34.5247 12.4617 22.063 16.4436 10.14
internal_count=36060 33294 2766 2185 581 2097 1783 514 314 217 297 205 1091 780 438 151 100 92 117 33122 29149 8929 20220 15627 9164
is_linear=0
shrinkage=0.05


Tree=50
num_leaves=24
num_cat=0
split_feature=4 8 4 13 9 13 11 9 4 8 13 13 2 2 8 9 13 11 2 8 9 5 8
split_gain=46.394 4.50144 3.60921 3.07852 1.60817 1.29301 2.68125 1.11921 1.06728 0.999425 0.992466 0.938713 0.870398 0.697184 0.661065 0.53364 0.472388 0.350414 0.00029616 0.000173088 3.69592e-05 3.37531e-05 1.00581e-05
threshold=0.71008405089378368 0.65000000596046459 0.81534090638160717 0.027644185349345211 0.76931029558181774 0.011299795936793091 0.012270400300621988 0.79261699318885814 0.90454545617103588 1.1500000357627871 0.014599318150430919 0.031269090250134475 0.6901538372039796 0.75327536463737499 1.1500000357627871 0.75352531671524059 0.030047404579818252 0.013606071937829258 0.74557268619537365 1.0500000119209292 0.7736991047859193 0.6702551841735841 1.2500000000000002
decision_type=2 2 2 2 2 2 2 2 2 2 2 2 2 2 2 2 2 2 2 2 2 2 2
left_child=1 -1 4 5 12 -4 -7 8 10 -9 17 13 -2 14 16 -10 -5 -8 19 21 22 -3 -21
right_child=2 18 3 11 -6 6 7 9 15 -11 -12 -13 -14 -15 -16 -17 -18 -19 -20 20 -22 -23 -24
leaf_value=-0.00018024595706064771 -0.0020426129944569426 -0.050497193021620028 0.036483330208414017 0.037800136546523422 -0.015959102221661466 -0.017937928371162676 0.014348744100075073 -0.013631340933173107 0.023460957531795831 0.014981817447252358 0.026502691307663508 0.050157236489126192 0.021137219653430215 0.014270695952893934 0.047540091150675569 0.04368947275211113 0.016357941854094216 -0.0027729399608075514 -0.050826832117394832 -0.050343777716658072 -0.050466881028115029 -0.050669407420412087 -0.050259582556102314
leaf_weight=5.0399287946056566 7.9769638839352472 5.064551697229037 6.14545466704294 5.0259960815310567 9.7683198464801517 6.4623326321598134 5.3250334290787595 5.0213858531787974 7.5625633001327497 7.780569420196116 9.2189520071260613 7.2269959188997737 8.2262036128377058 5.6640248298645011 6.1747314147651187 5.7310565458610654 5.2535232678055763 6.8099812678992748 5.8463573795161201 9.3351012465427647 5.1567371234996235 6.4928127019957174 5.7211102482979177
leaf_count=172 478 4419 61 42 911 215 86 53 62 55 89 105 311 43 102 40 55 58 3973 9164 4593 4510 6463
internal_value=-1.71477e-10 -0.0445545 0.0164729 0.0212393 6.51333e-05 0.0147537 0.0122767 0.0163918 0.0210596 0.00375871 0.0141356 0.0345127 0.00972558 0.0294009 0.0346091 0.0321817 0.0268417 0.00474032 -0.0504998 -0.0504396 -0.0503514 -0.0505939 -0.0503118
internal_weight=158.031 42.6566 115.374 89.4026 25.9715 60.0573 53.9119 47.4495 34.6476 12.802 21.354 29.3453 16.2032 22.1183 16.4543 13.2936 10.2795 12.135 37.6167 31.7703 20.2129 11.5574 15.0562
internal_count=36060 33294 2766 1066 1700 719 658 443 335 108 233 347 789 242 199 102 97 144 33122 29149 20220 8929 15627
is_linear=0
shrinkage=0.05


Tree=51
num_leaves=24
num_cat=0
split_feature=4 8 4 13 13 13 4 8 9 0 11 9 7 5 13 9 11 1 2 8 9 2 8
split_gain=42.0246 4.45842 3.44669 2.18247 1.85474 1.35759 1.2832 1.25555 1.15572 1.20454 0.937751 0.865079 1.29312 0.858543 0.72063 0.499643 0.581956 0.377562 0.000272977 0.000150282 2.80331e-05 1.55296e-05 8.86249e-06
threshold=0.71008405089378368 0.65000000596046459 0.87083333730697643 0.030047404579818252 0.030860555358231071 0.03150583058595658 0.79285714030265819 1.1500000357627871 0.74907994270324718 0.66904023289680492 0.013606071937829258 0.71288743615150463 0.71601179242134105 0.67990851402282726 0.013606071937829258 0.77834284305572521 0.013606071937829258 0.77778950333595287 0.74557268619537365 1.0500000119209292 0.77114135026931774 0.67439556121826183 1.2500000000000002
decision_type=2 2 2 2 2 2 2 2 2 2 2 2 2 2 2 2 2 2 2 2 2 2 2
left_child=1 -1 3 6 7 -5 13 8 -4 -10 -11 -8 -13 -2 -9 16 -14 -16 19 21 22 -3 -21
right_child=2 18 4 5 -6 -7 11 14 9 10 -12 12 15 -15 17 -17 -18 -19 -20 20 -22 -23 -24
leaf_value=-0.00013338578336022299 0.0016406445576285099 -0.050508910659563915 0.029271130172992911 0.044768614208012827 0.050411791390082276 0.0090510255057951738 0.024785856934317022 0.016319610459105821 -0.0085886840932252826 0.030677542330398235 0.0044025733232065907 -0.018094560087243521 0.0032768549156504119 -0.026325215984625356 0.043508103957763972 9.7026233356726472e-06 0.024833989509375688 0.026505583460304682 -0.050801967364029116 -0.050324262877116978 -0.050431047853540571 -0.050629196590000453 -0.050240645303185852
leaf_weight=5.0350687715690574 5.3092087377444823 5.7442329264013114 9.5426252819597739 5.412850520864593 6.1457861736416808 5.2317375023849308 5.612917330581694 5.8426603972911861 7.0236993208527592 6.4783556219190341 7.1367105096578598 5.6455305211711702 5.6575648593716341 5.6809193163062446 8.8318399470299465 9.4401121323462558 7.009767334908247 5.1803017696365705 5.4534812101046546 8.3931700164976082 5.0257849467743645 5.0355866206809878 5.0909214775601859
leaf_count=172 357 5169 86 86 90 64 98 37 81 61 52 158 134 1053 108 202 60 39 3973 8956 4944 3760 6320
internal_value=3.02247e-10 -0.0441047 0.0157795 0.00688204 0.0244899 0.0272137 0.00200283 0.021306 0.014882 0.00822896 0.0169048 0.00688364 0.00326299 -0.0128152 0.0310712 0.00871702 0.015206 0.0372223 -0.0504772 -0.0504167 -0.0503303 -0.0505651 -0.0502927
internal_weight=150.961 39.7782 111.183 55.0006 56.182 10.6446 44.356 50.0362 30.1814 20.6388 13.6151 33.3659 27.753 10.9901 19.8548 22.1074 12.6673 14.0121 34.7432 29.2897 18.5099 10.7798 13.4841
internal_count=36060 33294 2766 2212 554 150 2062 464 280 194 113 652 554 1410 184 396 194 147 33122 29149 20220 8929 15276
is_linear=0
shrinkage=0.05


Tree=52
num_leaves=22
num_cat=0
split_feature=4 7 4 13 13 4 12 8 0 13 1 13 13 13 9 9 0 12 8 9 8
split_gain=38.0822 4.54877 3.041 1.8489 1.82908 1.24011 0.884136 0.90248 0.942876 0.930028 0.866542 0.828038 0.693177 0.652238 0.884375 0.623401 0.521213 1.3428 0.00950655 0.000262672 1.28339e-05
threshold=0.71008405089378368 0.57161876559257518 0.86190477013587963 0.026820122264325622 0.027175344526767734 0.79285714030265819 0.010695492848753931 1.0500000119209292 0.6307528316974641 0.013245614245533945 0.7576657533645631 0.014185110572725536 0.030047404579818252 0.030860555358231071 0.78001978993415844 0.72775629162788402 0.62993192672729503 0.009569597430527212 0.94999998807907116 0.77748057246208202 1.1500000357627871
decision_type=2 2 2 2 2 2 2 2 2 2 2 2 2 2 2 2 2 2 2 2 2
left_child=1 -1 3 5 6 -2 7 9 -9 -4 12 -10 -5 14 -6 -7 -17 -18 -3 20 -20
right_child=2 18 4 10 13 15 -8 8 11 -11 -12 -13 -14 -15 -16 16 17 -19 19 -21 -22
leaf_value=-0.0014273595205659411 -0.017378947786393491 -0.05250716180740507 0.022828760047796794 0.015307849056818862 0.043216543003158386 0.019650322982272664 -0.0013666143630679209 0.040856567971544355 0.0061906466617899442 -0.0068438632964341996 0.0049321869740013274 0.032007977480067146 0.040052778681274021 0.049342799920961106 0.018288594661539398 -0.010217390439419263 0.022943791241036977 -0.010497264968104193 -0.050353670644817473 -0.05064968999672758 -0.050264095799328584
leaf_weight=5.4469303931546156 8.3744344552978855 7.0679565864265923 5.3095461586490291 5.7010678637889232 6.4580558296293038 5.5462064142338958 5.8690533787012091 7.0339608471840647 6.8023899737745506 5.2536687534302473 6.7255288175074375 5.7150877797976136 5.620165208063554 5.8021171186119309 7.9231129288673401 7.0256114964140606 6.2659973164554668 5.7625178305897862 7.6980371184035965 8.6012683578010165 8.3212848152325005
leaf_count=2553 1293 4564 48 113 96 116 77 68 55 49 128 38 102 93 57 175 105 153 8029 7694 10454
internal_value=-2.3494e-10 -0.0436357 0.0151176 0.00628134 0.0231443 -0.00076005 0.0163868 0.0198468 0.026209 0.00807093 0.0191473 0.017978 0.0275919 0.035192 0.0294828 0.00489735 0.000603105 0.00692314 -0.0508908 -0.0504268 -0.0503071
internal_weight=144.324 37.1355 107.189 51.0215 56.167 32.9748 35.9837 30.1147 19.5514 10.5632 18.0468 12.5175 11.3212 20.1833 14.3812 24.6003 19.0541 12.0285 31.6885 24.6206 16.0193
internal_count=36060 33294 2766 2185 581 1842 335 258 161 97 343 93 215 246 153 549 433 258 30741 26177 18483
is_linear=0
shrinkage=0.05


Tree=53
num_leaves=21
num_cat=0
split_feature=4 7 4 13 9 13 11 9 4 2 13 0 2 0 12 13 9 8 9 8
split_gain=34.6459 4.63426 2.79088 2.65603 1.44506 1.20397 2.19468 0.96028 0.95777 0.920769 0.911947 0.843595 0.773725 0.678667 0.587682 0.6164 0.191779 0.00862044 0.000239347 1.08428e-05
threshold=0.71008405089378368 0.57161876559257518 0.81534090638160717 0.027644185349345211 0.76931029558181774 0.011299795936793091 0.012270400300621988 0.79261699318885814 0.87083333730697643 0.6901538372039796 0.031269090250134475 0.66746413707733165 0.72585108876228344 0.61377233266830455 0.016261236742138866 0.029794783331453804 0.73866027593612682 0.94999998807907116 0.77748057246208202 1.1500000357627871
decision_type=2 2 2 2 2 2 2 2 2 2 2 2 2 2 2 2 2 2 2 2
left_child=1 -1 4 5 9 -4 -7 8 16 -2 14 -9 13 -10 15 -5 -8 -3 19 -19
right_child=2 17 3 10 -6 6 7 11 12 -11 -12 -13 -14 -15 -16 -17 -18 18 -20 -21
leaf_value=0.000548504235672418 -0.0038239679827761861 -0.05245136639496506 0.034329861232668062 0.02989421010870635 -0.016476740710401599 -0.017778804562575214 0.014353769318906162 0.016891902360261602 0.019855735622367494 0.021050676346276356 0.049878550991396896 -0.0098142607904549498 0.013279180605571565 0.043806213442979469 0.04040311294102486 0.0076495480550719018 0.0013877432328084464 -0.050333400234897276 -0.05062797837878999 -0.050248023534731658
leaf_weight=5.1449775062937979 7.2396368682966585 6.6595132356305866 5.8183384977746746 8.1155296610668355 8.9338752018229552 6.1066851450595996 5.2620055607985723 5.3656348073855025 5.220854517072441 7.6529956357262563 5.7906912676990023 6.5872062165290117 7.8875330379232755 6.8236082708463073 5.8499857597053042 5.0534171219915143 6.226346027571708 7.1674357855517901 8.0137177683063765 7.7288764952681959
leaf_count=2553 478 4564 61 83 911 215 77 46 49 311 105 62 53 58 94 65 98 8029 7694 10454
internal_value=-2.93329e-10 -0.0432476 0.0144449 0.0189133 -0.000578538 0.0128151 0.0102852 0.0142364 0.0188251 0.00895856 0.0325056 0.00217415 0.0254526 0.0334245 0.0272161 0.0213581 0.00732657 -0.0508679 -0.0504076 -0.0502891
internal_weight=138.649 34.7145 103.934 80.1078 23.8265 55.2982 49.4799 43.3732 31.4203 14.8926 24.8096 11.9528 19.932 12.0445 19.0189 13.1689 11.4884 29.5695 22.91 14.8963
internal_count=36060 33294 2766 1066 1700 719 658 443 335 789 347 108 160 107 242 148 175 30741 26177 18483
is_linear=0
shrinkage=0.05


Tree=54
num_leaves=20
num_cat=0
split_feature=4 7 4 11 13 4 6 8 11 11 13 11 13 9 13 0 8 9 8
split_gain=31.6237 4.49444 2.67735 1.70116 1.67307 1.70559 1.41129 0.791596 1.68273 1.04058 0.787331 0.705794 0.54433 0.740671 0.516403 0.851626 0.00749073 0.000221068 7.7609e-06
threshold=0.71008405089378368 0.57161876559257518 0.86190477013587963 0.014185110572725536 0.025483057834208015 0.79285714030265819 0.7139040231704713 1.1500000357627871 0.013606071937829258 0.012739370577037336 0.013986697886139156 0.014185110572725536 0.030860555358231071 0.78999444842338573 0.014599318150430919 0.62993192672729503 0.94999998807907116 0.77936926484107982 1.1500000357627871
decision_type=2 2 2 2 2 2 2 2 2 2 2 2 2 2 2 2 2 2 2
left_child=1 -1 4 7 5 -2 -6 8 9 -4 -9 -8 13 -5 15 -7 -3 18 -18
right_child=2 16 3 12 6 14 11 10 -10 -11 -12 -13 -14 -15 -16 -17 17 -19 -20
leaf_value=0.00044063079050496283 -0.024644055806477438 -0.052361956929999877 0.0039268363040263965 0.039968833651047676 0.03419703056652694 -0.011731891754757725 0.018492230695355175 0.014638115982650591 -0.010409184881487409 0.031605750316009956 0.038117920654166033 -0.0044532960896581505 0.048427346597933692 0.014819260567531994 0.015193543533564793 0.013657641284637645 -0.050314339243592798 -0.050615598614109074 -0.05023978711113386
leaf_weight=5.060201376778422 6.7157885943888713 6.2371665989630882 6.0604475950822252 6.6157282069325465 7.0783326417440575 8.0933808671543392 6.4692178250988928 8.6475726971402747 7.185498345643281 7.7224145252257586 6.0810003858059636 6.9537461577565409 5.0588468797504893 5.2513385992497206 7.1738689293852067 5.579814030090346 6.633521201321857 7.2278634519752805 7.3684821582719451
leaf_count=2553 1228 4564 94 67 141 236 188 77 78 43 87 118 93 42 155 119 8029 7535 10613
internal_value=-2.17376e-10 -0.0428612 0.0138464 0.0216386 0.00531518 -0.00273017 0.0161317 0.0154483 0.00920796 0.0194351 0.0243322 0.00660534 0.0346942 0.0288398 0.00432929 -0.00137083 -0.0508386 -0.050391 -0.0502751
internal_weight=133.214 32.5272 100.687 52.6228 48.0641 27.5629 20.5013 35.6969 20.9684 13.7829 14.7286 13.423 16.9259 11.8671 20.8471 13.6732 27.467 21.2299 14.002
internal_count=36060 33294 2766 581 2185 1738 447 379 215 137 164 306 202 109 510 355 30741 26177 18642
is_linear=0
shrinkage=0.05


Tree=55
num_leaves=21
num_cat=0
split_feature=4 13 4 13 13 11 7 4 11 6 11 11 5 13 2 12 10 8 9 8
split_gain=29.003 3.11004 3.92062 2.02506 1.71197 2.14817 1.31041 1.26609 1.9638 1.31528 1.18858 2.07504 1.18805 0.781968 0.779205 1.00111 0.683728 0.0266236 8.50743e-05 5.73985e-06
threshold=0.65686276555061351 0.029867382720112804 0.77350428700447094 0.011428944766521456 0.011050061322748663 0.012121656909585001 0.7886590063571931 0.89444443583488475 0.013072453904896976 0.74872407317161571 0.014185110572725536 0.013606071937829258 0.73922070860862743 0.014599318150430919 0.73636290431022655 0.016261236742138866 0.99999997019767772 0.94999998807907116 0.77748057246208202 1.1500000357627871
decision_type=2 2 2 2 2 2 2 2 2 2 2 2 2 2 2 2 2 2 2 2
left_child=3 2 -2 -1 -4 12 7 8 -7 13 11 -9 -6 -10 15 -3 -8 -5 19 -19
right_child=1 14 4 17 5 6 16 10 9 -11 -12 -13 -14 -15 -16 -17 -18 18 -20 -21
leaf_value=-0.017463351574695037 -0.033416039927199236 0.02065157155359262 0.038945490505021087 -0.054239893597971857 -0.029561860526893503 0.033866855741631438 -0.015742702612923209 0.03292057833331704 -0.0028379134167978415 -0.017350727968025021 0.04593802484497353 -0.0061104946527371813 0.0048614495616048688 0.020092598585679321 0.016581867381255787 0.048423963674422338 0.00873340732455807 -0.050288839188094042 -0.050491575005013348 -0.050217595947145255
leaf_weight=5.4725154820480411 5.2963935936568296 5.4914061716408487 5.1414775035809717 5.8740900149132385 5.0158809071872366 6.3148070278111872 5.2665413962677103 9.2120665740221757 6.6120425707194981 6.1640276504913336 5.4034549929201594 5.4021078590303651 5.0101497916621156 8.4942004526965302 7.1012721136503378 7.9316204322385602 6.2266257031587884 5.5759146873897425 5.5604189144942202 5.7350457521242788
leaf_count=4507 2796 125 51 4006 295 138 75 58 103 87 53 71 171 113 71 181 75 7454 6383 9247
internal_value=-3.73745e-11 0.0126228 0.00814608 -0.0447707 0.0111103 0.00903979 0.0126704 0.0163289 0.00938255 0.00211355 0.0259012 0.0184928 -0.01236 0.0100559 0.0299761 0.0370622 -0.00248234 -0.0513408 -0.0503314 -0.0502527
internal_weight=128.302 100.084 79.5598 28.218 74.2634 69.1219 59.0959 47.6027 27.5851 21.2703 20.0176 14.6142 10.026 15.1062 20.5243 13.423 11.4932 22.7455 16.8714 11.311
internal_count=36060 4463 4086 31597 1290 1239 773 623 441 303 182 129 466 216 377 306 150 27090 23084 16701
is_linear=0
shrinkage=0.05


Tree=56
num_leaves=20
num_cat=0
split_feature=4 3 4 13 13 13 11 8 7 4 9 13 13 10 4 7 8 9 8
split_gain=26.6203 2.93701 3.66934 1.92186 1.90109 1.5912 2.57164 1.28362 1.11641 0.808572 0.700367 1.92171 1.36231 2.59678 0.667579 0.627661 0.0244437 7.45205e-05 4.87887e-06
threshold=0.65686276555061351 0.37007592618465429 0.77350428700447094 0.028953939676284794 0.011561079882085325 0.011299795936793091 0.01183473411947489 1.0500000119209292 0.71964749693870556 0.91287881135940563 0.76078772544860851 0.013986697886139156 0.013793759513646366 0.99999997019767772 0.86190477013587963 0.78744137287139904 0.94999998807907116 0.77748057246208202 1.1500000357627871
decision_type=2 2 2 2 2 2 2 2 2 2 2 2 2 2 2 2 2 2 2
left_child=4 2 -2 5 -1 -4 -7 -5 -9 10 12 -12 -8 -14 -13 -11 -6 18 -18
right_child=1 -3 3 7 16 6 9 8 -10 15 11 14 13 -15 -16 -17 17 -19 -20
leaf_value=-0.018425052330927623 -0.029084329606113526 0.041339509313314614 0.031168500607581334 0.010393039960228341 -0.054209265405163548 -0.028053121450573905 0.02976460211697933 0.020250442168944262 0.051762703078881159 0.027475941546557803 -0.021512396835030888 -0.00067093429706564941 -0.022441841122843465 0.021635995667226682 0.023475058215636987 0.0054685691685366702 -0.050273540591159141 -0.05047190563134904 -0.050205021679592447
leaf_weight=5.553690216685939 5.767126642051152 7.8764287884114301 6.6838335803477085 7.6862515285611179 5.446509070912728 5.2261772942147209 6.7983321530045968 5.3230729568749648 5.9548345059156418 8.5490735559724254 7.5114554128376794 5.9090125663205963 5.9419688280322571 7.6349259034032002 5.5522783827036619 5.2169839590787879 5.1201563150534621 5.1143786122120209 5.2740957683126908
leaf_count=5364 2746 217 101 86 3867 339 130 93 129 83 177 106 64 111 44 37 7220 6190 8956
internal_value=-5.65314e-10 0.0120648 0.00949579 0.0121449 -0.0444344 0.00806031 0.00541289 0.0261502 0.0368892 0.00870579 0.00505684 -0.00185603 0.0114939 0.0023452 0.0110263 0.0191357 -0.0513277 -0.0503157 -0.0502388
internal_weight=124.141 97.6318 89.7553 83.9882 26.5088 65.024 58.3402 18.9642 11.2779 53.114 39.348 18.9727 20.3752 13.5769 11.4613 13.7661 20.9551 15.5086 10.3943
internal_count=36060 4463 4246 1500 31597 1192 1091 308 222 752 632 327 305 175 150 120 26233 22366 16176
is_linear=0
shrinkage=0.05


Tree=57
num_leaves=20
num_cat=0
split_feature=4 4 3 4 12 4 11 2 0 8 0 0 6 7 1 1 13 8 9
split_gain=24.4103 3.87703 3.5736 3.21265 2.6906 1.08891 0.986427 0.861554 0.837454 1.94105 1.44101 0.85836 0.783419 0.541648 0.366757 0.361222 0.356992 0.000906022 3.78123e-05
threshold=0.59411767125129711 0.81534090638160717 0.37670108675956732 0.74166667461395275 0.013793759513646366 0.87083333730697643 0.014185110572725536 0.71247777342796337 0.62642547488212597 1.0500000119209292 0.67202198505401622 0.68796658515930187 0.74444204568862926 0.72016102075576793 0.74016287922859203 0.70859092473983776 0.029934118501842025 1.0500000119209292 0.76718714833259594
decision_type=2 2 2 2 2 2 2 2 2 2 2 2 2 2 2 2 2 2 2
left_child=17 2 3 -2 5 12 7 -5 9 -7 -10 -12 15 14 -6 -3 -15 -1 -19
right_child=1 4 -4 6 13 8 -8 -9 10 -11 11 -13 -14 16 -16 -17 -18 18 -20
leaf_value=-0.050975921379093118 -0.048945688123787384 -0.00089671263050097806 0.031227228522200424 -0.012242018617149285 0.033079976288969935 0.0048762655390165409 -0.021686201653710796 0.014371063184898492 -0.0050735248660307569 0.046877999383092075 0.034761023347282954 0.0076571584126479469 -0.012998620711511158 0.030054260982255439 0.014987182850436227 0.017943253668957552 0.048656586007041612 -0.050207968666310027 -0.050385862064385327
leaf_weight=7.5058099750021965 5.106776664950309 5.0037495514843631 5.4036307348142136 5.0943738715723175 5.3062797449529189 5.3272053813561779 5.5224433446419416 7.54532338064746 9.3582565532997268 5.6873323358595371 5.8627387061715108 5.8218185566365719 7.0531758771976447 5.1357358291279507 5.9324564817361534 5.1760198753327131 5.1807620776817203 7.3855356236454082 5.0157853556593182
leaf_count=8169 4977 115 332 394 133 51 147 499 97 62 35 73 166 78 50 85 121 13251 7225
internal_value=-1.42192e-10 0.0101103 -0.0054026 -0.013909 0.0163886 0.00994492 -0.00405745 0.00364478 0.0153937 0.0265638 0.00954692 0.0212566 -0.000191137 0.0311234 0.0235296 0.00868268 0.039396 -0.0505423 -0.0502799
internal_weight=119.425 99.5181 28.6725 23.2689 70.8455 49.2903 18.1621 12.6397 32.0574 11.0145 21.0428 11.6846 17.2329 21.5552 11.2387 10.1798 10.3165 19.9071 12.4013
internal_count=36060 7415 6349 6017 1066 684 1040 893 318 113 205 108 366 382 183 200 199 28645 20476
is_linear=0
shrinkage=0.05


Tree=58
num_leaves=17
num_cat=0
split_feature=4 4 3 4 12 4 9 0 0 0 6 2 7 6 8 9
split_gain=22.628 3.35315 3.14327 2.60438 2.26269 0.975814 0.872317 1.26692 1.04773 0.995421 0.622715 0.584642 0.559027 0.28996 0.000744998 2.92632e-05
threshold=0.59411767125129711 0.81534090638160717 0.37670108675956732 0.77350428700447094 0.013793759513646366 0.87083333730697643 0.74784129858016979 0.67202198505401622 0.62642547488212597 0.68796658515930187 0.74444204568862926 0.70919653773307811 0.72016102075576793 0.74054089188575756 1.0500000119209292 0.76159566640853893
decision_type=2 2 2 2 2 2 2 2 2 2 2 2 2 2 2 2
left_child=14 2 3 -2 5 10 -7 8 -8 -9 -3 -5 13 -6 -1 -16
right_child=1 4 -4 11 12 6 7 9 -10 -11 -12 -13 -14 -15 15 -17
leaf_value=-0.050917166115821866 -0.036131573778262427 0.0080346711496844837 0.029797221975351347 -0.013862538250488202 0.030163572499337717 0.027841866499294557 0.013643848774460383 0.037994390651525385 -0.017053957528904977 0.0074428261548004004 -0.011568868103361251 0.0069799943081905666 0.038158445538232187 0.013844948017320611 -0.050195341207161293 -0.050356238561410763
leaf_weight=7.0910315016371923 7.9181586739141538 9.8530178202781844 5.2875479573121984 5.256353206699715 5.2517866212874669 9.2273981459438819 5.3512014923617262 5.0263489782810193 5.7837545303627849 5.6777753792703152 6.8793717954540616 9.3485015737242048 9.8054415162187052 5.6514221294783056 6.4837783339607977 5.0092085917276563
leaf_count=8169 5523 200 332 229 135 92 56 26 72 72 166 265 199 48 12625 7851
internal_value=-5.32275e-10 0.00974641 -0.00489581 -0.0130404 0.0156904 0.00970931 0.0149523 0.00950621 -0.0023013 0.021789 -2.5148e-05 -0.000521327 0.0294957 0.0217052 -0.0505141 -0.0502655
internal_weight=114.902 96.3181 27.8106 22.523 68.5075 47.7989 31.0665 21.8391 11.135 10.7041 16.7324 14.6049 20.7087 10.9032 18.584 11.493
internal_count=36060 7415 6349 6017 1066 684 318 226 128 98 366 494 382 183 28645 20476
is_linear=0
shrinkage=0.05


Tree=59
num_leaves=18
num_cat=0
split_feature=4 4 3 4 12 13 9 11 6 13 9 13 8 4 1 8 9
split_gain=20.9442 2.93518 2.81452 2.43137 1.9537 1.00685 1.22087 1.10307 1.44364 0.608547 0.594865 0.58347 0.89121 0.483202 0.14153 0.000611811 2.04446e-05
threshold=0.59411767125129711 0.81534090638160717 0.37670108675956732 0.77350428700447094 0.013986697886139156 0.011299795936793091 0.74907994270324718 0.012739370577037336 0.75131964683532726 0.022860808297991756 0.76931029558181774 0.030860555358231071 1.1500000357627871 0.87083333730697643 0.78606656193733226 1.0500000119209292 0.75877887010574352
decision_type=2 2 2 2 2 2 2 2 2 2 2 2 2 2 2 2 2
left_child=15 2 3 -2 5 -3 13 -8 -9 14 -5 12 -6 -7 -10 -1 -17
right_child=1 4 -4 10 11 6 7 8 9 -11 -12 -13 -14 -15 -16 16 -18
leaf_value=-0.050863104702705379 -0.035311190491818363 0.030302658385442178 0.028520410475394321 0.0074164588261724203 0.011673238197696924 0.0070624024455212438 -0.02003942307182216 -0.015867820738235915 0.026435853817521483 -0.00039441989920899656 -0.013738934136376602 0.042138135439232137 0.03722276278194437 0.025174602027462925 0.014712008527477172 -0.050187388224566643 -0.050326056932727917
leaf_weight=6.6644199116926783 7.5674232545934546 5.1799328315537414 5.2056068350211708 9.1265262764063646 7.773541093105452 6.0383075340650967 5.2696879411814761 5.7656618652399656 5.0774162644520384 5.2730571096763006 5.2254283903748737 5.5006159469485274 6.0848082446027547 9.4379389807581884 5.2215735125355422 5.6604623294915637 5.011192964608199
leaf_count=8169 5523 61 332 248 101 127 194 74 48 53 246 138 130 92 48 11783 8693
internal_value=-7.69201e-10 0.00933625 -0.00452918 -0.0123781 0.0149815 0.00950167 0.00694135 0.000446337 0.00550562 0.0134193 -0.000286045 0.0283601 0.0228913 0.0181078 0.0204919 -0.0504872 -0.0502525
internal_weight=111.084 93.7475 27.125 21.9194 66.6225 47.2636 42.0836 26.6074 21.3377 15.572 14.352 19.359 13.8583 15.4762 10.299 17.3361 10.6717
internal_count=36060 7415 6349 6017 1066 697 636 417 223 149 494 369 231 219 96 28645 20476
is_linear=0
shrinkage=0.05


Tree=60
num_leaves=16
num_cat=0
split_feature=4 3 4 4 13 8 13 13 12 13 2 8 13 12 8
split_gain=19.3931 2.66843 5.23242 1.38708 1.29503 0.918473 0.755892 1.35737 1.2209 0.719412 0.551047 0.488239 0.465974 0.395323 0.000511749
threshold=0.59411767125129711 0.37007592618465429 0.77350428700447094 0.86190477013587963 0.027175344526767734 1.1500000357627871 0.026820122264325622 0.012579114176332952 0.009569597430527212 0.013606071937829258 0.70197039842605602 1.0500000119209292 0.013986697886139156 0.015268065501004459 1.0500000119209292
decision_type=2 2 2 2 2 2 2 2 2 2 2 2 2 2 2
left_child=14 2 -2 6 5 9 7 -4 10 -5 -9 -6 -7 -8 -1
right_child=1 -3 3 4 11 12 13 8 -10 -11 -12 -13 -14 -15 -16
leaf_value=-0.050815314553226854 -0.034526271027119415 0.034936701542982916 0.017247033813812523 0.013985721724069642 0.01755340379837441 0.012096047714244627 0.02310900544089212 -0.012351707953491003 -0.028782221061177754 -0.0070647063069718677 0.010378928350274673 0.037171182151222976 0.031550589511112524 0.0036682716521386619 -0.050238125467684774
leaf_weight=6.2726791288732811 7.2222451872221418 8.9046164282626687 6.1669505893951309 7.3496775198727908 5.3892379095777851 7.2987505188211781 5.2830677886959148 5.0116100679151732 5.7743787730578324 9.0646371855400485 5.6974166271975264 7.7072994373738766 5.3224493367597461 5.1778769351076335 9.9032193103266746
leaf_count=8169 5521 394 260 79 63 76 73 140 237 109 124 157 58 124 20476
internal_value=-1.07639e-09 0.00893362 0.00612582 0.0100278 0.016046 0.0101587 0.00236999 -0.00276405 -0.0102508 0.00236084 -0.000258554 0.0290984 0.0203002 0.0134864 -0.0504619
internal_weight=107.546 91.3702 82.4656 75.2434 42.1321 29.0355 33.1113 22.6504 16.4834 16.4143 10.709 13.0965 12.6212 10.4609 16.1759
internal_count=36060 7415 7021 1500 542 322 958 761 501 188 264 220 134 197 28645
is_linear=0
shrinkage=0.05


Tree=61
num_leaves=16
num_cat=0
split_feature=4 13 11 5 12 4 8 2 4 9 5 0 0 6 8
split_gain=17.991 2.55003 4.27845 2.66436 2.21039 0.949094 1.28859 0.936516 0.879843 0.636519 0.731738 0.723299 0.316682 0.518351 0.000415297
threshold=0.59411767125129711 0.010929288342595102 0.012121656909585001 0.74213987588882457 0.013072453904896976 0.87083333730697643 1.1500000357627871 0.7069993019104005 0.82843136787414562 0.75404056906700145 0.67755550146102916 0.66681268811225902 0.71687826514244091 0.77537807822227489 1.0500000119209292
decision_type=2 2 2 2 2 2 2 2 2 2 2 2 2 2 2
left_child=14 -2 3 -3 5 9 7 -7 -6 10 -4 -11 -10 -14 -1
right_child=1 2 4 -5 8 6 -8 -9 12 11 -12 -13 13 -15 -16
leaf_value=-0.050765362471247237 0.043201652856167415 -0.039536236487195411 0.018066889987610638 0.0050701834487927207 0.0097369150482111699 0.014201444528334573 0.025385942717824562 -0.013712378754290931 0.018901110577104693 -0.025566352631450458 -0.0079188006668821156 0.00081967073513436765 0.042781811297858768 0.022687965804627425 -0.050228011383556107
leaf_weight=5.8935831069247788 5.0126642232935401 7.3759832555515441 5.503764390996368 6.1295794280522387 9.1583315082825738 6.2585575841367262 9.5626136902719718 5.779720913618803 5.733851337805393 5.0669206344027753 5.3353099684245535 5.3285744650784181 6.6148275593295676 6.2344541568309069 9.2221610628766921
leaf_count=8169 221 2884 438 944 562 49 95 76 114 872 618 315 169 58 20476
internal_value=4.52165e-10 0.00855715 0.00649178 -0.0192913 0.0114256 0.00430471 0.0116839 0.000799685 0.022421 -0.00320178 0.00527597 -0.0120413 0.0286721 0.0330323 -0.0504375
internal_weight=104.211 89.0952 84.0825 13.5056 70.5769 42.8355 21.6009 12.0383 27.7415 21.2346 10.8391 10.3955 18.5831 12.8493 15.1157
internal_count=36060 7415 7194 3828 3366 2463 220 125 903 2243 1056 1187 341 227 28645
is_linear=0
shrinkage=0.05


Tree=62
num_leaves=16
num_cat=0
split_feature=4 13 11 12 2 4 4 9 13 13 1 0 0 6 8
split_gain=16.7042 2.36384 4.41639 2.05831 1.77652 0.84608 0.82461 1.02375 1.13071 1.58896 1.83862 0.441295 0.303097 0.467379 0.000339421
threshold=0.59411767125129711 0.011050061322748663 0.012121656909585001 0.013072453904896976 0.74743172526359569 0.82843136787414562 0.79285714030265819 0.72879832983016979 0.022860808297991756 0.014389234129339458 0.74238130450248729 0.63951408863067638 0.71687826514244091 0.77537807822227489 1.0500000119209292
decision_type=2 2 2 2 2 2 2 2 2 2 2 2 2 2 2
left_child=14 -2 4 6 -3 -5 -4 -8 9 10 -9 -12 -7 -14 -1
right_child=1 2 3 5 -6 12 7 8 -10 -11 11 -13 13 -15 -16
leaf_value=-0.050722335936279277 0.037838904321367758 -0.038940469904250104 -0.013462475587648338 0.0089894084397911973 0.00023685610716978913 0.018112432571707013 0.024007359745581446 0.02110042280911132 -0.01543677408109586 0.029635181331863738 -0.0028623182566779788 -0.023774050317220175 0.041777358479002435 0.022349872319826668 -0.050220270286659256
leaf_weight=5.5306871820721417 6.2410596686459021 6.8143135514037549 5.9194143649438038 8.9449068970498065 5.0292218480535666 5.5572839956730631 6.8904415795113882 6.2581257901620218 6.7073006546124807 6.1426736809080458 5.008671935182063 5.0832157731056213 6.2583426032215339 6.1263492708094418 8.6022073026397248
leaf_count=8169 336 2674 1943 562 1039 114 124 99 93 59 76 69 169 58 20476
internal_value=1.79679e-11 0.00819181 0.00590015 0.0107486 -0.0223043 0.0215512 0.00383471 0.00667173 0.00258097 0.00795384 -0.0001918 -0.0133954 0.0278139 0.0321671 -0.0504167
internal_weight=101.114 86.9813 80.7403 68.8967 11.8435 26.8869 42.0098 36.0904 29.2 22.4927 16.35 10.0919 17.942 12.3847 14.1329
internal_count=36060 7415 7079 3366 3713 903 2463 520 396 303 244 145 341 227 28645
is_linear=0
shrinkage=0.05


Tree=63
num_leaves=15
num_cat=0
split_feature=4 13 11 12 2 4 8 2 11 4 9 5 5 8
split_gain=15.4588 2.45158 3.85535 1.96691 1.52535 0.823751 1.35199 0.985593 0.945809 0.795329 0.750721 0.809373 0.299798 0.000283088
threshold=0.59411767125129711 0.011050061322748663 0.012121656909585001 0.013072453904896976 0.74557268619537365 0.87083333730697643 1.1500000357627871 0.7069993019104005 0.013072453904896976 0.82843136787414562 0.73318669199943554 0.71693485975265514 0.70887920260429393 1.0500000119209292
decision_type=2 2 2 2 2 2 2 2 2 2 2 2 2 2
left_child=13 -2 4 5 -3 8 7 -7 -4 -5 -10 -12 -11 -1
right_child=1 2 3 9 -6 6 -8 -9 10 12 11 -13 -14 -15
leaf_value=-0.05068477235019915 0.038176530495399999 -0.037234742939329761 0.014993405215452142 0.0084237222453699238 -0.00058053558640183873 0.013195443871965569 0.024641741867310423 -0.015687964932855285 0.0056005287830785313 0.033873573224530232 -0.031417077163566107 -0.0034732294642699155 0.02071767100600427 -0.05021037400106685
leaf_weight=5.1825671777187363 6.1574680402554796 6.5201091705093841 5.0083285040091168 8.7315922163834347 5.0263859532788047 6.0210363920778054 9.1322370236739498 5.7973030721768737 5.1543564239982507 8.19356601778418 5.2969877647556114 5.073012506160012 9.1845411723479611 7.9971747428862727
leaf_count=8169 336 2619 860 562 1094 49 95 76 422 189 490 471 152 20476
internal_value=-2.45033e-10 0.00778713 0.00542268 0.00998388 -0.0212785 0.0032172 0.0101924 -0.000972864 -0.00389996 0.0207348 -0.00999516 -0.0177469 0.0269205 -0.0503969
internal_weight=98.4767 85.2969 79.1395 67.593 11.5465 41.4833 20.9506 11.8183 20.5327 26.1097 15.5244 10.37 17.3781 13.1797
internal_count=36060 7415 7079 3366 3713 2463 220 125 2243 903 1383 961 341 28645
is_linear=0
shrinkage=0.05


Tree=64
num_leaves=15
num_cat=0
split_feature=4 13 13 4 8 6 5 4 2 4 1 11 7 7
split_gain=14.3649 2.93465 3.38357 2.84638 2.30871 1.32273 1.45287 0.939947 0.863465 0.585768 0.716607 0.578459 0.311355 0.000123427
threshold=0.59411767125129711 0.010929288342595102 0.022211602889001373 0.79285714030265819 1.0500000119209292 0.70714551210403453 0.68284684419631969 0.87083333730697643 0.72585108876228344 0.90454545617103588 0.74689707159996044 0.013986697886139156 0.7814726233482362 0.69204381108284008
decision_type=2 2 2 2 2 2 2 2 2 2 2 2 2 2
left_child=13 -2 3 -3 8 -4 -7 11 -5 -6 -11 -8 -9 -1
right_child=1 2 5 4 9 6 7 12 -10 10 -12 -13 -14 -15
leaf_value=-0.050542971476195075 0.044501648872623763 -0.033561428613022103 0.031618011865644544 -0.0047598829599895826 0.0018343606880340862 -0.013300624440805868 0.016709116236547333 0.029934781816836523 -0.031928723685183812 0.032601641851640974 0.0072902289877392612 -0.0064017369678058267 0.014298440152077516 -0.050226470458464234
leaf_weight=5.9647548715074645 5.0140693997236658 7.2707989319897015 9.5385897905071015 6.8735077626770344 8.9177099256776291 5.3781576058827367 5.0956638204734208 8.5839741202071291 5.0900992022361606 5.200765243265776 6.0484227975830436 5.7773792258594767 5.0605031098239115 6.3699888160772389
leaf_count=13439 221 4532 553 145 297 264 697 105 99 62 58 314 68 15206
internal_value=3.43822e-10 0.00741111 0.00505209 -0.00531073 0.00108211 0.0154062 0.0102337 0.0153962 -0.0163193 0.0114051 0.0189923 0.00442919 0.0241355 -0.0503795
internal_weight=96.1844 83.8496 78.8356 39.4013 32.1305 39.4343 29.8957 24.5175 11.9636 20.1669 11.2492 10.873 13.6445 12.3347
internal_count=36060 7415 7194 5193 661 2001 1448 1184 244 417 120 1011 173 28645
is_linear=0
shrinkage=0.05


Tree=65
num_leaves=15
num_cat=0
split_feature=4 13 11 13 5 4 6 2 5 0 11 4 12 7
split_gain=13.3197 2.36231 3.16527 1.95123 1.46274 1.18276 1.27881 1.16095 1.13689 0.825189 0.465898 0.872133 0.79797 0.000100134
threshold=0.59411767125129711 0.011050061322748663 0.012121656909585001 0.014599318150430919 0.66689071059227001 0.82843136787414562 0.7115750014781953 0.74261480569839489 0.71845787763595592 0.61377233266830455 0.014815627597272398 0.91287881135940563 0.013793759513646366 0.69204381108284008
decision_type=2 2 2 2 2 2 2 2 2 2 2 2 2 2
left_child=13 -2 7 4 -4 6 -5 -3 -6 -10 11 12 -7 -1
right_child=1 2 3 5 8 10 -8 -9 9 -11 -12 -13 -14 -15
leaf_value=-0.050510325712330453 0.036851935937266475 -0.035033577836325186 0.021719943346557413 0.022431383979370556 -0.024914878497249379 -0.0028435663654120145 -0.010212222923733714 -0.0025487196758493856 0.016060946769813646 -0.01012191975380744 0.031571583611986205 0.031265482413588223 0.022262111821042749 -0.050215275962128381
leaf_weight=5.5871308138084697 6.1611896959584547 5.9632536452190816 5.0378673448722138 5.005448453659481 6.8410361260175732 6.4898922718130105 7.4890617332421243 5.1047917237738147 5.0432306152360962 7.4614227135825786 7.9975120504386714 7.1258731265552333 6.1780391111969948 5.9253244048668421
leaf_count=13439 336 2581 364 429 615 82 895 1132 272 314 172 102 121 15206
internal_value=3.26686e-10 0.00707887 0.00465685 0.00888554 -0.00227802 0.0156424 0.00286519 -0.0200509 -0.0085274 0.000437848 0.0213869 0.0172718 0.00940025 -0.0503585
internal_weight=93.4111 81.8986 75.7374 64.6694 24.3836 40.2858 12.4945 11.068 19.3457 12.5047 27.7913 19.7938 12.6679 11.5125
internal_count=36060 7415 7079 3366 1565 1801 1324 3713 1201 586 477 305 203 28645
is_linear=0
shrinkage=0.05


Tree=66
num_leaves=14
num_cat=0
split_feature=4 3 4 4 2 11 11 11 7 8 11 5 7
split_gain=12.3939 2.26327 3.79147 1.05343 1.21397 1.64695 1.19438 1.34454 0.99164 0.971817 0.934166 0.292957 8.20452e-05
threshold=0.59411767125129711 0.37007592618465429 0.77350428700447094 0.87867647409439098 0.70782148838043224 0.014185110572725536 0.013986697886139156 0.013606071937829258 0.75913897156715404 1.0500000119209292 0.013072453904896976 0.71627387404441845 0.69204381108284008
decision_type=2 2 2 2 2 2 2 2 2 2 2 2 2
left_child=12 2 -2 4 9 8 7 10 -6 -4 -5 -8 -1
right_child=1 -3 3 6 5 -7 11 -9 -10 -11 -12 -13 -14
leaf_value=-0.050481495441580461 -0.0343412236438198 0.032921199748001902 -0.025674345159944115 0.0044156066498060786 0.028796200153481527 -0.015817060561494789 0.018838595856483939 -0.011800697356050669 0.0044060712862814032 0.0025348634550347578 0.030014120793985761 0.035244237900997392 -0.050205355354319851
leaf_weight=5.2209041098030848 5.8927024672011603 7.5173011272418071 5.9571203374653106 8.1927372538484686 8.0394612710224518 5.3098187693394712 5.1748815178871137 6.5100706089287987 8.6526885455241409 6.2629827911150642 6.308098576962947 5.7389914277009666 5.5486224269334343
leaf_count=13439 5521 394 229 109 193 73 95 109 300 253 51 88 15206
internal_value=1.36523e-10 0.00681437 0.00409013 0.00751379 0.00141941 0.00843763 0.0140467 0.00707654 0.0161531 -0.0112167 0.0155514 0.0274654 -0.0503392
internal_weight=90.3264 79.5569 72.0396 66.1469 34.2221 22.002 31.9248 21.0109 16.6921 12.2201 14.5008 10.9139 10.7695
internal_count=36060 7415 7021 1500 1048 566 452 269 493 482 160 183 28645
is_linear=0
shrinkage=0.05


Tree=67
num_leaves=14
num_cat=0
split_feature=4 3 4 4 11 7 8 11 2 7 0 5 7
split_gain=11.5717 1.93799 3.50018 1.03408 0.832649 0.970817 0.680954 0.676757 1.49048 1.43469 0.600064 0.356224 6.25021e-05
threshold=0.59411767125129711 0.37007592618465429 0.77350428700447094 0.86190477013587963 0.014185110572725536 0.72120365500450145 1.1500000357627871 0.014185110572725536 0.70782148838043224 0.75913897156715404 0.67724904417991649 0.73558026552200328 0.69531044363975536
decision_type=2 2 2 2 2 2 2 2 2 2 2 2 2
left_child=12 2 -2 7 6 -6 10 8 -4 -10 -5 -8 -1
right_child=1 -3 3 4 5 -7 11 -9 9 -11 -12 -13 -14
leaf_value=-0.050442604126218593 -0.033677197210630401 0.031127877809209465 -0.015955138362377143 -0.0085489915073816338 0.0087405394223982347 0.038963925587233481 0.026899869156986778 -0.011108185210274034 0.0303726285501584 -0.0018064514477204308 0.011398714509040788 0.0084171832218376819 -0.050193971018789751
leaf_weight=5.0840194288321054 5.6662665051262584 7.2665045908361199 5.7585488518234405 7.6923225885257143 5.0446064462885243 5.6137742004357278 5.3194295358844084 9.0440843175165337 6.9393892667721939 6.9157499089487828 7.3939455174840987 5.1124744890257716 5.0269027492322493
leaf_count=13980 5521 394 332 101 82 106 99 182 169 275 92 62 14665
internal_value=-5.78095e-10 0.00654224 0.0040082 0.00730176 0.012922 0.0246592 0.00801956 0.00020702 0.00542458 0.0143105 0.0012276 0.0178419 -0.050319
internal_weight=87.878 77.7671 70.5006 64.8343 36.1766 10.6584 25.5182 28.6578 19.6137 13.8551 15.0863 10.4319 10.1109
internal_count=36060 7415 7021 1500 542 188 354 958 776 444 193 161 28645
is_linear=0
shrinkage=0.05


Tree=68
num_leaves=13
num_cat=0
split_feature=4 13 12 13 13 5 5 4 4 8 7 13
split_gain=10.7825 1.8267 3.11392 1.99819 2.07293 0.943347 1.17134 1.03385 0.831361 0.787462 0.338019 0.974815
threshold=0.59411767125129711 0.025263625197112564 0.009569597430527212 0.011050061322748663 0.014599318150430919 0.66689071059227001 0.71845787763595592 0.91287881135940563 0.83974358439445507 0.94999998807907116 0.7745572328567506 0.029399147257208828
decision_type=2 2 2 2 2 2 2 2 2 2 2 2
left_child=-1 2 3 -2 5 -5 -7 -8 9 -3 11 -10
right_child=1 8 -4 4 -6 6 7 -9 10 -11 -12 -13
leaf_value=-0.050301386842191681 0.034306978342147076 0.02103537250698707 -0.027471986330691606 0.014320292490434884 0.024310918760951695 -0.026046900138508786 -0.012089677881376618 0.015801235153976127 0.043314012513505327 -0.0047376022274339645 0.012608627513225999 0.014460997326520918
leaf_weight=9.4848394478685787 5.407072639463876 5.1126893981636403 8.3903982215997512 5.0464077284341355 7.7506990597175891 7.2461061343201463 8.574156022659734 5.4246482364833346 5.4856727928854543 7.0512189957880764 5.2002845727838567 6.2771195494569838
leaf_count=28645 255 167 2616 576 710 992 895 50 73 808 91 182
internal_value=7.03531e-10 0.00619881 0.000188355 0.00607141 0.00158661 -0.00511253 -0.00972851 -0.00128173 0.0160707 0.0060952 0.0232239 0.0279168
internal_weight=86.4513 76.9665 47.8395 39.4491 34.042 26.2913 21.2449 13.9988 29.127 12.1639 16.9631 11.7628
internal_count=36060 7415 6094 3478 3223 2513 1937 945 1321 975 346 255
is_linear=0
shrinkage=0.05


Tree=69
num_leaves=14
num_cat=0
split_feature=4 4 3 4 11 7 2 11 5 12 1 0 2
split_gain=10.1103 1.64369 1.77165 1.97291 0.770943 0.723096 0.639104 1.12841 1.1263 1.65111 0.438353 1.85874 0.0143144
threshold=0.59411767125129711 0.86190477013587963 0.37007592618465429 0.77350428700447094 0.014185110572725536 0.72120365500450145 0.67855036258697521 0.014185110572725536 0.70784637331962597 0.011050061322748663 0.74408560991287243 0.67355319857597362 0.68147990107536327
decision_type=2 2 2 2 2 2 2 2 2 2 2 2 2
left_child=-1 2 3 -2 10 -6 -5 8 -8 -10 12 -12 -3
right_child=1 4 -4 6 5 -7 7 -9 9 -11 11 -13 -14
leaf_value=-0.050284908737458216 -0.033395240844778351 0.018988002899539877 0.025853208568630711 -0.015508758764332862 0.01175615042142328 0.03775730109790406 0.027966234046678397 -0.014819892802688407 -0.019052931323788744 0.021060193947972396 -0.018315212080478423 0.017115762976930717 0.01520829906497599
leaf_weight=8.9278711340921273 5.3228000412273095 5.0108210397884267 5.210981521595385 5.4403003137558725 5.2928828545846027 5.4040183937177062 5.8778466336662012 6.0408855106215915 5.2574149363790621 5.0098730493918993 5.9519359134137622 9.7905368884094042 5.0089241052046418
leaf_count=28645 5521 92 355 280 93 109 169 107 244 158 78 116 93
internal_value=-9.47799e-10 0.00601637 -0.00123721 -0.00552163 0.0136084 0.0248918 -0.000151182 0.00361469 0.0105122 0.000520072 0.00892331 0.00371997 0.0170985
internal_weight=83.5471 74.6192 38.1601 32.9491 36.4591 10.6969 27.6263 22.186 16.1451 10.2673 25.7622 15.7425 10.0197
internal_count=36060 7415 6834 6479 581 202 958 678 571 402 379 194 185
is_linear=0
shrinkage=0.05


Tree=70
num_leaves=12
num_cat=0
split_feature=4 4 13 0 5 5 2 13 8 0 11
split_gain=9.48231 1.57263 1.06105 1.05842 2.05262 1.75163 1.72205 0.999874 0.572401 0.738043 0.401162
threshold=0.59411767125129711 0.83974358439445507 0.029934118501842025 0.66746413707733165 0.74213987588882457 0.70259189605712902 0.68940868973732006 0.024244502186775211 1.0500000119209292 0.62284773588180553 0.014185110572725536
decision_type=2 2 2 2 2 2 2 2 2 2 2
left_child=-1 2 3 5 -5 6 -2 8 -3 -10 -9
right_child=1 7 -4 4 -6 -7 -8 10 9 -11 -12
leaf_value=-0.050270501814816321 -0.0065152139248927758 -0.0041965526278605805 0.018252323648571073 -0.041301274306589059 0.0028560474029983244 -0.021680700721228213 0.033518110663318827 0.014406115989660205 0.026118806297970493 0.0031377356576442455 0.029817525300217435
leaf_weight=8.4092162205524783 5.4586908529963782 9.0631094090640563 5.149814737495034 5.1811794559835089 5.3484283743528067 5.418442555681394 5.2888707085003261 9.0799509743228572 5.5816489825956515 9.3393527208827418 7.8932480514049521
leaf_count=28645 1569 138 228 1805 971 1446 642 174 103 148 191
internal_value=-4.41909e-10 0.00580659 -0.00252737 -0.00653595 -0.0188719 0.001499 0.0131852 0.0122865 0.00571448 0.0117345 0.0215731
internal_weight=81.212 72.8027 31.8454 26.6956 10.5296 16.166 10.7476 40.9573 23.9841 14.921 16.9732
internal_count=36060 7415 6661 6433 2776 3657 2211 754 389 251 365
is_linear=0
shrinkage=0.05


Tree=71
num_leaves=12
num_cat=0
split_feature=4 3 4 4 13 2 8 13 11 5 0
split_gain=8.83904 1.47976 2.86003 0.840152 0.6204 0.579132 0.538914 0.771921 0.531095 0.695899 0.100824
threshold=0.59411767125129711 0.37007592618465429 0.77350428700447094 0.86190477013587963 0.027175344526767734 0.67855036258697521 1.1500000357627871 0.013606071937829258 0.014185110572725536 0.70784637331962597 0.66030055284500133
decision_type=2 2 2 2 2 2 2 2 2 2 2
left_child=-1 2 -2 5 6 -4 7 -5 9 -7 -8
right_child=1 -3 3 4 -6 8 10 -9 -10 -11 -12
leaf_value=-0.050255053046611708 -0.032989170702033881 0.028084386649885704 -0.015522670380483322 0.013979270461937324 0.022043178409390619 0.022288107375002243 0.020836860100856419 -0.010012702058238445 -0.010009259555216031 0.00011253741883058852 0.010843826158307717
leaf_weight=7.8788349387577901 5.0215664576135159 6.6117819652063181 5.1112133010174174 6.0267964475788194 9.8974359827116114 5.4996355784242068 5.0937514281831664 7.5556636191904545 5.5544644303154191 9.9177766959473939 5.0035436158068478
leaf_count=28645 5521 394 280 79 220 169 74 109 107 402 60
internal_value=-8.60047e-11 0.00555381 0.00325073 0.00630102 0.0115306 -0.000431052 0.0071366 0.000632993 0.00324704 0.00802292 0.015885
internal_weight=79.1725 71.2936 64.6818 59.6603 33.5772 26.0831 23.6798 13.5825 20.9719 15.4174 10.0973
internal_count=36060 7415 7021 1500 542 958 322 188 678 571 134
is_linear=0
shrinkage=0.05


Tree=72
num_leaves=11
num_cat=0
split_feature=4 13 13 11 4 6 4 7 13 1
split_gain=8.28409 1.39739 2.23878 2.63293 0.998597 0.870017 0.622806 0.523136 0.485183 0.752721
threshold=0.59411767125129711 0.024695978499948982 0.011299795936793091 0.01197647722437978 0.81534090638160717 0.70714551210403453 0.82843136787414562 0.78027251362800609 0.014599318150430919 0.74238130450248729
decision_type=2 2 2 2 2 2 2 2 2 2
left_child=-1 2 -2 -4 -5 -3 -7 -8 9 -6
right_child=1 5 3 4 8 6 7 -9 -10 -11
leaf_value=-0.050242219449468467 0.025361684804433262 0.029744958910249971 -0.036606888887955422 -0.018157291738020699 0.011622412343609665 -0.0040478679496961769 0.021350329417476933 0.0015075907231585379 0.016143511739833246 -0.0096107904044210185
leaf_weight=7.4190849279075328 7.0192358791682627 6.6758863814975511 5.7203111890339633 5.7866674892538894 7.9042946356348756 6.3573252094392982 9.8414890510030073 5.0138750900514415 6.9265034063719204 8.844088002573697
leaf_count=28645 700 429 2942 1928 148 781 173 84 96 134
internal_value=-1.11197e-10 0.00531821 -0.000421007 -0.00556499 0.000462168 0.0140028 0.00904856 0.0146532 0.00501318 0.000410087
internal_weight=77.5088 70.0897 42.2011 35.1819 29.4616 27.8886 21.2127 14.8554 23.6749 16.7484
internal_count=36060 7415 5948 5248 2306 1467 1038 257 378 282
is_linear=0
shrinkage=0.05


Tree=73
num_leaves=13
num_cat=0
split_feature=4 4 13 4 13 11 5 5 10 13 13 0
split_gain=7.69623 1.39001 1.01527 0.808153 0.561209 0.366847 0.634291 0.508743 0.310865 1.54977 0.985049 0.192071
threshold=0.59411767125129711 0.86190477013587963 0.030047404579818252 0.77350428700447094 0.027175344526767734 0.012903762981295587 0.71175378561019909 0.70076024532318126 0.99999997019767772 0.013986697886139156 0.013423423748463394 0.75425496697425853
decision_type=2 2 2 2 2 2 2 2 2 2 2 2
left_child=-1 2 3 -2 8 6 -5 -7 10 -10 -3 -6
right_child=1 4 -4 5 11 7 -8 -9 9 -11 -12 -13
leaf_value=-0.050229944845118571 -0.02196841796378949 0.01806810892324973 0.018595224187787807 0.018330477983031196 0.015100443194484177 -0.017479585229071361 -0.0067308210860395059 0.0020426037802035502 -0.00081349768870927683 0.034614072958258309 -0.011912309938738385 0.028785227047446085
leaf_weight=6.9284665701416079 5.982071489019293 5.0665731085464358 5.1030429364618604 5.0552295754314418 5.0883132177405042 6.0954997381777485 5.0438567578385118 7.3747660990920849 7.7535802628844976 5.1288564843125641 5.9660567096434534 5.1684759308118373
leaf_count=28645 5695 58 248 257 152 165 300 169 106 80 91 94
internal_value=-1.20514e-10 0.00505644 -0.00199951 -0.00555588 0.0122121 -0.00139026 0.00581394 -0.00679148 0.00801574 0.0132912 0.00185576 0.0219963
internal_weight=75.7548 68.8263 34.6545 29.5514 34.1719 23.5694 10.0991 13.4703 23.9151 12.8824 11.0326 10.2568
internal_count=36060 7415 6834 6586 581 891 557 334 335 186 149 246
is_linear=0
shrinkage=0.05


Tree=74
num_leaves=11
num_cat=0
split_feature=4 4 13 13 11 1 13 1 0 2
split_gain=7.21045 1.30054 1.00539 1.61333 0.831329 0.699191 0.529884 0.368507 0.304586 0.914759
threshold=0.59411767125129711 0.86190477013587963 0.022211602889001373 0.012579114176332952 0.013793759513646366 0.71854358911514293 0.027175344526767734 0.78010302782058727 0.67281264066696178 0.72519841790199291
decision_type=2 2 2 2 2 2 2 2 2 2
left_child=-1 2 3 -2 -5 -4 8 -7 9 -3
right_child=1 6 5 4 -6 7 -8 -9 -10 -11
leaf_value=-0.050221214718147347 0.0075268032761911007 0.015073511745422484 0.021990352363703319 -0.036566291190938592 -0.008570214389610642 -0.0096261079952125947 0.021408055655622222 0.0090275525319486235 0.015332603016010108 -0.0095272486727199426
leaf_weight=6.5195054834621251 7.5893134997641054 8.0132198496721703 5.2883348146133349 5.3411847719398775 5.2660024279175559 5.2794630244898126 10.069419324165208 5.3111635732420837 8.4191786861047131 7.1508692391216746
leaf_count=28645 2133 121 534 2410 617 670 246 470 118 96
internal_value=5.16102e-10 0.00483429 -0.00205122 -0.0100742 -0.0226675 0.00714269 0.0118063 -0.00027136 0.00770662 0.00347263
internal_weight=74.2477 67.7281 34.0755 18.1965 10.6072 15.879 33.6527 10.5906 23.5833 15.1641
internal_count=36060 7415 6834 5160 3027 1674 581 1140 335 217
is_linear=0
shrinkage=0.05


Tree=75
num_leaves=12
num_cat=0
split_feature=4 3 4 0 4 9 11 0 11 9 7
split_gain=6.74267 1.25841 1.74729 0.986949 0.835663 0.763902 0.677652 1.0864 0.442724 0.396513 0.266032
threshold=0.59411767125129711 0.37007592618465429 0.81534090638160717 0.6545848846435548 0.90454545617103588 0.75404056906700145 0.012422839645296337 0.71021124720573436 0.013986697886139156 0.75100600719451915 0.76847872138023388
decision_type=2 2 2 2 2 2 2 2 2 2 2
left_child=-1 2 5 4 9 -2 -5 10 -9 -4 -8
right_child=1 -3 3 6 -6 -7 7 8 -10 -11 -12
leaf_value=-0.050210485617731983 -0.0008556652340341507 0.026208081404798095 -0.0010609416821047918 0.026433006128049854 0.013469884654768952 -0.02344507531803065 0.0045067881880718483 0.0082516446434989076 0.027436928566913422 -0.020029533435801973 -0.011750756133313632
leaf_weight=6.1242977007932486 7.327230359456733 6.123860527179203 5.5861279767705145 6.9599531182320815 5.4833472617901853 7.6499358872388257 5.0528792056720722 5.5540608407463861 6.5570977942552418 5.4360723443096504 5.0125077394768596
leaf_count=28645 2514 394 143 167 96 3501 109 109 160 157 65
internal_value=-7.62333e-10 0.00460728 0.00242513 0.00728785 -0.00248089 -0.0123937 0.0128217 0.00854995 0.0186387 -0.0104161 -0.00358938
internal_weight=72.8674 66.7431 60.6192 45.642 16.5055 14.9772 29.1365 22.1765 12.1112 11.0222 10.0654
internal_count=36060 7415 7021 1006 396 6015 610 443 269 300 174
is_linear=0
shrinkage=0.05


Tree=76
num_leaves=11
num_cat=0
split_feature=4 4 7 11 13 13 11 7 13 13
split_gain=6.31071 1.21778 0.865433 1.08263 0.62537 0.469362 0.463676 0.30876 0.405615 1.27295
threshold=0.59411767125129711 0.86190477013587963 0.64151984453201305 0.012270400300621988 0.014599318150430919 0.027175344526767734 0.014185110572725536 0.71319523453712474 0.013986697886139156 0.013072453904896976
decision_type=2 2 2 2 2 2 2 2 2 2
left_child=-1 2 -2 -4 -5 7 -6 -3 9 -9
right_child=1 5 3 4 6 -7 -8 8 -10 -11
leaf_value=-0.050199208993962935 0.016750517855936346 -0.0019625314786348735 -0.022105008895387628 -0.011954755043339762 0.016913394065888595 0.0204002046769165 -0.0017930022994328357 0.021725849060781517 0.021549398337225342 -0.012764007401074667
leaf_weight=5.7565435152209821 5.0082278485824636 6.4462545248679843 7.4756954819677075 7.0319799589487983 5.921024565388505 9.7744481996633095 7.5196901646413608 5.5708588012494165 5.8309230166487387 5.1470240266062319
leaf_count=28645 716 98 3686 1147 560 246 725 81 91 65
internal_value=-1.62604e-12 0.00439664 -0.00238992 -0.0058198 0.000126813 0.0112219 0.00644771 0.00732057 0.0109366 0.00516287
internal_weight=71.4827 65.7261 32.9566 27.9484 20.4727 32.7695 13.4407 22.9951 16.5488 10.7179
internal_count=36060 7415 6834 6118 2432 581 1285 335 237 146
is_linear=0
shrinkage=0.05


Tree=77
num_leaves=11
num_cat=0
split_feature=4 13 11 12 4 9 13 1 0 9
split_gain=5.90799 1.15692 3.16446 1.18614 0.846567 0.776854 0.471809 0.649326 0.504486 0.748475
threshold=0.59411767125129711 0.011299795936793091 0.012121656909585001 0.016261236742138866 0.82843136787414562 0.75404056906700145 0.014599318150430919 0.74238130450248729 0.66746413707733165 0.79261699318885814
decision_type=2 2 2 2 2 2 2 2 2 2
left_child=-1 -2 -3 4 5 -4 7 -6 -8 -10
right_child=1 2 3 -5 6 -7 8 -9 9 -11
leaf_value=-0.050189213038901719 0.023806606299964408 -0.02868920684430214 0.0037531270379515726 0.027903449833679907 0.012830572002087835 -0.021601900376401157 0.025599732717021151 -0.0084683889492078099 0.01808927067853126 -0.0064144801488974683
leaf_weight=5.4119131430270491 6.7344531594571881 7.3747442765743463 6.7556439378095074 5.675980664229427 6.4840299345087242 5.4647405472933315 5.6379510625265565 7.9852287456160411 7.3051998198498023 5.4349329047836363
leaf_count=28645 700 3349 1171 244 114 1403 108 117 134 75
internal_value=-2.6606e-11 0.00418824 0.00191497 0.00636277 0.00364987 -0.00758519 0.00782971 0.0010762 0.0131468 0.00763599
internal_weight=70.2648 64.8529 58.1185 50.7437 45.0677 12.2204 32.8473 14.4693 18.3781 12.7401
internal_count=36060 7415 6715 3366 3122 2574 548 231 317 209
is_linear=0
shrinkage=0.05


Tree=78
num_leaves=10
num_cat=0
split_feature=4 4 13 13 13 6 7 13 13
split_gain=5.50384 1.1108 0.773814 1.56009 0.440397 0.392302 0.299649 0.379769 1.01317
threshold=0.59411767125129711 0.86190477013587963 0.022211602889001373 0.012579114176332952 0.027175344526767734 0.7231893539428712 0.71319523453712474 0.013986697886139156 0.013072453904896976
decision_type=2 2 2 2 2 2 2 2 2
left_child=-1 2 3 -2 6 -4 -3 8 -8
right_child=1 4 5 -5 -6 -7 7 -9 -10
leaf_value=-0.050180447499610627 0.0076398434591482744 -0.0024187810603635103 0.017098453334728727 -0.022985169413690259 0.019628906985985538 -9.6090190305093756e-05 0.019753618286723194 0.020825588457344155 -0.01134619152773458
leaf_weight=5.0624896132376298 7.2561462720550542 6.369021959602839 5.0130488299982963 9.7412511454967881 9.4447505443822575 9.8063664934124954 5.4301885778550076 5.660093347541987 5.0582764190621674
leaf_count=28645 2133 98 564 3027 246 1110 81 91 65
internal_value=-8.7677e-10 0.00398309 -0.00263054 -0.00991143 0.0105666 0.00572041 0.00676552 0.0103878 0.0047551
internal_weight=68.8416 63.7791 31.8168 16.9974 31.9623 14.8194 22.5176 16.1486 10.4885
internal_count=36060 7415 6834 5160 581 1674 335 237 146
is_linear=0
shrinkage=0.05


Tree=79
num_leaves=11
num_cat=0
split_feature=4 11 4 13 11 11 12 0 9 12
split_gain=5.13081 0.745333 0.738885 0.944213 1.59391 1.13117 0.889477 0.777008 0.921598 0.824692
threshold=0.71008405089378368 0.015504807699471714 0.91287881135940563 0.011299795936793091 0.012121656909585001 0.013072453904896976 0.0088107436895370501 0.61272218823432933 0.78952327370643627 0.012422839645296337
decision_type=2 2 2 2 2 2 2 2 2 2
left_child=-1 2 3 -2 -5 -6 -4 -7 9 -9
right_child=1 -3 6 4 5 7 -8 8 -10 -11
leaf_value=-0.036305102191626942 0.020620033119747354 0.022755846178538104 0.0016417197356666088 -0.028171285691819394 0.020164166619656188 -0.018125086767815806 0.028733932924445045 0.024954532913117278 -0.013422048312639351 -0.0013579616374302566
leaf_weight=8.510375396221205 5.0052305138960937 5.4922407163248854 6.5081484597176296 5.201241845090407 6.5685184187750592 6.43383340044966 5.6682030677329749 5.2882258606405248 6.3173087944160207 6.8161799147346755
leaf_count=33294 201 175 84 949 386 269 126 161 202 213
internal_value=-1.35655e-10 0.00521036 0.00341944 0.000250661 -0.00253303 0.00171056 0.0142534 -0.00316613 0.00205832 0.0101376
internal_weight=67.8095 59.2991 53.8069 41.6305 36.6253 31.4241 12.1764 24.8555 18.4217 12.1044
internal_count=36060 2766 2591 2381 2180 1231 210 845 576 374
is_linear=0
shrinkage=0.05


Tree=80
num_leaves=9
num_cat=0
split_feature=4 4 13 13 13 9 13 11
split_gain=4.83455 0.708415 0.608255 0.656859 0.381809 0.322693 0.624682 0.283346
threshold=0.71008405089378368 0.86190477013587963 0.022211602889001373 0.012579114176332952 0.027175344526767734 0.74907994270324718 0.013245614245533945 0.014185110572725536
decision_type=2 2 2 2 2 2 2 2
left_child=-1 2 3 -2 5 -3 -7 -4
right_child=1 4 7 -5 -6 6 -8 -9
leaf_value=-0.035833685327020075 0.0051560724221621805 0.016032146230913178 0.013350019403651096 -0.017294505302151562 0.018789340457964682 0.015140209813449133 -0.0054142115053522474 -0.001076349610055068
leaf_weight=8.2468433387093665 5.4293529937640441 6.4515504827722969 7.2998217732892936 8.1467447337199683 9.1731303122360242 6.1170287232380351 9.3414644384756667 6.3769750874344027
leaf_count=33294 633 91 456 884 246 95 149 212
internal_value=5.87223e-10 0.00506573 -0.000818661 -0.00831607 0.010225 0.00663936 0.00271931 0.00662355
internal_weight=66.5829 58.3361 27.2529 13.5761 31.0832 21.91 15.4585 13.6768
internal_count=36060 2766 2185 1517 581 335 244 668
is_linear=0
shrinkage=0.05


Tree=81
num_leaves=11
num_cat=0
split_feature=4 11 4 12 2 13 9 13 13 2
split_gain=4.55032 0.66841 0.666587 0.802859 0.557628 0.362416 0.623733 1.09604 0.817223 0.475367
threshold=0.71008405089378368 0.015504807699471714 0.91287881135940563 0.0088107436895370501 0.655407875776291 0.011561079882085325 0.76039457321167003 0.013986697886139156 0.014389234129339458 0.75193393230438244
decision_type=2 2 2 2 2 2 2 2 2 2
left_child=-1 2 4 -4 -2 -6 8 -8 -7 -9
right_child=1 -3 3 -5 5 6 7 9 -10 -11
leaf_value=-0.035344816239944572 -0.015040859098114158 0.021738538811677897 0.0015198019659121266 0.027555569903914969 0.014834246046406485 0.024144772487965475 -0.023699308209438205 -0.0078479906517962827 -0.0016264449583759219 0.012360269541277917
leaf_weight=7.9990735178544119 5.275436488496779 5.3432028225943204 6.3946018479764444 5.5144512954866514 5.0172343049489418 5.1340313091786829 5.7506208892591557 5.4410205516614933 7.6745743979481631 6.2562844325439073
leaf_count=33294 441 175 84 126 258 252 457 327 328 318
internal_value=1.48825e-09 0.00489133 0.00317533 0.0135756 0.000120843 0.00238838 0.000324568 -0.00582633 0.00870335 0.00296036
internal_weight=65.8005 57.8015 52.4583 11.9091 40.5492 35.2738 30.2565 17.4479 12.8086 11.6973
internal_count=36060 2766 2591 210 2381 1940 1682 1102 580 645
is_linear=0
shrinkage=0.05


Tree=82
num_leaves=9
num_cat=0
split_feature=4 4 11 8 11 11 11 2
split_gain=4.2631 0.636541 0.558524 0.413334 0.48972 0.356361 0.374798 0.390578
threshold=0.71008405089378368 0.86190477013587963 0.012121656909585001 0.94999998807907116 0.014185110572725536 0.014185110572725536 0.013606071937829258 0.75327536463737499
decision_type=2 2 2 2 2 2 2 2
left_child=-1 2 -2 -4 -5 6 7 -3
right_child=1 5 3 4 -6 -7 -8 -9
leaf_value=-0.034809823464051572 -0.014278067324263255 0.0165905613206195 0.013209184125409518 0.0059151668399070254 -0.013125407451026068 0.018351573875749878 -0.0034414280896557341 -0.0002462618234284018
leaf_weight=7.7455502681896169 6.0488163472473415 9.8138638345990383 6.6964416882547111 8.2249125502130465 5.7293068428625693 8.5019634392810968 6.8155048012267789 5.3072852091863743
leaf_count=33294 1071 129 216 647 251 202 159 91
internal_value=-2.34734e-11 0.00471876 -0.000916072 0.00299781 -0.00190249 0.00966141 0.00629337 0.0106811
internal_weight=64.8836 57.1381 26.6995 20.6507 13.9542 30.4386 21.9367 15.1211
internal_count=36060 2766 2185 1114 898 581 379 220
is_linear=0
shrinkage=0.05


Tree=83
num_leaves=9
num_cat=0
split_feature=4 13 6 4 11 11 9 11
split_gain=4.00972 0.642662 0.930232 1.1706 0.759288 1.53992 0.570429 0.469137
threshold=0.71008405089378368 0.024493229575455192 0.79901066422462474 0.90454545617103588 0.012121656909585001 0.013245614245533945 0.80148157477378856 0.014185110572725536
decision_type=2 2 2 2 2 2 2 2
left_child=-1 2 3 4 -2 -6 7 -3
right_child=1 6 -4 -5 5 -7 -8 -9
leaf_value=-0.034306036949984395 -0.026380847435560795 0.0081680862430256219 0.018900350336924637 0.012251750861604972 0.017248803496554672 -0.016702758063249772 -0.0016140016802684836 0.024999639710312254
leaf_weight=7.5187081676158405 5.3020759559949573 9.0740194599056903 5.5063698051017118 8.2265629323665035 5.2757994309649794 9.101204197482728 6.4987226643788736 7.6134594731411189
leaf_count=33294 865 334 252 123 308 403 222 259
internal_value=-5.51044e-10 0.00455734 0.000118966 -0.003587 -0.0102082 -0.00424386 0.0109532 0.0158473
internal_weight=64.1169 56.5982 33.412 27.9056 19.6791 14.377 23.1862 16.6875
internal_count=36060 2766 1951 1699 1576 711 815 593
is_linear=0
shrinkage=0.05


Tree=84
num_leaves=10
num_cat=0
split_feature=4 12 4 7 0 4 6 0 2
split_gain=3.76912 0.580614 0.674687 0.525198 0.399012 0.256736 0.706481 1.39459 0.48025
threshold=0.71008405089378368 0.016261236742138866 0.79285714030265819 0.67677506804466259 0.60762023925781261 0.92582416534423839 0.78613203763961803 0.69325768947601329 0.72519841790199291
decision_type=2 2 2 2 2 2 2 2 2
left_child=-1 2 -2 -4 -5 6 7 8 -6
right_child=1 -3 3 4 5 -7 -8 -9 -10
leaf_value=-0.033791012806070775 -0.012832420027480158 0.020411669555966541 -0.0094038160856090083 -0.004489011962971092 0.02256596099958216 -0.00035053814564001655 0.02378979966689514 -0.014886499631736303 0.003287237565149103
leaf_weight=7.300190375883175 6.0859229948036946 5.1459687329479484 5.6043669665232292 6.369516030943486 7.9984312308661227 5.8048571590334168 7.9212298048078074 5.6211926261894396 5.4189247696194798
leaf_count=33294 1424 230 171 207 201 82 185 174 92
internal_value=-9.25295e-10 0.00440734 0.00278691 0.00491165 0.00696176 0.00918781 0.0112416 0.00602072 0.0147798
internal_weight=63.2706 55.9704 50.8244 44.7385 39.1342 32.7646 26.9598 19.0385 13.4174
internal_count=36060 2766 2536 1112 941 734 652 467 293
is_linear=0
shrinkage=0.05


Tree=85
num_leaves=8
num_cat=0
split_feature=4 4 0 8 13 9 7
split_gain=3.5283 0.574783 0.447266 0.673151 0.350466 0.331177 0.597579
threshold=0.71008405089378368 0.86190477013587963 0.71793067455291759 1.0500000119209292 0.027175344526767734 0.74907994270324718 0.76107639074325573
decision_type=2 2 2 2 2 2 2
left_child=-1 2 3 -2 5 -3 -7
right_child=1 4 -4 -5 -6 6 -8
leaf_value=-0.033239260474726022 0.0036769201870188936 0.015314213289244536 0.0092557964017827392 -0.015464602753254659 0.017496129521555655 -0.010449692523765805 0.0099116861806424379
leaf_weight=7.0780700613577201 9.7264280122763065 6.1124675071332666 7.3078235855136873 8.7025718839213351 8.6159053475130332 6.1465562810190013 8.7094769559334946
leaf_count=33294 493 91 567 1125 246 102 142
internal_value=2.26079e-11 0.00425279 -0.00121145 -0.00536212 0.00900639 0.00551797 0.00148734
internal_weight=62.3993 55.3212 25.7368 18.429 29.5844 20.9685 14.856
internal_count=36060 2766 2185 1618 581 335 244
is_linear=0
shrinkage=0.05


Tree=86
num_leaves=10
num_cat=0
split_feature=4 1 0 0 11 9 0 4 0
split_gain=3.31753 0.580785 0.520726 0.895901 0.501509 0.565062 0.628439 0.563254 0.557085
threshold=0.71008405089378368 0.6808936893939973 0.55984106659889232 0.61489170789718639 0.015268065501004459 0.73866027593612682 0.66392141580581676 0.83974358439445507 0.68796658515930187
decision_type=2 2 2 2 2 2 2 2 2
left_child=-1 -2 -3 -4 5 -5 -7 -8 -9
right_child=1 2 3 4 -6 6 7 8 -10
leaf_value=-0.032713077352790956 -0.011960147903499136 0.020667585787866358 -0.015140496009049043 0.019596480805975442 0.021340268032055007 -0.012919308463730126 -0.005365649861524352 0.023837980947498089 0.0038759417658979947
leaf_weight=6.8865862907259716 5.1045909678068702 5.2341075360345704 5.3778995081011081 5.21648134109273 5.0431574137037378 5.8501633709456682 7.9342376767308478 5.4676920012570909 9.6873252328950894
leaf_count=33294 500 219 317 196 136 331 780 51 236
internal_value=8.84887e-10 0.00410232 0.00574838 0.00399661 0.00662212 0.00444897 0.00171855 0.00542737 0.0110779
internal_weight=61.8022 54.9157 49.8111 44.577 39.1991 34.1559 28.9394 23.0893 15.155
internal_count=36060 2766 2266 2047 1730 1594 1398 1067 287
is_linear=0
shrinkage=0.05


Tree=87
num_leaves=11
num_cat=0
split_feature=4 1 0 0 1 0 4 0 13 7
split_gain=3.1319 0.515089 0.458343 0.83549 0.425894 0.955158 0.577461 0.445705 0.852068 0.104242
threshold=0.71008405089378368 0.6808936893939973 0.55984106659889232 0.61489170789718639 0.71355855464935314 0.66392141580581676 0.83974358439445507 0.69056180119514476 0.028780681081116203 0.75092658400535595
decision_type=2 2 2 2 2 2 2 2 2 2
left_child=-1 -2 -3 -4 -5 -6 9 -8 -9 -7
right_child=1 2 3 4 5 6 7 8 -10 -11
leaf_value=-0.032212067403849291 -0.01127417947703864 0.019547674895323025 -0.014665501007043509 0.019245723837474915 -0.012708488032728286 -0.0060301452328097018 0.025146337099365274 -0.0055063672817057523 0.022833820189096063 0.0041540371154250594
leaf_weight=6.7168102805844674 5.0255936909015864 5.2141796989562854 5.3426031229100763 5.5504309932439346 6.6233457690032074 5.0399859001117893 5.9833366058301207 5.5302288967650366 5.0963507919805124 5.010657418097253
leaf_count=33294 500 219 317 236 374 280 66 133 118 523
internal_value=-9.22162e-11 0.00397603 0.00552775 0.00387299 0.0064234 0.00428515 0.00850692 0.0142311 0.00808517 -0.000952913
internal_weight=61.1335 54.4167 49.3911 44.1769 38.8343 33.2839 26.6606 16.6099 10.6266 10.0506
internal_count=36060 2766 2266 2047 1730 1494 1120 317 251 803
is_linear=0
shrinkage=0.05


Tree=88
num_leaves=8
num_cat=0
split_feature=4 0 11 4 11 0 5
split_gain=2.95855 0.43901 0.592006 0.50336 0.732054 0.852732 0.70097
threshold=0.74166667461395275 0.71021124720573436 0.013986697886139156 0.85164836049079906 0.012422839645296337 0.64602604508399974 0.67990851402282726
decision_type=2 2 2 2 2 2 2
left_child=-1 3 -3 6 -5 -6 -2
right_child=1 2 -4 4 5 -7 -8
leaf_value=-0.029210376353206509 0.0084869185663913899 0.0019534645725364317 0.020817954391198636 0.020809654386985635 0.011180287771183796 -0.011902252915849216 -0.014616897443986197
leaf_weight=7.5817191342948709 5.149940555507782 8.7703332231030817 7.9095847723074248 5.9517197020468329 8.4723345574457216 7.5816919773351392 9.0561806728510401
leaf_count=33915 301 456 231 114 151 156 736
internal_value=9.2542e-10 0.00418713 0.010899 0.00109553 0.00583198 0.000279302 -0.0062414
internal_weight=60.4735 52.8918 16.6799 36.2119 22.0057 16.054 14.2061
internal_count=36060 2145 687 1458 421 307 1037
is_linear=0
shrinkage=0.05


Tree=89
num_leaves=10
num_cat=0
split_feature=4 13 6 4 13 7 5 12 5
split_gain=2.78903 0.518477 0.836166 0.996405 0.727792 1.05034 0.485153 0.663637 0.364283
threshold=0.71008405089378368 0.024493229575455192 0.79901066422462474 0.90454545617103588 0.013072453904896976 0.72756829857826244 0.74258786439895641 0.013793759513646366 0.68955981731414806
decision_type=2 2 2 2 2 2 2 2 2
left_child=-1 2 3 4 -2 -6 7 -3 -9
right_child=1 6 -4 -5 5 -7 -8 8 -10
leaf_value=-0.031187984731038305 0.001733619171096702 0.029409114978313562 0.018089153453272076 0.011164122879668592 -0.034099395237784984 -0.0033818210426655691 -0.0019797296405052885 -0.0021286660990752436 0.016633752197072933
leaf_weight=6.4008927153718096 7.6568410604013577 5.020024009121701 5.1573208183508532 7.7580115708988151 5.4070968295491166 5.7340673107973998 6.3047391296568085 5.1729310315422463 5.1751983680296689
leaf_count=33294 748 153 252 123 399 429 199 231 232
internal_value=8.63588e-10 0.00373937 -0.000334033 -0.00391192 -0.0101339 -0.0182899 0.00969987 0.0144914 0.0072546
internal_weight=59.7871 53.3862 31.7133 26.556 18.798 11.1412 21.6729 15.3682 10.3481
internal_count=36060 2766 1951 1699 1576 828 815 616 463
is_linear=0
shrinkage=0.05


Tree=90
num_leaves=9
num_cat=0
split_feature=4 0 4 9 11 0 13 12
split_gain=2.62818 0.467393 0.820468 0.701245 0.65427 0.946575 0.603139 0.214218
threshold=0.71008405089378368 0.6545848846435548 0.81534090638160717 0.76931029558181774 0.012422839645296337 0.71021124720573436 0.013606071937829258 0.015504807699471714
decision_type=2 2 2 2 2 2 2 2
left_child=-1 3 -3 6 -4 -6 -2 -7
right_child=1 2 4 -5 5 7 -8 -9
leaf_value=-0.030662076129201955 0.013639723045074277 -0.0089205748695314578 0.025600344495651451 -0.017749907311916457 -0.00547777819488828 0.0098918933253545269 -0.0058076786281059528 0.024077797053738428
leaf_weight=6.2504857509602507 7.3888354716255042 6.1330442685575717 6.1848626059363623 5.3545143620904119 8.5596583117730933 5.4227057818789017 8.6592887965452956 5.2258304737042636
leaf_count=33294 446 875 170 424 187 84 370 210
internal_value=5.95871e-10 0.00362096 0.00749232 -0.00208156 0.0114564 0.00690223 0.00314624 0.0168537
internal_weight=59.1792 52.9287 31.5261 21.4026 25.3931 19.2082 16.0481 10.6485
internal_count=36060 2766 1526 1240 651 481 816 294
is_linear=0
shrinkage=0.05


Tree=91
num_leaves=9
num_cat=0
split_feature=4 13 6 4 11 11 9 5
split_gain=2.47592 0.456508 0.682831 0.975018 0.717906 1.62562 0.346166 0.582083
threshold=0.71008405089378368 0.025483057834208015 0.79901066422462474 0.90454545617103588 0.012121656909585001 0.013245614245533945 0.80148157477378856 0.69348990917205822
decision_type=2 2 2 2 2 2 2 2
left_child=-1 2 3 4 -2 -6 7 -3
right_child=1 6 -4 -5 5 -7 -8 -9
leaf_value=-0.030120820077215851 -0.025458314380900016 0.0023570024074169495 0.016554806746844116 0.011652372104479707 0.018560632842737297 -0.016256239244081813 -0.00070514422802906394 0.022775122816333024
leaf_weight=6.1117590850817569 5.0685730137520357 6.2901415449887299 5.1435270907204531 7.7935054672416291 5.2683132606107383 9.2196454669174255 5.9310326790291574 7.8425689400100964
leaf_count=33294 893 255 269 131 318 424 197 279
internal_value=-2.81804e-10 0.00350268 -0.000159045 -0.0033023 -0.00926191 -0.00359564 0.00943289 0.0136875
internal_weight=58.6691 52.5573 32.4936 27.35 19.5565 14.488 20.0637 14.1327
internal_count=36060 2766 2035 1766 1635 742 731 534
is_linear=0
shrinkage=0.05


Tree=92
num_leaves=9
num_cat=0
split_feature=4 11 4 13 10 0 13 2
split_gain=2.3348 0.425916 0.539487 0.581198 0.751996 0.476818 0.411912 0.28121
threshold=0.71008405089378368 0.015268065501004459 0.91287881135940563 0.013072453904896976 0.99999997019767772 0.69495031237602245 0.020188277587294582 0.72878602147102367
decision_type=2 2 2 2 2 2 2 2
left_child=-1 2 3 7 -5 -6 -4 -2
right_child=1 -3 6 4 5 -7 -8 -9
leaf_value=-0.029602570702985061 0.0007166269664286057 0.016387209397030835 0.0021823888795855866 -0.01708657826535993 0.0080704455399425914 -0.0089161896241171032 0.021811197482141349 0.017362474278421199
leaf_weight=5.9762269142565847 5.0930229206751374 5.6247499377714112 5.5287378258071822 8.6914754799181555 9.916662997617097 7.0812021575475219 5.1739663654007018 5.0560023804428056
leaf_count=33294 505 221 83 578 485 414 119 361
internal_value=2.34876e-10 0.00339133 0.00182071 -0.0011211 -0.00512325 0.000993922 0.0116715 0.00900919
internal_weight=58.142 52.1658 46.5411 35.8384 25.6893 16.9979 10.7027 10.149
internal_count=36060 2766 2545 2343 1477 899 202 866
is_linear=0
shrinkage=0.05


Tree=93
num_leaves=9
num_cat=0
split_feature=4 0 13 7 13 1 12 10
split_gain=2.20537 0.37477 0.380048 0.927983 0.595409 0.80476 0.380185 0.543247
threshold=0.74166667461395275 0.77210211753845226 0.012270400300621988 0.66600796580314647 0.014389234129339458 0.74238130450248729 0.014599318150430919 0.99999997019767772
decision_type=2 2 2 2 2 2 2 2
left_child=-1 2 -2 -4 5 -5 7 -6
right_child=1 -3 3 4 6 -7 -8 -9
leaf_value=-0.026670697915176091 0.012489539743259975 0.016027716029223066 -0.019914578068289335 0.0096803627689350143 -0.00028332596629929683 -0.015955739989591551 -0.0033331929386917094 0.019348554366168169
leaf_weight=6.8345945271166775 7.3770023239121647 5.402347430412191 5.0319217968863077 5.201507042089359 5.4811259401831203 7.439963202123181 5.1750123016536227 9.8678862686356297
leaf_count=33915 396 159 238 219 217 268 309 339
internal_value=1.37799e-09 0.00357582 0.00209978 9.32218e-05 0.00312884 -0.00540741 0.00838661 0.012338
internal_weight=57.8114 50.9768 45.5744 38.1974 33.1655 12.6415 20.524 15.349
internal_count=36060 2145 1986 1590 1352 487 865 556
is_linear=0
shrinkage=0.05


Tree=94
num_leaves=9
num_cat=0
split_feature=4 0 0 2 4 11 0 12
split_gain=2.06599 0.387798 0.849943 2.13952 0.783265 0.616303 0.815674 0.206595
threshold=0.74166667461395275 0.6545848846435548 0.5805686116218568 0.72437766194343578 0.81534090638160717 0.012422839645296337 0.71021124720573436 0.015504807699471714
decision_type=2 2 2 2 2 2 2 2
left_child=-1 2 -2 -4 -3 -6 -7 -8
right_child=1 4 3 -5 5 6 7 -9
leaf_value=-0.026101399811046408 0.010072485972485144 -0.010488472706495749 0.0081166033433896292 -0.033829653675679652 0.024856736458222034 -0.0053216048598968349 0.0088350315061467843 0.023027883793468356
leaf_weight=6.6998541791444941 8.8829800035600801 5.2055402825353694 6.9600700568407756 5.3974488558742451 5.9584460193291333 8.26324894372374 5.2355105221504328 5.0248685437254608
leaf_count=33915 370 552 363 209 170 187 84 210
internal_value=3.47874e-10 0.00343377 -0.00172444 -0.0102045 0.0071243 0.0108692 0.00636993 0.0157858
internal_weight=57.628 50.9281 21.2405 12.3575 29.6876 24.4821 18.5236 10.2604
internal_count=36060 2145 942 572 1203 651 481 294
is_linear=0
shrinkage=0.05


Tree=95
num_leaves=9
num_cat=0
split_feature=4 4 11 11 5 11 9 13
split_gain=1.93817 0.429037 0.883058 1.37423 1.22026 0.865308 0.844769 0.229778
threshold=0.71008405089378368 0.89444443583488475 0.013072453904896976 0.012121656909585001 0.70018768310546886 0.013072453904896976 0.79261699318885814 0.026688977144658569
decision_type=2 2 2 2 2 2 2 2
left_child=-1 2 3 -2 -4 -3 -7 -6
right_child=1 5 4 -5 7 6 -8 -9
leaf_value=-0.027941829231535958 -0.0046662057857775781 -0.0082975508895792079 -0.02175949788170219 0.028637850739435228 -0.0033811455283792621 0.024659782902097513 -0.0001419009100955396 0.011221387405056932
leaf_weight=5.5991832258832792 7.1938004516086966 5.4049429292790618 8.3142920798563882 5.4395966544543626 5.5302141378560901 8.9436726707499457 5.5725374792236826 5.2527909494165215
leaf_count=33294 1120 90 419 370 269 240 88 170
internal_value=-1.04696e-10 0.00302896 -0.000581742 0.00967361 -0.00736595 0.00878014 0.0151388 0.00373228
internal_weight=57.251 51.6518 31.7307 12.6334 19.0973 19.9212 14.5162 10.783
internal_count=36060 2766 2348 1490 858 418 328 439
is_linear=0
shrinkage=0.05


Tree=96
num_leaves=9
num_cat=0
split_feature=4 13 7 4 11 10 11 11
split_gain=1.82156 0.570605 1.22786 0.786111 0.668564 0.529286 0.399354 0.322256
threshold=0.71008405089378368 0.012270400300621988 0.65075668692588817 0.87867647409439098 0.013606071937829258 0.99999997019767772 0.014389234129339458 0.013606071937829258
decision_type=2 2 2 2 2 2 2 2
left_child=-1 -2 -3 4 -4 -5 -6 -7
right_child=1 2 3 5 6 7 -8 -9
leaf_value=-0.027373760205051785 0.015306285732335093 -0.021649820973166516 -0.014454258413042965 0.00030754314282737787 0.013872763519804588 0.02646861166172957 -0.0048145719272157349 0.0099376068121193213
leaf_weight=5.4932393710487295 7.8698429810647204 5.3961835765148853 7.9095513636275454 7.1730044379364708 5.6713249531821912 5.4394028532551602 5.7651733081875136 6.4367710074293427
leaf_count=33294 574 253 1043 152 251 62 254 177
internal_value=-3.1101e-11 0.0029107 0.000683069 0.0038218 -0.0032775 0.0110317 0.00445242 0.017509
internal_weight=57.1545 51.6613 43.7914 38.3952 19.346 19.0492 11.4365 11.8762
internal_count=36060 2766 2192 1939 1548 391 505 239
is_linear=0
shrinkage=0.05


Tree=97
num_leaves=9
num_cat=0
split_feature=4 13 13 10 2 4 13 1
split_gain=1.71222 0.443345 0.507457 0.863885 0.840181 0.606983 0.176919 0.0589201
threshold=0.71008405089378368 0.028953939676284794 0.012270400300621988 0.99999997019767772 0.72801709175109874 0.87083333730697643 0.021040604449808601 0.77696833014488231
decision_type=2 2 2 2 2 2 2 2
left_child=-1 2 -2 4 -4 6 -5 -3
right_child=1 7 3 5 -6 -7 -8 -9
leaf_value=-0.02681383310309729 0.012070228870514975 0.0084249481899916663 -0.0018637941203790568 -0.010100985791321612 -0.0279744417187862 0.013603309007848889 0.0025587819405155053 0.016077249290360768
leaf_weight=5.3850371046346472 7.7170396846413487 5.0530150081322045 7.6871011312869069 5.464982511490236 5.1415845573428669 9.3536517798202095 5.574957938377338 5.0090552747278707
leaf_count=33294 574 330 384 572 322 166 335 83
internal_value=7.82101e-10 0.00283117 0.000520046 -0.00216289 -0.0123286 0.00423192 -0.00370805 0.0122344
internal_weight=56.3864 51.0014 40.9393 33.2223 12.8287 20.3936 11.0399 10.0621
internal_count=36060 2766 2353 1779 706 1073 907 413
is_linear=0
shrinkage=0.05


Tree=98
num_leaves=8
num_cat=0
split_feature=4 13 13 4 9 6 9
split_gain=1.60895 0.417245 0.336293 0.775621 0.624598 0.639027 0.266823
threshold=0.71008405089378368 0.028953939676284794 0.012270400300621988 0.82843136787414562 0.74907994270324718 0.75346016883850109 0.79720866680145275
decision_type=2 2 2 2 2 2 2
left_child=-1 2 -2 -4 -5 -6 -7
right_child=1 -3 3 4 5 6 -8
leaf_value=-0.026247759156983415 0.0099421174000818915 0.011898195250839676 -0.015415914660467177 0.014152708021346242 -0.016284461570625571 0.012751605202808602 -0.0027032979829137633
leaf_weight=5.2859920948221761 7.6397529891473814 9.9879092394112359 7.8520924535841905 7.9702089992351857 5.801911507034677 5.0014053351478633 6.3240435051266104
leaf_count=33294 574 413 1261 175 112 119 112
internal_value=-1.9821e-10 0.00274323 0.000490456 -0.00170102 0.00258986 -0.0027909 0.00412171
internal_weight=55.8633 50.5773 40.5894 32.9497 25.0976 17.1274 11.3254
internal_count=36060 2766 2353 1779 518 343 231
is_linear=0
shrinkage=0.05


Tree=99
num_leaves=8
num_cat=0
split_feature=4 2 13 13 13 2 1
split_gain=1.51641 0.405457 0.600701 0.380011 0.591845 0.58825 0.770831
threshold=0.74166667461395275 0.688469558954239 0.014599318150430919 0.028953939676284794 0.012270400300621988 0.72774854302406322 0.77211055159568798
decision_type=2 2 2 2 2 2 2
left_child=-1 2 -2 4 -3 -6 -7
right_child=1 3 -4 -5 5 6 -8
leaf_value=-0.023395953814126874 -0.017306873079090741 0.0164556962425562 0.0057714324433555744 0.015760010093944701 0.0092800522819696113 -0.021854297698010013 0.0017641992875054805
leaf_weight=6.1563645886371878 5.4624269249616173 6.4451657805402673 5.8278807874739869 7.1761034960509269 9.3242366237027472 5.387324937102675 9.6292570638615853
leaf_count=33915 325 276 411 191 340 180 422
internal_value=-8.68675e-10 0.00292441 -0.00539421 0.00539845 0.0029832 -0.000584157 -0.00670913
internal_weight=55.4088 49.2524 11.2903 37.9621 30.786 24.3408 15.0166
internal_count=36060 2145 736 1409 1218 942 602
is_linear=0
shrinkage=0.05


end of trees

feature_importances:
lexical_score=369
rrf_score=336
query_max_node_sim=220
bm25_rank_score=200
node_profile_sim=192
query_token_count=154
avg_top5_desc_sim=129
max_desc_sim=128
parent_sim=113
dense_rank_score=78
path_score=77
sibling_max_sim=61
sibling_coherence=21
query_embedding_norm=12

parameters:
[boosting: gbdt]
[objective: lambdarank]
[metric: ndcg]
[tree_learner: serial]
[device_type: cpu]
[data_sample_strategy: bagging]
[data: ]
[valid: ]
[num_iterations: 100]
[learning_rate: 0.05]
[num_leaves: 31]
[num_threads: 0]
[seed: 0]
[deterministic: 0]
[force_col_wise: 0]
[force_row_wise: 0]
[histogram_pool_size: -1]
[max_depth: -1]
[min_data_in_leaf: 5]
[min_sum_hessian_in_leaf: 5]
[bagging_fraction: 1]
[pos_bagging_fraction: 1]
[neg_bagging_fraction: 1]
[bagging_freq: 0]
[bagging_seed: 3]
[bagging_by_query: 0]
[feature_fraction: 1]
[feature_fraction_bynode: 1]
[feature_fraction_seed: 2]
[extra_trees: 0]
[extra_seed: 6]
[early_stopping_round: 0]
[early_stopping_min_delta: 0]
[first_metric_only: 0]
[max_delta_step: 0]
[lambda_l1: 0]
[lambda_l2: 0]
[linear_lambda: 0]
[min_gain_to_split: 0]
[drop_rate: 0.1]
[max_drop: 50]
[skip_drop: 0.5]
[xgboost_dart_mode: 0]
[uniform_drop: 0]
[drop_seed: 4]
[top_rate: 0.2]
[other_rate: 0.1]
[min_data_per_group: 100]
[max_cat_threshold: 32]
[cat_l2: 10]
[cat_smooth: 10]
[max_cat_to_onehot: 4]
[top_k: 20]
[monotone_constraints: ]
[monotone_constraints_method: basic]
[monotone_penalty: 0]
[feature_contri: ]
[forcedsplits_filename: ]
[refit_decay_rate: 0.9]
[cegb_tradeoff: 1]
[cegb_penalty_split: 0]
[cegb_penalty_feature_lazy: ]
[cegb_penalty_feature_coupled: ]
[path_smooth: 0]
[interaction_constraints: ]
[verbosity: -1]
[saved_feature_importance_type: 0]
[use_quantized_grad: 0]
[num_grad_quant_bins: 4]
[quant_train_renew_leaf: 0]
[stochastic_rounding: 1]
[linear_tree: 0]
[max_bin: 255]
[max_bin_by_feature: ]
[min_data_in_bin: 3]
[bin_construct_sample_cnt: 200000]
[data_random_seed: 1]
[is_enable_sparse: 1]
[enable_bundle: 1]
[use_missing: 1]
[zero_as_missing: 0]
[feature_pre_filter: 1]
[pre_partition: 0]
[two_round: 0]
[header: 0]
[label_column: ]
[weight_column: ]
[group_column: ]
[ignore_column: ]
[categorical_feature: ]
[forcedbins_filename: ]
[precise_float_parser: 0]
[parser_config_file: ]
[objective_seed: 5]
[num_class: 1]
[is_unbalance: 0]
[scale_pos_weight: 1]
[sigmoid: 1]
[boost_from_average: 1]
[reg_sqrt: 0]
[alpha: 0.9]
[fair_c: 1]
[poisson_max_delta_step: 0.7]
[tweedie_variance_power: 1.5]
[lambdarank_truncation_level: 30]
[lambdarank_norm: 1]
[label_gain: 0,1,3]
[lambdarank_position_bias_regularization: 0]
[eval_at: 5]
[multi_error_top_k: 1]
[auc_mu_weights: ]
[num_machines: 1]
[local_listen_port: 12400]
[time_out: 120]
[machine_list_filename: ]
[machines: ]
[gpu_platform_id: -1]
[gpu_device_id: -1]
[gpu_device_id_list: ]
[gpu_use_dp: 0]
[num_gpu: 1]

end of parameters

pandas_categorical:null
