tree
version=v4
num_class=1
num_tree_per_iteration=1
label_index=0
max_feature_idx=13
objective=lambdarank
feature_names=node_profile_sim max_desc_sim avg_top5_desc_sim sibling_coherence lexical_score path_score sibling_max_sim parent_sim query_token_count query_max_node_sim query_embedding_norm bm25_rank_score dense_rank_score rrf_score
feature_infos=[-0.016852505505084991:0.90089136362075806] [0:0.90089136362075806] [0:0.88015669584274292] [0:0.74541836977005005] [0:1] [0.050268154591321945:0.82824969291687012] [0:0.90089136362075806] [-0.0007161577814258635:0.87880712747573853] [0.40000000596046448:1.8999999761581421] [0.50595355033874512:0.90089136362075806] [0.99999982118606567:1.0000001192092896] [0.0076923076994717121:0.090909093618392944] [0.0076923076994717121:0.090909093618392944] [0.017577672377228737:0.18181818723678589]
tree_sizes=3452 3449 3454 3464 3453 3455 3452 3449 3473 3458 3461 3437 3471 3449 3466 3460 3450 3456 3438 3456 3458 3447 3447 3454 3447 3450 3463 3456 3452 3466 3441 3449 3453 3457 3440 3458 3451 3448 3459 3442 3452 3444 3464 3456 3467 3447 3454 3443 3461 3457 3474 3433 3480 3462 3455 3467 3471 3466 3469 3447 3453 3455 3447 3471 3478 3488 3459 3473 3493 3464 3476 3475 3486 3456 3457 3457 3455 3461 3501 3458 3458 3475 3467 3477 3464 3499 3481 3483 3475 3502 3468 3498 3495 3509 3474 3512 3505 3504 3471 3495

Tree=0
num_leaves=31
num_cat=0
split_feature=4 11 4 8 13 4 11 8 13 8 13 3 9 2 11 4 12 13 13 13 13 4 3 2 9 11 0 13 6 1
split_gain=23437 446.405 435.286 283.647 104.841 102.09 85.4758 70.0456 48.0724 33.4279 104.586 17.988 14.6259 16.1646 9.55857 11.3967 12.0434 9.55471 8.25623 8.13243 8.07715 7.06529 6.94574 6.56316 11.0044 7.97221 6.30474 6.06152 3.97384 5.4866
threshold=0.77350428700447094 0.035098522901535041 0.74342104792594921 1.1500000357627871 0.17803030461072925 0.85164836049079906 0.03637566231191159 0.75000000000000011 0.076298922300338759 0.75000000000000011 0.12161172181367876 0.47579053044319158 0.77842620015144359 0.67055335640907299 0.040833333507180221 0.81534090638160717 0.054093567654490478 0.062234593555331237 0.098206978291273131 0.060433486476540572 0.12161172181367876 0.88562092185020458 0.39760114252567297 0.75217026472091686 0.75715258717536937 0.020620748400688175 0.6682804822921754 0.035360079258680351 0.74770656228065502 0.71872824430465709
decision_type=2 2 2 2 2 2 2 2 2 2 2 2 2 2 2 2 2 2 2 2 2 2 2 2 2 2 2 2 2 2
left_child=2 5 4 6 9 8 17 -6 12 10 11 -1 13 27 15 16 -3 -4 -10 21 -8 -7 -12 24 25 -15 -14 -2 29 -27
right_child=1 14 3 -5 7 19 20 -9 18 -11 22 -13 26 23 -16 -17 -18 -19 -20 -21 -22 -23 -24 -25 -26 28 -28 -29 -30 -31
leaf_value=-0.098481114512051521 -0.029924434846726647 -0.013706492363804649 -0.069984638947881456 -0.10000000000000001 0.099999999999999978 0.012492564340744278 0.054454391794272507 -0.10000000000000001 0.012213682947505071 -0.10000000000000001 0.013995636417598784 -0.00959582991458309 -0.099999999999999978 -0.040020177807815652 0.09866426932087427 0.089466634385816757 0.085667171109046272 0.0074255567775648101 0.07383475934569457 0.07868859585330705 0.096430527080827541 0.057924816837647691 0.083450284082276754 0.036287995321560781 -0.081106128618176052 0.033366785653766697 -0.045829308751909284 -0.10000000000000001 0.054161336863327095 -0.037531676405341566
leaf_weight=77.405397743714275 5.0072410749271503 5.7998284675413725 10.81275777553674 46.267183939169627 11.071064949035646 12.10957700180006 15.546088209375737 7.2412880584597579 10.223349206324203 3037.4222067523224 6.4081207339186212 6.1437471570679909 11.276874747185504 9.7184506676858344 3021.3455508917687 107.86743845441379 6.4281838578172028 6.3138917075702912 11.607601142139172 30.359042708325433 43.604524743626826 29.172571639530361 8.2131689707748574 6.7003222304920191 5.6954868776956564 5.8887923924485239 10.25660140099353 8.042535438842604 5.0357431305164928 5.0852003941836301
leaf_count=4627 232 364 709 3876 8 511 250 105 439 215145 123 204 822 567 5100 904 73 230 203 432 75 673 34 245 419 204 638 654 140 314
internal_value=1.93156e-09 0.0938896 -0.0947829 -0.00232733 -0.0983752 0.0140254 0.0569176 0.0209136 -0.0200901 -0.0990719 -0.0703557 -0.091945 -0.0396272 -0.0250802 0.0981144 0.0842807 0.0385336 -0.0414467 0.0449778 0.0590443 0.0853983 0.0445979 0.0530102 -0.00863905 -0.0182186 -0.00429714 -0.074198 -0.0731118 0.017388 0.000513394
internal_weight=6584.07 3307.62 3276.45 122.544 3153.9 166.179 76.2773 18.3124 94.5382 3135.59 98.1704 83.5491 72.7072 51.1738 3141.44 120.095 12.228 17.1266 21.831 71.6412 59.1506 41.2821 14.6213 38.124 31.4237 25.7282 21.5335 13.0498 16.0097 10.974
internal_count=238320 12934 225386 5140 220246 6493 1264 113 4877 220133 4988 4831 4235 2775 6441 1341 437 939 642 1616 325 1184 157 1889 1644 1225 1460 886 658 518
is_linear=0
shrinkage=0.05


Tree=1
num_leaves=31
num_cat=0
split_feature=4 11 13 8 4 8 4 4 8 12 9 8 13 4 13 12 4 9 0 3 13 12 9 1 5 5 9 9 9 8
split_gain=42952 1214.2 667.938 459.034 262.329 371.531 230.046 197.452 238.509 158.065 132.048 102.512 101.362 99.0685 81.4926 71.3238 61.0785 77.7613 59.662 49.6589 60.0899 44.5126 46.7291 36.6621 42.9223 42.638 36.4405 35.6534 35.0586 32.1234
threshold=0.77350428700447094 0.040833333507180221 0.13415796309709552 0.84999999403953563 0.81534090638160717 1.3499999642372134 0.82843136787414562 0.74342104792594921 1.1500000357627871 0.035098522901535041 0.75068107247352611 1.3499999642372134 0.074436001479625716 0.65686276555061351 0.076298922300338759 0.046536797657608993 0.83974358439445507 0.80958431959152233 0.49790057539939886 0.33523347973823553 0.062644902616739287 0.080128207802772536 0.72575068473815929 0.713444083929062 0.75264370441436779 0.68927508592605602 0.73319190740585338 0.76687324047088634 0.70589348673820507 0.84999999403953563
decision_type=2 2 2 2 2 2 2 2 2 2 2 2 2 2 2 2 2 2 2 2 2 2 2 2 2 2 2 2 2 2
left_child=2 6 7 13 5 9 11 -1 19 10 -3 14 18 -4 23 16 17 26 -8 20 -9 22 -11 -2 25 -25 -6 -20 -16 -18
right_child=1 4 3 -5 15 -7 12 8 -10 21 -12 -13 -14 -15 28 -17 29 -19 27 -21 -22 -23 -24 24 -26 -27 -28 -29 -30 -31
leaf_value=-0.090757323245158741 -0.064377137990630648 0.040329652493508672 -0.095522476848543703 -0.091056276044875289 0.073852115401314616 -0.10012339204422452 -0.072682400001634284 -0.077667054727630608 -0.091196708971112692 0.076364975770205429 -0.075805307796046675 -0.095154478015092914 0.059873543202581293 0.082541939380476784 0.064660133930238575 0.087492544105199896 0.049489982331840543 -0.10032174599313869 0.038342686381156892 0.073764398878962675 0.019355808484235213 0.083681399350190921 0.030946662180646539 -0.094406104424209228 -0.094693553616476356 0.010981805840950466 0.040783008728481993 0.007210478010307636 0.006781444847407384 0.082171967257596013
leaf_weight=7219.8131001852453 43.534410413354635 103.07840392552316 8.4379229564219695 73.472630720352754 214.56838019937277 37.396896179765463 15.918213100638239 21.986455128819216 120.6906207529828 122.89584278315306 32.098077531903982 33.742775972234085 320.96023980842438 105.17799824755639 45.030919537413865 5191.0914069525898 79.261022046208382 7.6312471386045209 233.77798602543771 24.758378957398236 58.207983692409471 359.43101186305285 105.03362083993852 10.694305846700443 13.462900447193531 93.574102459009737 136.17824896145612 151.60301550885197 62.444950091419742 1462.9479246819392
leaf_count=216904 1067 149 205 3166 167 123 202 736 3812 88 113 869 683 88 110 2787 117 34 1122 75 400 210 153 370 439 1199 186 1331 442 973
internal_value=-1.82514e-09 0.0747859 -0.0869732 0.00633625 0.0814667 0.0535477 0.0235979 -0.0893179 -0.0432597 0.0615013 0.012753 -0.0130092 0.038929 0.0693176 -0.00269513 0.0844585 0.0761714 0.0575775 0.0221775 0.0118656 -0.0072444 0.0727204 0.0554355 -0.0251725 -0.0106755 0.000172678 0.061013 0.0260957 0.0310318 0.0804923
internal_weight=16508.9 8876.36 7632.55 187.089 7851.61 759.934 1024.74 7445.46 225.643 722.537 135.176 302.484 722.259 113.616 268.742 7091.68 1900.59 358.378 401.299 104.953 80.1944 587.36 227.929 161.266 117.731 104.268 350.747 385.381 107.476 1542.21
internal_count=238320 12934 225386 3459 5100 836 7834 221927 5023 713 262 4496 3338 293 3627 4264 1477 387 2655 1211 1136 451 241 3075 2008 1569 353 2453 552 1090
is_linear=0
shrinkage=0.05


Tree=2
num_leaves=31
num_cat=0
split_feature=4 11 4 8 13 4 11 12 4 11 9 3 8 13 4 8 4 3 9 13 9 2 2 12 5 5 12 9 2 5
split_gain=35179.6 1021.47 537.438 417.453 144.94 121.903 96.6456 79.1587 74.1581 69.3525 54.8351 52.1344 51.6279 132.665 81.4656 47.2442 43.1504 41.2558 40.2263 33.5783 33.5566 31.9255 30.3855 29.9607 39.3964 26.3906 22.8725 35.045 19.116 29.2957
threshold=0.77350428700447094 0.037749288603663451 0.74342104792594921 1.1500000357627871 0.17803030461072925 0.82843136787414562 0.04446640424430371 0.087121214717626586 0.89181286096572887 0.042572464793920524 0.76687324047088634 0.41334123909473425 0.75000000000000011 0.095617286860942854 0.65686276555061351 1.3499999642372134 0.90454545617103588 0.44142690300941473 0.78184995055198681 0.09472751617431642 0.80958431959152233 0.67252266407012951 0.68940562009811412 0.028174603357911113 0.68249076604843151 0.68452942371368419 0.080128207802772536 0.79321029782295238 0.7012125849723817 0.69726374745368969
decision_type=2 2 2 2 2 2 2 2 2 2 2 2 2 2 2 2 2 2 2 2 2 2 2 2 2 2 2 2 2 2
left_child=2 5 4 6 12 15 17 8 9 20 -11 16 13 -1 -15 18 21 19 22 -4 23 -7 -2 24 -3 -24 27 -23 29 -12
right_child=1 7 3 -5 -6 11 -8 -9 -10 10 28 -13 -14 14 -16 -17 -18 -19 -20 -21 -22 26 25 -25 -26 -27 -28 -29 -30 -31
leaf_value=-0.081163801522669318 -0.034187737187803956 -0.097159556465805333 -0.067973977391729237 -0.084777025220716867 0.05436698725679108 -0.035363283449861456 0.064662976497667973 0.08256312246877788 0.078576867734853617 0.072930531082290834 -0.022828868118880009 0.071409359240702824 -0.08461612556106729 -0.088758213711460518 0.067542292344040231 -0.087067219347209693 0.04118261903981317 0.053150047941981339 -0.057694558965823164 0.032224181778783292 -0.055962410710479374 0.018441253267185525 -0.08904457643271757 0.055610591323059504 0.029040553283147988 0.01981388755159879 0.053985767150882484 -0.038439142715647141 0.057957857099688641 0.051319822172858812
leaf_weight=132.45791046973318 46.587245637085289 6.8886594763025633 30.879658915917389 121.03779907058924 18.999990683048964 38.002558535896242 109.70994246099144 2780.7865041233599 2243.5088194962591 1783.4463708312251 19.272453786805272 55.532915168674663 6713.7936335214181 11.739060637541114 28.763701769523323 23.173760774778202 145.16721010487527 16.11801378428936 37.99569618422538 11.466147633269427 8.651800310239194 140.29621300997678 5.8821526300162068 167.79512741789222 60.463822244899347 104.09948016167618 31.152687185443938 33.556529228575528 448.31058496283367 43.137271316722035
leaf_count=4474 1081 96 933 3876 113 519 211 1509 1483 1430 65 132 215145 384 130 806 619 57 1024 63 69 1055 215 304 287 1032 68 503 576 61
internal_value=-1.63739e-09 0.0706436 -0.0807442 -0.0139687 -0.0835408 0.0110599 0.0369934 0.0758552 0.071954 0.0660995 0.0687939 0.0260964 -0.0839213 -0.0569491 0.0222412 -0.0195817 0.0196139 -0.0149298 -0.0115438 -0.0408429 0.040745 0.00672924 -0.000344072 0.0443032 0.0161331 0.0139918 0.0145321 0.00746237 0.0543486 0.0284223
internal_weight=15418.7 8223.71 7194.97 289.212 6905.75 661.446 168.174 7562.26 4781.47 2537.97 2294.17 443.708 6886.75 172.961 40.5028 217.738 388.175 58.4638 194.565 42.3458 243.799 243.008 156.569 235.148 67.3525 109.982 205.005 173.853 510.72 62.4097
internal_count=238320 12934 225386 5140 220246 7054 1264 5880 4371 2888 2132 2896 220133 4988 514 4158 2764 1053 3352 996 756 2145 2328 687 383 1247 1626 1558 702 126
is_linear=0
shrinkage=0.05


Tree=3
num_leaves=31
num_cat=0
split_feature=4 11 4 8 13 13 4 4 12 13 8 8 13 4 6 13 11 9 11 8 2 13 13 8 4 6 9 0 11 1
split_gain=29917 838.393 448.992 347.477 130.588 98.1129 83.5397 66.7322 63.8372 53.1766 48.9626 42.723 109.471 64.0567 36.5613 35.5233 34.1875 29.111 28.0112 24.6934 23.1994 20.4648 29.7166 20.2836 19.1384 23.9341 17.675 27.3753 22.4796 22.0877
threshold=0.77350428700447094 0.035098522901535041 0.74342104792594921 1.1500000357627871 0.17803030461072925 0.097308155149221434 0.85164836049079906 0.82843136787414562 0.069047622382640853 0.082357861101627364 1.3499999642372134 0.75000000000000011 0.095617286860942854 0.65686276555061351 0.7614000439643861 0.027631764300167564 0.023532669059932235 0.80073279142379772 0.042572464793920524 0.65000000596046459 0.58059248328208934 0.058323483914136894 0.027631764300167564 1.3499999642372134 0.82843136787414562 0.76550221443176281 0.75323668122291576 0.66261136531829845 0.015749008394777778 0.75140732526779186
decision_type=2 2 2 2 2 2 2 2 2 2 2 2 2 2 2 2 2 2 2 2 2 2 2 2 2 2 2 2 2 2
left_child=2 6 4 8 11 7 9 10 16 15 14 12 -1 -14 20 -2 -4 -18 -9 -20 -3 22 -8 26 25 -7 29 -28 -29 -17
right_child=1 5 3 -5 -6 24 21 18 -10 -11 -12 -13 13 -15 -16 23 17 -19 19 -21 -22 -23 -24 -25 -26 -27 27 28 -30 -31
leaf_value=-0.076387723083272782 0.074943062470988656 -0.044930232006088804 -0.068603744292263499 -0.079694182534681635 0.058863572101344575 0.070813450879878628 0.086846579132872456 0.050733564585026827 0.063833401262668385 0.025865946981712996 -0.089910842088117532 -0.079523195640795047 -0.082071616083736434 0.059291969594441163 -0.012432850752591091 -0.021188343269287983 0.026568537233967252 -0.094463017368487959 -0.034209171560698505 0.068512422137350718 0.050807014715478049 0.04204536440779854 0.0058449184525484008 -0.081337737427602932 0.075719509577844776 0.046154403749047133 -0.072706530149012003 -0.088994689107704125 0.0017191070695886706 0.046755439227214313
leaf_weight=127.56202665041201 8.236119491979478 6.4864877620711914 14.352820864878593 116.97152677783743 17.252400225959718 778.81570202950388 12.436201635748146 278.00183148426004 83.318688167142682 62.594601922668517 7.1187359374016514 6452.4663429117063 11.205904441885648 28.130424369126558 27.171609697397798 80.381892428500578 60.224071768578142 5.414923266042023 5.874836813658475 1415.3679571952671 258.70728540560231 108.93791339697782 126.46217056782916 18.196262616664171 4481.9994792360812 112.63295385055244 39.775439199060202 8.4362781358649936 35.855083254282363 14.052870552055536
leaf_count=4474 36 54 556 3876 113 619 15 694 141 481 178 215145 384 130 272 1592 447 120 29 1097 571 466 1135 684 2727 200 1188 250 550 96
internal_value=1.80289e-09 0.0665608 -0.0759012 -0.0139129 -0.0785191 0.0708708 0.00490645 0.0614131 0.0332031 -0.0144692 0.039651 -0.0788772 -0.0539008 0.0190211 0.0428056 -0.0267891 0.00129886 0.016584 0.0652486 0.0680878 0.0484653 0.0258216 0.0130974 -0.0310488 0.0743887 0.0676978 -0.0259224 -0.042598 -0.0155594 -0.0110776
internal_weight=14804.4 7887.54 6916.9 280.282 6636.62 7372.18 515.365 1998.73 163.311 267.529 299.484 6619.36 166.898 39.3363 292.365 204.934 79.9918 65.639 1699.24 1421.24 265.194 247.836 138.898 196.698 5373.45 891.449 178.502 84.0668 44.2914 94.4348
internal_count=238320 12934 225386 5140 220246 6441 6493 2895 1264 4877 1075 220133 4988 514 897 4396 1123 567 1820 1126 625 1616 1150 4360 3546 819 3676 1988 800 1688
is_linear=0
shrinkage=0.05


Tree=4
num_leaves=31
num_cat=0
split_feature=4 11 4 8 13 4 13 11 4 9 13 13 13 8 13 3 13 7 5 3 2 9 1 9 13 13 8 6 3 4
split_gain=25930.5 696.431 391.729 300.71 110.059 95.883 66.661 65.8986 42.029 42.5428 37.7185 37.5191 38.1462 36.8501 90.252 34.6393 28.7342 32.6658 26.8457 26.6025 25.2522 20.8534 20.0919 21.8348 19.6044 18.9887 15.4461 18.6207 14.953 21.4733
threshold=0.77350428700447094 0.037749288603663451 0.74342104792594921 1.1500000357627871 0.17803030461072925 0.82843136787414562 0.11144183948636056 0.04446640424430371 0.83974358439445507 0.80458039045333873 0.084440071135759368 0.046976227313280113 0.027631764300167564 0.75000000000000011 0.12161172181367876 0.47579053044319158 0.058323483914136894 0.73586207628250133 0.7470097839832307 0.44142690300941473 0.69084432721138012 0.78184995055198681 0.66903832554817211 0.81069639325141918 0.11707397922873498 0.09472751617431642 0.94999998807907116 0.7983083724975587 0.46234388649463659 0.89181286096572887
decision_type=2 2 2 2 2 2 2 2 2 2 2 2 2 2 2 2 2 2 2 2 2 2 2 2 2 2 2 2 2 2
left_child=2 5 4 7 13 10 8 19 9 16 18 12 -7 14 15 -1 17 -3 20 25 -2 -22 -14 -24 28 -4 27 -10 29 -13
right_child=1 6 3 -5 -6 11 -8 -9 26 -11 -12 24 22 -15 -16 -17 -18 -19 -20 -21 21 -23 23 -25 -26 -27 -28 -29 -30 -31
leaf_value=-0.07436444069684793 -0.054667060026942382 -0.094390420212788831 -0.059962055041616037 -0.075606885579458424 0.051389288780703681 0.079906042052682313 0.070848636311542354 0.0544522559420626 0.054495762234136561 -0.044013543829244099 0.022585648834159089 0.0098986147915276473 -0.088988269906405071 -0.07542848926587814 0.04033997245573287 0.013044354172818679 0.053901831917765923 0.03054917405363853 -0.079919012900080189 0.043242745776252069 0.0056834517248623255 -0.052996477688630084 0.004478518556719332 -0.088849024706036561 0.06934981021402721 0.016105056723868916 0.066017911878302499 -0.022648658027124409 0.061837661099642005 0.042350947060862926
leaf_weight=125.90502949035726 38.228679029038176 6.501542971469461 26.130018750554882 111.9926587305963 17.321193845476955 14.321443669497965 4540.2961415313184 104.94809574633837 193.83859332185239 11.923664761707185 45.887415565084666 106.96614230866544 6.9586080322042099 6230.6325055959751 23.06324683316052 12.455703781917689 586.19250917574391 26.782922886312008 22.211798541713506 14.630266156978903 73.679238272830844 19.056335248344112 100.84655624243896 6.682423496618866 37.359859343618155 11.959229247644542 1677.7356529459357 8.1511135594919306 32.579341735690832 97.37847590027377
leaf_count=4627 1248 96 933 3876 113 19 2931 211 280 164 388 926 189 215145 157 204 923 127 861 57 1075 586 1086 173 42 63 1327 32 69 392
internal_value=2.68135e-09 0.0628257 -0.0719926 -0.0129582 -0.0744764 0.0112125 0.0672332 0.0315417 0.0606963 0.0495352 -0.0171793 0.0252336 0.0029738 -0.0748174 -0.0512316 -0.0664956 0.0513358 0.00614439 -0.0290918 -0.014066 -0.0204714 -0.00637475 -0.00664979 -0.00132135 0.0356872 -0.0360786 0.0644453 0.0513827 0.030379 0.0253635
internal_weight=14332.6 7653.58 6679.04 269.66 6409.38 602.156 7051.42 157.668 2511.13 631.401 199.063 403.093 128.809 6392.06 161.424 138.361 619.477 33.2845 153.176 52.7195 130.964 92.7356 114.488 107.529 274.284 38.0892 1879.73 201.99 236.924 204.345
internal_count=238320 12934 225386 5140 220246 7054 5880 1264 2949 1310 4158 2896 1467 220133 4988 4831 1146 223 3770 1053 2909 1661 1448 1259 1429 996 1639 312 1387 1318
is_linear=0
shrinkage=0.05


Tree=5
num_leaves=31
num_cat=0
split_feature=4 11 4 8 13 11 4 13 12 13 4 8 8 13 4 12 4 7 13 3 13 8 8 3 9 1 0 3 13 13
split_gain=22791.6 594.339 348.39 262.175 94.5859 89.4335 68.4233 55.131 44.2237 41.6507 38.3299 42.7861 32.211 77.6034 45.3447 28.126 26.0851 35.2403 25.2682 21.751 23.1964 18.3167 16.805 16.0043 15.7748 15.6527 15.1701 14.7329 14.6635 20.9597
threshold=0.77350428700447094 0.035098522901535041 0.74342104792594921 1.1500000357627871 0.17803030461072925 0.040833333507180221 0.85164836049079906 0.11501920595765115 0.087121214717626586 0.098206978291273131 0.82843136787414562 1.3499999642372134 0.75000000000000011 0.095617286860942854 0.65686276555061351 0.009756329935044052 0.81534090638160717 0.70203191041946422 0.027631764300167564 0.44142690300941473 0.062644902616739287 1.3499999642372134 0.84999999403953563 0.44828683137893682 0.79666152596473705 0.80470818281173717 0.79436501860618602 0.38520015776157385 0.027631764300167564 0.041619256138801582
decision_type=2 2 2 2 2 2 2 2 2 2 2 2 2 2 2 2 2 2 2 2 2 2 2 2 2 2 2 2 2 2
left_child=2 6 4 7 12 15 9 19 10 18 11 25 13 -1 -15 -3 17 -17 -2 20 -4 23 -12 -20 -19 -7 -27 -6 -8 -30
right_child=1 5 3 -5 27 8 28 -9 -10 -11 22 -13 -14 14 -16 16 -18 24 21 -21 -22 -23 -24 -25 -26 26 -28 -29 29 -31
leaf_value=-0.069296189091453006 0.06586771567739734 -0.04243053069945444 -0.064242480125804663 -0.072276147378372207 -0.025167629020595855 0.052686425596740777 0.076808905308481237 0.057775809006444072 0.069870632267792845 0.035654496104221882 0.047809466538582555 -0.088313767002922219 -0.072082206465115067 -0.075497783599041149 0.045798500655453128 0.041395671693586086 0.046448219400625525 -0.089118887206561387 -0.024746200142472332 0.050217663495787671 0.0047183181067253378 -0.074566703940391263 0.064258254100006226 0.029227787984303068 0.018419636102014698 -0.055578448350381941 0.04099108737537803 0.075094497157073489 -0.0067289676174509183 0.030582266150743654
leaf_weight=117.40621137642302 7.9609406394883981 10.208207927644251 17.510685377405025 107.5113713433966 5.2319959080778089 615.01465415465645 12.985596381127833 81.210265584290028 2484.5285101607442 37.594354512169957 162.89937922824174 5.5302986013703039 6018.2370013538166 10.63156888540834 27.990369853097945 24.239663766697049 322.28699892945588 10.679659516550599 169.52048740279861 15.66631245613098 40.164308451581746 17.031329497229308 3319.2096444736235 14.94516196567565 5.0099011668935409 6.542557120323182 10.746886521577835 12.225771727040408 48.732883470132947 165.35147794545628
leaf_count=4474 36 126 740 3876 105 818 15 97 1469 203 243 121 215145 384 130 114 818 225 3751 59 368 723 2364 164 58 71 14 8 620 981
internal_value=-1.57838e-10 0.0595764 -0.0687821 -0.0123147 -0.0711721 0.0632577 0.00540566 0.0293966 0.0646019 -0.0128044 0.0614247 0.0501563 -0.0715007 -0.0490716 0.0124089 0.0394186 0.0417253 0.00360484 -0.0215021 -0.00202746 -0.0162188 -0.0249539 0.0634887 -0.0203733 -0.0547803 0.0513674 0.00444788 0.0450465 0.0252183 0.022089
internal_weight=13904.8 7451.02 6453.79 262.063 6191.72 6976.9 474.122 154.552 6604.47 247.052 4119.94 637.834 6174.27 156.028 38.6219 372.424 362.216 39.9292 209.458 73.3413 57.675 201.497 3482.11 184.466 15.6896 632.304 17.2894 17.4578 227.07 214.084
internal_count=238320 12934 225386 5140 220246 6441 6493 1264 5100 4877 3631 1024 220133 4988 514 1341 1215 397 4674 1167 1108 4638 2607 3915 283 903 85 113 1616 1601
is_linear=0
shrinkage=0.05


Tree=6
num_leaves=31
num_cat=0
split_feature=4 11 4 8 13 13 4 11 4 13 11 8 4 3 9 9 12 13 4 9 13 3 13 8 8 13 13 7 11 9
split_gain=20317.5 533.85 314.287 232.674 84.3595 83.0385 63.3436 49.3653 43.9907 35.9483 29.2514 29.0397 69.873 46.0879 22.454 21.3301 20.4965 18.7165 18.5461 18.6117 23.0626 17.8562 16.4375 16.2365 15.6099 15.2207 15.1918 15.1435 14.2945 13.6817
threshold=0.77350428700447094 0.035098522901535041 0.74342104792594921 1.1500000357627871 0.091208070516586318 0.17803030461072925 0.85164836049079906 0.04446640424430371 0.85164836049079906 0.11144183948636056 0.03637566231191159 0.75000000000000011 0.65686276555061351 0.39760114252567297 0.80625501275062572 0.78184995055198681 0.087121214717626586 0.027631764300167564 0.79285714030265819 0.7189721167087556 0.11917293071746828 0.44142690300941473 0.13415796309709552 1.3499999642372134 0.94999998807907116 0.074858594685792937 0.09472751617431642 0.72336119413375866 0.042572464793920524 0.75021854043006908
decision_type=2 2 2 2 2 2 2 2 2 2 2 2 2 2 2 2 2 2 2 2 2 2 2 2 2 2 2 2 2 2
left_child=2 6 5 7 8 11 9 21 10 15 -3 12 -1 22 24 17 18 -2 19 -6 -21 26 -14 25 29 -19 -4 -9 -10 -12
right_child=1 4 3 -5 16 -7 -8 27 28 -11 14 -13 13 -15 -16 -17 -18 23 -20 20 -22 -23 -24 -25 -26 -27 -28 -29 -30 -31
leaf_value=-0.071499625415030965 0.068473574739328233 -0.042098855813775558 -0.05418200980919019 -0.069508459090739813 0.058739318319158365 0.043098314308205245 0.024496691136188003 0.056817930878878264 0.043035041728390913 0.052766898345216931 0.025080852511071616 -0.069307486828464673 -0.058288725550632296 0.058078662476079325 -0.036638222022294775 -0.046309765424626767 0.066958417572564793 -0.01847551827201974 0.061445763497395424 -0.058704729356920608 0.03292263704720505 0.032798495829429182 0.028891882796219015 -0.072406215796913656 0.044501451745333216 0.017292915436761157 0.016350301014521222 0.0045709980530919845 0.05872882308770614 -0.05274671461314745
leaf_weight=99.899140593828633 7.317558246664702 11.001958641689269 24.182224032469094 103.29138351976871 53.75941015034914 16.642125085927546 218.21192423184402 83.786182755604386 172.40258725825697 19.350673067383468 37.768128320109099 5817.6567056868225 23.814609045162801 20.623394022230059 9.3080590032041055 52.041694631567225 2449.6242518331856 113.19506476190872 2624.1536843916401 8.5871044881641847 34.293492476455867 15.263879406265913 6.9947953540831795 10.835343700367956 455.06333841895685 40.342400133609772 11.156535731628535 16.620108352042735 916.07348932884634 6.639659537933766
leaf_count=3880 19 201 933 3876 53 113 1616 128 439 64 138 215145 989 100 136 1574 1528 2385 2070 76 74 57 19 472 898 363 63 83 743 85
internal_value=1.18792e-10 0.056988 -0.0661211 -0.0116803 0.0605298 -0.068434 0.00494114 0.0278747 0.0505287 -0.0126136 0.038562 -0.068745 -0.0471216 0.000228429 0.0403063 -0.0182684 0.0636407 -0.00976867 0.0606536 0.0391424 0.0145737 -0.0123945 -0.0384957 -0.0132519 0.0417402 -0.00907726 -0.0319148 0.0481696 0.0562431 0.0134444
internal_weight=13479.9 7239.97 6239.93 254.3 6778.68 5985.63 461.295 151.009 1608.26 243.083 519.781 5968.99 151.332 51.4328 508.779 223.732 5170.42 171.69 2720.79 96.64 42.8806 50.6026 30.8094 164.373 499.471 153.537 35.3388 100.406 1088.48 44.4078
internal_count=238320 12934 225386 5140 6441 220246 6493 1264 2640 4877 1458 220133 4988 1108 1257 4813 3801 3239 2273 203 150 1053 1008 3220 1121 2748 996 211 1182 223
is_linear=0
shrinkage=0.05


Tree=7
num_leaves=31
num_cat=0
split_feature=4 11 4 8 4 13 13 12 13 13 8 4 13 13 5 8 4 6 13 9 3 4 3 13 4 9 5 0 13 0
split_gain=18245.7 503.545 288.579 211.09 94.7841 72.1973 51.8497 47.6073 47.0385 37.5141 27.3831 66.5065 39.7479 22.9452 21.3834 20.671 20.0872 19.4773 16.1474 16.009 15.8948 15.6186 21.9822 14.4784 13.5581 17.1366 19.3894 13.2278 19.3438 14.9452
threshold=0.77350428700447094 0.040833333507180221 0.74342104792594921 1.1500000357627871 0.82843136787414562 0.17803030461072925 0.076298922300338759 0.029857398010790352 0.12695360928773883 0.053060851991176612 0.75000000000000011 0.65686276555061351 0.084440071135759368 0.027631764300167564 0.65231296420097362 1.0500000119209292 0.87867647409439098 0.71671223640441906 0.027631764300167564 0.67172360420227062 0.38520015776157385 0.89181286096572887 0.41334123909473425 0.038336835801601417 0.86190477013587963 0.76687324047088634 0.71767204999923717 0.60131388902664196 0.038512213155627258 0.50894638895988475
decision_type=2 2 2 2 2 2 2 2 2 2 2 2 2 2 2 2 2 2 2 2 2 2 2 2 2 2 2 2 2 2
left_child=2 4 5 8 6 10 18 15 23 13 11 -1 -13 -6 -15 -3 17 -9 -2 -8 -7 22 -11 -4 25 -17 -27 29 -29 -16
right_child=1 7 3 -5 9 20 19 16 -10 21 -12 12 -14 14 27 24 -18 -19 -20 -21 -22 -23 -24 -25 -26 26 -28 28 -30 -31
leaf_value=-0.068950856072917788 0.053770573660165945 0.036560396289251923 -0.073380586646197551 -0.067202492809451966 0.071369629961001352 -0.036098446352650929 0.057320528368569705 0.062187994338590673 0.058798928461931493 0.019201055463922281 -0.066978747459315868 -0.052515965978139345 0.039527288763588853 -0.081936336624407635 -0.055104740317734151 0.050441508367283075 0.064377364366286924 0.053387099087534445 -0.030422451431782495 0.0086976614707345145 0.070338491353146709 0.047097729926187125 0.061223876966828961 0.007763755037224253 0.058885939318809977 -0.05755891401168204 0.031053611038072783 -0.063461012691557198 0.0043750480911354198 0.026320753013147687
leaf_weight=97.263731790473685 5.931881194934248 239.45594836771488 5.9207478935131794 99.68813709449023 13.748334608972071 5.0364693198353079 22.980676602572203 1386.025375302881 64.971327051520348 162.07791642518714 5614.4060387623031 19.597266174852848 29.21464515523985 6.9150636685080817 6.0523737641051403 225.860934112221 2727.8977613802999 1150.4821239300072 142.57868231507018 64.281805492239073 11.554922103881834 196.71242001652718 38.515347426757216 76.8478853716515 446.50954240746796 7.3174515049904576 39.479060494340956 13.027152277994899 54.364950110204518 81.784549696836621
leaf_count=3880 32 468 298 3876 19 105 55 988 65 908 215145 910 198 206 124 270 1789 1108 3786 623 8 466 60 901 334 39 104 326 598 631
internal_value=-1.87041e-10 0.0547089 -0.063858 -0.0109805 0.0175994 -0.0661227 -0.00908614 0.0595329 0.0269555 0.028576 -0.0664227 -0.0450507 0.00257327 0.00935156 0.00409299 0.0492845 0.0613991 0.0581962 -0.0270596 0.0215026 0.0380286 0.0370869 0.0272697 0.0019592 0.0535212 0.0447358 0.0171975 0.00792538 -0.00873792 0.0207102
internal_weight=13056.5 7032 6024.5 247.428 808.971 5777.07 235.773 6223.03 147.74 573.198 5760.48 146.076 48.8119 175.892 162.144 958.623 5264.41 2536.51 148.511 87.2625 16.5914 397.306 200.593 82.7686 719.167 272.657 46.7965 155.229 67.3921 87.8369
internal_count=238320 12934 225386 5140 7834 220246 4496 5100 1264 3338 220133 4988 1108 1904 1885 1215 3885 2096 3818 678 113 1434 968 1199 747 413 143 1679 924 755
is_linear=0
shrinkage=0.05


Tree=8
num_leaves=31
num_cat=0
split_feature=4 11 4 8 4 13 13 13 4 8 13 13 9 3 12 3 4 11 4 6 11 5 2 13 8 13 13 6 5 9
split_gain=16519.3 464.664 264.529 190.846 68.7528 66.5223 55.1437 43.0662 41.2201 25.2073 59.8782 24.3319 22.0475 21.3714 20.7034 20.4779 19.639 25.2793 16.6117 16.9489 19.2219 16.5451 17.3601 15.5529 15.4786 13.8868 13.5762 15.9042 19.4908 16.1178
threshold=0.77350428700447094 0.037749288603663451 0.74342104792594921 1.1500000357627871 0.82843136787414562 0.17803030461072925 0.099877879023551955 0.11707397922873498 0.82843136787414562 0.75000000000000011 0.12161172181367876 0.084440071135759368 0.76755183935165416 0.47579053044319158 0.080128207802772536 0.44142690300941473 0.87867647409439098 0.031754031777381904 0.87867647409439098 0.71671223640441906 0.042572464793920524 0.7470097839832307 0.67706015706062328 0.062644902616739287 0.75000000000000011 0.030533363111317161 0.039014441892504699 0.74894815683364879 0.69473731517791759 0.78954929113388073
decision_type=2 2 2 2 2 2 2 2 2 2 2 2 2 2 2 2 2 2 2 2 2 2 2 2 2 2 2 2 2 2
left_child=2 4 5 7 11 9 8 15 12 10 13 21 -3 -1 16 23 17 26 19 -8 -21 22 25 -4 -10 -2 -6 -28 -29 -30
right_child=1 6 3 -5 14 -7 18 -9 24 -11 -12 -13 -14 -15 -16 -17 -18 -19 -20 20 -22 -23 -24 -25 -26 -27 27 28 29 -31
leaf_value=-0.064197212546791088 0.020278252224723643 0.035157984878882276 -0.058367602195503014 -0.065227774083641679 0.0098341680849815122 0.037599733369507136 0.060454979383212273 0.053218715004707588 0.0094790127578445651 -0.065003754361917854 0.032706725745329547 0.016640698670552959 -0.01736360530299454 0.0090124325469472938 0.05008715356797281 0.044731520321209153 0.027809545241319917 0.029947906053263071 0.062558252819755952 0.020054722178871824 0.053144390088894503 -0.069635525963276643 -0.0094731078311107494 0.00044362094325956105 0.052935032551214095 -0.071776998781735823 -0.068570051976331287 0.055048809756940591 -0.0022959541541325537 -0.084254937994976381
leaf_weight=108.75178517960012 5.0247458829544511 235.62869616504759 15.890368438907897 95.885437896475196 35.835838644765317 16.012428598012775 1199.9827795866877 71.832483593374491 20.775700793601573 5411.3908289221581 21.743823840282857 42.960674459114671 21.832717386074364 10.974640180356799 53.022171886637807 18.033497776370496 167.94092684285715 52.510254446882755 2316.2524388693273 46.061131963506341 930.48607173655182 19.078531154431403 94.899052681634203 38.426960780285299 1497.5232450785115 22.183901485055685 17.75934249162674 8.5678141913376731 16.601947796531025 9.392226161900906
leaf_count=4627 89 588 740 3876 549 113 871 91 85 215145 157 388 273 204 121 61 1024 313 1555 101 846 861 1912 372 1561 908 401 52 207 229
internal_value=5.29653e-10 0.0528102 -0.0619503 -0.0105609 0.00856113 -0.0641656 0.0566628 0.025794 0.0492034 -0.0644591 -0.0436239 -0.0163078 0.0307042 -0.0574865 0.0212247 -0.00143426 0.0162659 0.002484 0.0596111 0.0564747 0.0515836 -0.0263335 -0.0195679 -0.0167614 0.0523404 -0.0547767 -0.0138747 -0.0301133 -0.0103527 -0.0319094
internal_weight=12623.3 6814.32 5808.94 240.069 545.777 5568.87 6268.54 144.183 1775.76 5552.86 141.47 184.147 257.461 119.726 361.631 72.3508 308.608 140.667 4492.78 2176.53 976.547 141.186 122.108 54.3173 1518.3 27.2086 88.1572 52.3213 34.562 25.9942
internal_count=238320 12934 225386 5140 7054 220246 5880 1264 2507 220133 4988 4158 861 4831 2896 1173 2775 1751 3373 1818 947 3770 2909 1112 1646 997 1438 889 488 436
is_linear=0
shrinkage=0.05


Tree=9
num_leaves=31
num_cat=0
split_feature=4 11 4 8 4 13 12 13 13 4 13 8 8 4 3 8 9 0 9 9 3 11 2 3 11 9 1 13 6 13
split_gain=15001 423.956 245.359 175.283 81.5975 59.1405 43.7493 41.3577 36.6371 35.9857 31.1814 29.1776 23.5729 55.9614 32.4766 22.5845 17.5679 16.8548 16.697 16.3173 15.5781 15.3696 18.6238 14.9274 14.3589 14.1623 13.9355 13.1289 12.7417 12.7396
threshold=0.77350428700447094 0.040833333507180221 0.74342104792594921 1.1500000357627871 0.82843136787414562 0.17803030461072925 0.080128207802772536 0.076298922300338759 0.11707397922873498 0.82843136787414562 0.074436001479625716 1.3499999642372134 0.75000000000000011 0.65686276555061351 0.39760114252567297 0.84999999403953563 0.73273271322250377 0.49790057539939886 0.76755183935165416 0.76687324047088634 0.44142690300941473 0.040833333507180221 0.72587350010871898 0.38520015776157385 0.051315790042281158 0.8038233518600465 0.77314829826354992 0.027631764300167564 0.67659056186676036 0.13415796309709552
decision_type=2 2 2 2 2 2 2 2 2 2 2 2 2 2 2 2 2 2 2 2 2 2 2 2 2 2 2 2 2 2
left_child=2 4 5 8 7 12 9 27 20 11 17 16 13 -1 29 18 -3 -6 -11 -19 21 22 -4 -7 -20 -17 -9 -2 -18 -15
right_child=1 6 3 -5 10 23 -8 26 -10 15 -12 -13 -14 14 -16 25 28 19 24 -21 -22 -23 -24 -25 -26 -27 -28 -29 -30 -31
leaf_value=-0.065401538474003693 0.048048691547752119 0.047940151101614606 -0.07221995959364795 -0.063539943734954307 -0.054362493821307603 -0.036991657225190731 0.06021915112739791 0.025838251129970249 0.050919397113612375 0.041271068197761065 0.039685564479583484 -0.081241164153223022 -0.063314847912571068 -0.052725085106994342 0.050999826470469738 0.055924168726310876 -0.048234566122178767 0.027148248499287975 -0.062541034307335847 0.0026587236895311422 0.039644026947832936 0.015196726715825776 0.011442385382247148 0.066839411288800471 0.023228439947366612 0.041449077110811951 -0.039062286522052375 -0.028675441981769773 0.030371044152151111 0.025677152971080572
leaf_weight=90.378618013113737 5.8139984002336851 283.68447122350335 16.96897875494324 92.024824709631503 8.3458990561775845 5.0838880832307032 2751.8097552638501 75.019272718578577 69.892749711871147 97.508528320118785 249.50450120680034 5.0042730355635276 5200.1171341261361 20.746465995209295 19.591810472309589 2304.1559100272134 5.3084994778037062 176.62919654161669 7.6362264668568995 110.61633259989321 18.116468328982592 23.914967395830899 10.940769678680224 10.847294021397827 13.518266761675475 182.35097016952932 9.2960590873844904 136.08461035927758 178.70386099815369 6.906050279736518
leaf_count=3880 32 330 718 3876 202 105 1927 500 91 135 683 114 215145 989 100 1832 21 1122 41 1331 61 155 239 8 39 205 178 3786 456 19
internal_value=2.42178e-11 0.0510291 -0.0603064 -0.00995014 0.0161927 -0.0624872 0.0556383 -0.00905201 0.0253174 0.0515427 0.0266692 0.0388505 -0.0627743 -0.0423494 0.00174936 0.0538456 0.0401355 0.0156823 0.0325351 0.0177175 -0.00026696 -0.0142187 -0.0394239 0.0337053 -0.00773213 0.0548626 0.0186827 -0.0255318 0.0281034 -0.0331446
internal_weight=12186.5 6600.99 5585.53 231.859 771.31 5353.67 5829.68 226.214 139.834 3077.87 545.096 472.701 5337.74 137.623 47.2443 2605.17 467.697 295.591 118.663 287.246 69.9412 51.8247 27.9097 15.9312 21.1545 2486.51 84.3153 141.899 184.012 27.6525
internal_count=238320 12934 225386 5140 7834 220246 5100 4496 1264 3173 3338 921 220133 4988 1108 2252 807 2655 215 2453 1173 1112 957 113 80 2037 678 3818 477 1008
is_linear=0
shrinkage=0.05


Tree=10
num_leaves=31
num_cat=0
split_feature=4 11 4 8 13 4 13 4 13 13 9 8 4 11 9 3 4 1 3 2 13 13 8 3 13 4 3 0 8 1
split_gain=13662.3 412.082 228.667 159.35 56.8611 56.2384 55.1353 34.1631 32.0557 27.5379 22.021 21.9656 50.7993 30.2342 18.942 18.4605 18.2384 19.6945 15.6584 15.5698 16.8902 14.4989 13.3899 12.7595 15.2828 11.8869 11.838 14.2213 11.8726 11.5205
threshold=0.77350428700447094 0.037749288603663451 0.74342104792594921 1.1500000357627871 0.097308155149221434 0.85164836049079906 0.17803030461072925 0.83974358439445507 0.11707397922873498 0.11014239490032197 0.78184995055198681 0.75000000000000011 0.65686276555061351 0.03637566231191159 0.80458039045333873 0.44828683137893682 0.87867647409439098 0.78409716486930858 0.39760114252567297 0.6732582449913026 0.030029616318643097 0.057991595938801772 1.3499999642372134 0.44142690300941473 0.062644902616739287 0.91987180709838878 0.41334123909473425 0.525213122367859 0.94999998807907116 0.85648217797279369
decision_type=2 2 2 2 2 2 2 2 2 2 2 2 2 2 2 2 2 2 2 2 2 2 2 2 2 2 2 2 2 2
left_child=2 5 6 8 7 9 11 14 23 10 15 12 -1 -14 21 19 17 -6 -15 20 -2 -3 -21 24 -4 -9 27 -7 -29 -18
right_child=1 4 3 -5 16 26 -8 25 -10 -11 -12 -13 13 18 -16 -17 29 -19 -20 22 -22 -23 -24 -25 -26 -27 -28 28 -30 -31
leaf_value=-0.063774283183116384 0.035990541040079461 -0.0019721142053714395 -0.055219960621675016 -0.062082170136708005 0.054299481436776445 -0.051436950163217657 0.033585082769418718 0.04622621067058047 0.04861145407079967 0.03999744192500343 -0.044177172275820541 -0.061856177241413179 -0.050224079839291974 -0.012762937353477506 -0.049862360927314796 0.039706604304229828 0.059650129791258721 0.036215680524274645 0.062965639102946655 8.8771154813465942e-05 -0.056210751167790333 0.036421319104025345 -0.065836074935620201 0.036355852939729726 0.0050296725380463607 0.057344370830566371 0.050913258051952404 0.0016759368340309409 0.028087951283546027 0.005390067123783716
leaf_weight=87.148172556422651 5.9393056239932767 26.411357944598421 14.884171641664578 87.733691228087991 1906.4784393506125 6.906040778849273 15.34936221083626 856.17339795734733 67.94980801269412 25.453654089011252 50.055439652875066 4983.1515499714296 17.725367688108236 11.313510405365379 6.8916196655482045 19.13230132451281 2192.7987266872078 163.46834542043507 17.209179029799998 121.87853077845648 30.343465872341767 356.62212078366429 8.2218380554113519 18.016911211423576 35.940260563511401 334.26206091418862 33.79226946644485 56.958957097958773 168.17478142213076 9.8263999968767148
leaf_count=3880 69 210 740 3876 1633 160 113 1014 91 100 1665 215145 834 241 140 149 1585 240 33 1826 1060 747 377 61 372 299 89 613 946 12
internal_value=1.74868e-10 0.0494314 -0.0588754 -0.00948525 0.0532439 0.00707688 -0.0610363 0.0451407 0.0242488 -0.00940867 -0.014747 -0.0613202 -0.041297 0.00105849 0.0322958 -0.00680626 0.0562412 0.0528714 0.0329279 -0.0121547 -0.0411179 0.033774 -0.00407742 0.000201689 -0.0126147 0.0493481 0.0232643 0.0192377 0.0214057 0.0594081
internal_weight=11736.2 6379.79 5356.42 224.525 5852.93 526.857 5131.9 1580.36 136.791 261.025 235.571 5116.55 133.396 46.2481 389.925 185.515 4272.57 2069.95 28.5227 166.383 36.2828 383.033 130.1 68.8413 50.8244 1190.44 265.832 232.04 225.134 2202.63
internal_count=238320 12934 225386 5140 5880 7054 220246 2410 1264 5246 5146 220133 4988 1108 1097 3481 3470 1873 274 3332 1129 957 2203 1173 1112 1313 1808 1719 1559 1597
is_linear=0
shrinkage=0.05


Tree=11
num_leaves=31
num_cat=0
split_feature=4 11 4 8 4 13 13 12 11 4 8 13 4 3 9 3 8 3 9 4 3 4 5 3 6 8 2 7 3 4
split_gain=12498.6 403.563 211.233 143.76 68.615 49.1038 41.2027 39.9677 28.891 28.4395 20.799 48.0178 16.6947 15.9142 15.3498 15.163 14.8359 15.8663 14.5401 14.5313 14.0153 13.9319 16.2173 13.111 13.0115 12.7694 12.7759 12.5286 11.7993 11.2556
threshold=0.77350428700447094 0.040833333507180221 0.74342104792594921 1.1500000357627871 0.87083333730697643 0.17803030461072925 0.074858594685792937 0.060661764815449722 0.04446640424430371 0.81534090638160717 0.75000000000000011 0.12161172181367876 0.71008405089378368 0.47579053044319158 0.81354323029518139 0.37823557853698736 0.94999998807907116 0.41334123909473425 0.73361143469810497 0.82843136787414562 0.38520015776157385 0.79285714030265819 0.69150957465171825 0.44142690300941473 0.72677367925643932 0.84999999403953563 0.66660284996032726 0.72336119413375866 0.4101617187261582 0.83974358439445507
decision_type=2 2 2 2 2 2 2 2 2 2 2 2 2 2 2 2 2 2 2 2 2 2 2 2 2 2 2 2 2 2
left_child=2 4 5 8 6 10 14 9 23 18 11 12 -1 -14 19 -8 17 -6 -3 -2 -7 22 -20 -4 -9 26 28 -10 -11 -26
right_child=1 7 3 -5 16 20 15 24 27 25 -12 -13 13 -15 -16 -17 -18 -19 21 -21 -22 -23 -24 -25 29 -27 -28 -29 -30 -31
leaf_value=-0.062536641516531322 -0.021655663551549808 0.038026883657858196 -0.027548959501559018 -0.060818290617128005 0.00081133145437612081 -0.037666467659208364 0.01210894628730785 0.05856982650994446 0.048066272839444112 -0.049269662717887151 -0.060593986895709009 0.029865899343614229 -0.042898290581075117 0.055589787846537279 -0.067819770945537677 0.052022115531249573 0.03605498787926923 0.054077330696046561 0.024661018703060113 0.0034914760718262996 0.064038149290441965 0.024114232570644933 -0.069965450198450976 0.030281148496511152 0.044454172861679922 0.049864769639605976 0.038688127793742498 -0.0012915421354220272 0.046393345196759958 0.054952219642476541
leaf_weight=89.107492497423664 128.2982210656628 113.23921270854771 31.579726248048246 83.899653436616063 67.027273674961179 5.0953345787711433 130.2928789621219 2078.8001284450293 72.706688426434994 8.881179139018057 4767.0729630661663 20.542904074769467 12.430852949386464 6.1214503890369079 12.251053513959048 29.112193227279931 256.68192790448666 17.664675089530647 8.0269897375255841 104.02510717767291 10.10529889911413 38.721414253115654 10.386843985877929 14.2115315599367 344.21782246790826 1751.5262127546594 58.803997900336981 15.61863376945257 5.0597836859524241 988.68295802548528
leaf_count=4208 3368 208 996 3876 641 105 991 1555 128 47 215145 157 595 28 523 63 959 42 38 1247 8 135 129 57 373 1713 121 83 7 774
internal_value=-1.25934e-10 0.0480551 -0.0576427 -0.00948422 0.0135646 -0.0597809 -0.000380857 0.0528101 0.022629 0.0471877 -0.0600595 -0.0401858 -0.0535525 -0.0104015 -0.0132722 0.0193983 0.0300676 0.0119213 0.0276515 -0.0103958 0.0299462 0.00708793 -0.0287157 -0.00960111 0.0560973 0.0490123 0.0284856 0.0393383 -0.0145494 0.0522411
internal_weight=11280.2 6151.7 5128.49 218.016 745.353 4910.48 403.979 5406.35 134.117 1994.65 4895.28 128.203 107.66 18.5523 244.574 159.405 341.374 84.6919 170.374 232.323 15.2006 57.1352 18.4138 45.7913 3411.7 1824.27 72.745 88.3253 13.941 1332.9
internal_count=238320 12934 225386 5140 7834 220246 6192 5100 1264 2398 220133 4988 4831 623 5138 1054 1642 683 510 4615 113 302 167 1053 2702 1888 175 211 54 1147
is_linear=0
shrinkage=0.05


Tree=12
num_leaves=31
num_cat=0
split_feature=4 11 4 8 4 13 12 13 4 13 8 3 8 4 13 13 9 12 4 9 13 11 5 7 11 5 13 11 11 9
split_gain=11437.9 382.156 198.29 131.734 66.055 46.078 41.1696 39.6105 31.7679 28.8583 26.0694 21.9569 19.6008 43.656 26.2463 17.9643 16.0928 14.9224 14.7775 17.0278 14.2132 19.3312 15.4624 13.3555 11.1834 19.7198 11.1353 14.3374 15.9449 11.1121
threshold=0.77350428700447094 0.040833333507180221 0.74342104792594921 1.1500000357627871 0.87083333730697643 0.17803030461072925 0.087121214717626586 0.098206978291273131 0.82843136787414562 0.12695360928773883 1.3499999642372134 0.42452006042003637 0.75000000000000011 0.65686276555061351 0.084440071135759368 0.071455165743827834 0.78184995055198681 0.014815627597272398 0.91287881135940563 0.76936852931976329 0.027631764300167564 0.029857398010790352 0.65779837965965282 0.73942384123802196 0.042572464793920524 0.73049283027648937 0.027631764300167564 0.019803921692073349 0.011299795936793091 0.85493725538253795
decision_type=2 2 2 2 2 2 2 2 2 2 2 2 2 2 2 2 2 2 2 2 2 2 2 2 2 2 2 2 2 2
left_child=2 4 5 9 7 12 8 11 10 -4 17 16 13 -1 -15 26 20 -3 19 -10 -2 23 -23 -22 25 -21 -6 28 -28 -26
right_child=1 6 3 -5 15 -7 -8 -9 18 -11 -12 -13 -14 14 -16 -17 -18 -19 -20 24 21 22 -24 -25 29 -27 27 -29 -30 -31
leaf_value=-0.061262102897879339 0.058165133136152791 0.0050069125305046243 0.0015603532290704312 -0.059712372486350397 0.070821587611621203 0.029701290275096666 0.057356845851147212 0.027328312792706873 0.050271071037470173 0.049075285405800716 -0.076494603411720249 0.03252934062012821 -0.059493492307473209 -0.04777159969024139 0.031684165764451815 0.040970101619146555 -0.037136517673450671 0.040098602540318273 0.055385927466266208 0.032362237738542014 -0.043730789583642016 -0.074553405258522082 0.011371977761829619 -0.0089767740236511018 0.042067481040695666 -0.066005417309024719 0.048476369467789437 0.021293114156503309 -0.041933958232709491 -0.022979633733940727
leaf_weight=80.180713466834277 7.8937401566654435 32.312313743401319 74.759071496780962 79.674125328660011 9.3414649739861471 14.700835495721547 1900.030259758234 94.654984296299517 1420.1847713496536 55.813268326222897 5.0280605042353264 27.897686473559588 4547.0893230177462 16.991538999136537 26.765098276082426 165.54272511042655 59.117041299818084 485.24888119800016 929.6388442190364 20.422582250088457 49.336035345448181 5.5598748303018501 89.790859688306227 62.870102044893429 387.28220537304878 6.7884677555412045 6.5042369719594744 132.8749812990427 19.489257084205747 6.6788923628628245
leaf_count=3880 21 130 1199 3876 13 113 1469 388 1308 65 121 237 215145 910 198 394 1814 773 769 28 1458 174 838 1262 461 28 24 869 342 13
internal_value=-4.54679e-10 0.046732 -0.0565491 -0.00904571 0.0128804 -0.0586806 0.0514958 -0.000899699 0.0481146 0.0218707 0.036807 -0.00973351 -0.0589588 -0.0393402 0.000829973 0.0292769 -0.0140277 0.0379078 0.0502471 0.0476527 -0.00768688 -0.0101913 0.00636169 -0.0242578 0.0388234 0.007822 0.0177691 0.0146496 -0.019311 0.0409647
internal_weight=10820.5 5924.49 4895.97 210.246 730.873 4685.73 5193.62 397.12 3293.59 130.572 522.589 302.465 4671.03 123.937 43.7566 333.753 274.568 517.561 2771 1841.36 215.451 207.557 95.3507 112.206 421.172 27.2111 168.21 158.868 25.9935 393.961
internal_count=238320 12934 225386 5140 7834 220246 5100 6192 3631 1264 1024 5804 220133 4988 1108 1642 5567 903 2607 1838 3753 3732 1012 2720 530 56 1248 1235 366 474
is_linear=0
shrinkage=0.05


Tree=13
num_leaves=31
num_cat=0
split_feature=4 11 4 8 4 13 13 13 4 9 3 13 5 7 3 4 1 6 13 9 5 2 7 7 12 7 0 4 4 9
split_gain=10509.5 362.234 186.538 215.632 61.114 43.0772 39.4716 34.9899 26.5676 19.7974 19.2649 17.0384 20.0013 15.7399 16.175 14.7876 17.832 12.5939 12.1153 11.7729 11.5144 24.2219 22.3026 10.8578 9.58311 8.76548 8.36317 10.8484 8.06859 8.27427
threshold=0.77350428700447094 0.040833333507180221 0.71008405089378368 1.0500000119209292 0.86190477013587963 0.10371665284037591 0.099877879023551955 0.098206978291273131 0.83974358439445507 0.760115146636963 0.44142690300941473 0.053060851991176612 0.66981419920921337 0.6579500436782838 0.42452006042003637 0.82843136787414562 0.77609774470329296 0.7551233470439912 0.027631764300167564 0.79550915956497203 0.62323880195617687 0.72587350010871898 0.62926033139228832 0.72336119413375866 0.087121214717626586 0.57738319039344799 0.65200892090797435 0.79285714030265819 0.91987180709838878 0.72091084718704235
decision_type=2 2 2 2 2 2 2 2 2 2 2 2 2 2 2 2 2 2 2 2 2 2 2 2 2 2 2 2 2 2
left_child=2 4 -1 5 7 10 8 9 19 13 20 12 -6 -2 17 16 -8 26 -14 -3 22 -22 -4 -7 -17 -10 27 -15 29 -27
right_child=1 6 3 -5 11 23 15 -9 25 -11 -12 -13 18 14 -16 24 -18 -19 -20 -21 21 -23 -24 -25 -26 28 -28 -29 -30 -31
leaf_value=-0.058374669660938877 -0.05401646684899785 0.032536323907662666 -0.068652495311035275 -0.058777340929690364 -0.078503421123236758 0.050349438282353359 0.048988330913018734 0.026047760758868967 -0.0023193907100494409 -0.026239257368419058 0.038711424858184115 0.03495226982960576 0.070226461919882216 -0.039495051331701808 0.045501648493900287 0.05179420937317273 0.020730808425979966 0.029141372144290779 0.0094690096991619319 -0.029181255965412635 -0.069355131389148408 0.00792263722452256 0.058032768864010077 -0.0049998696711018569 0.057469748055128736 0.051619675100193302 -0.040513613142127022 0.0045432658385400884 0.054564679815219411 0.04071797107991617
leaf_weight=4331.3473416582565 12.294019952416418 330.8810520642437 5.2388592273928216 173.06204995990265 6.003117306623607 80.652215799316764 547.99410153366625 88.689303644001484 8.860575905069707 112.59108491474763 17.515786926960573 240.32519549084827 9.1675251349806768 16.839900818886235 21.109376546926796 1475.9128922056407 62.163944726809859 27.402710174676031 78.145119916182011 7.911679088138043 22.910306733101606 18.19156405935064 10.313316155690698 9.9539916603825969 1499.3079384062439 279.36747537460178 17.388096548151225 82.470211781328544 298.43564250692725 461.70908555015922
leaf_count=214287 450 669 229 9181 145 127 570 380 13 2874 83 785 11 533 102 1297 136 222 760 119 995 378 50 56 1204 260 370 1202 274 558
internal_value=3.11412e-11 0.045652 -0.0555836 -0.0197995 0.0123078 0.0211385 0.0504292 -0.00143624 0.0432674 -0.00983878 -0.0071176 0.0279115 0.00977857 0.000564049 0.00462562 0.0532001 0.0461094 -0.00136231 0.0158483 0.0310951 -0.0212866 -0.0351522 0.015358 0.0442688 0.0546543 0.047201 -0.00852509 -0.00292426 0.0476231 0.0448276
internal_weight=10354.2 5684.97 4669.19 337.838 712.426 164.776 4972.54 378.785 1387.17 290.095 74.1698 333.641 93.3158 177.504 165.21 3585.38 610.158 144.101 87.3126 338.793 56.654 41.1019 15.5522 90.6062 2975.22 1048.37 116.698 99.3101 1039.51 741.077
internal_count=238320 12934 225386 11099 7834 1918 5100 6133 1893 5753 1735 1701 916 2879 2429 3207 706 2327 771 788 1652 1373 279 183 2501 1105 2105 1735 1092 818
is_linear=0
shrinkage=0.05


Tree=14
num_leaves=31
num_cat=0
split_feature=4 11 4 8 4 13 13 4 11 13 13 13 8 4 3 4 5 1 9 2 0 3 13 9 13 11 1 6 4 11
split_gain=9644.56 341.493 174.782 112.358 55.9166 40.2156 40.1197 27.2858 25.8542 25.5916 24.8956 18.3735 18.1129 38.1895 23.3894 14.8169 11.8589 11.4636 11.2744 18.2702 13.1067 10.513 10.8013 10.3413 9.8379 14.3052 10.1897 10.418 9.79896 9.42405
threshold=0.77350428700447094 0.040833333507180221 0.74342104792594921 1.1500000357627871 0.82843136787414562 0.099877879023551955 0.17803030461072925 0.83974358439445507 0.04446640424430371 0.076298922300338759 0.053060851991176612 0.027631764300167564 0.75000000000000011 0.65686276555061351 0.39760114252567297 0.87083333730697643 0.65231296420097362 0.78521475195884716 0.73273271322250377 0.69331416487693798 0.60888639092445385 0.44142690300941473 0.09472751617431642 0.67172360420227062 0.030029616318643097 0.015038444194942715 0.69315937161445629 0.7706708312034608 0.79285714030265819 0.035098522901535041
decision_type=2 2 2 2 2 2 2 2 2 2 2 2 2 2 2 2 2 2 2 2 2 2 2 2 2 2 2 2 2 2
left_child=2 4 6 8 9 7 12 18 21 24 11 -6 13 -1 -15 17 -13 -7 -3 20 -20 22 -4 -11 25 -2 -26 -28 -21 -12
right_child=1 5 3 -5 10 15 -8 -9 -10 23 29 16 -14 14 -16 -17 -18 -19 19 28 -22 -23 -24 -25 26 -27 27 -29 -30 -31
leaf_value=-0.059229142808994384 0.06598001645084256 0.036652322049296901 -0.046305148688714895 -0.057907021947575181 0.064737385187182084 0.04971464640874014 0.028051367033268257 0.046047337703584032 0.038018526973950889 0.044676156918571457 0.01810342459848922 -0.070812994045498651 -0.057686148809596438 -0.031237148714239351 0.045309710121517903 0.055141596422437558 0.0025578419947515953 0.032783327556123384 -2.8405541532523386e-05 -0.023604227394261355 -0.093914946956580758 0.027113167196303425 0.018145534910108407 0.0023068550137906678 -0.063827558565045073 -0.037144185988349822 -0.012459001228500431 -0.049345636913325629 0.02987531490308128 0.035362721502151938
leaf_weight=72.395328555488959 7.0773006947711092 205.84669455233961 20.886761819478128 71.929312349064276 11.720285462215541 1418.6273333076388 13.864169990643857 1008.0477975057438 78.491733247414231 19.270317060872912 128.51443333504722 5.7353334366343907 4115.7826516066561 23.526636770460755 17.330534051870927 1894.2947253659368 138.50999873341061 107.55158582516015 11.344518923200669 9.3886522231623513 5.529004553332924 13.270698759704826 9.438193826004861 57.002959271892905 17.065779305994511 6.4075039261952043 73.879500037641264 25.836068789241835 97.675541820935905 205.66348498687148
leaf_count=3880 29 330 933 3876 19 1383 113 1105 211 55 892 206 215145 1008 100 1636 1679 188 56 103 40 57 63 623 811 202 1715 1061 259 542
internal_value=-4.99938e-10 0.0445261 -0.0547429 -0.00833518 0.0118318 0.049313 -0.056865 0.0419631 0.0208707 -0.00998961 0.021027 0.00453235 -0.0571433 -0.0374171 0.00123201 0.0521878 -0.000359453 0.0485215 0.0294788 0.0175644 -0.0307925 -0.0100031 -0.0262458 0.0130114 -0.0234571 0.016979 -0.0281263 -0.0220162 0.0251856 0.0287253
internal_weight=9891.9 5454.99 4436.92 194.017 696.683 4758.31 4242.9 1337.83 122.087 206.539 490.144 155.966 4229.04 113.252 40.8572 3420.47 144.245 1526.18 329.784 123.938 16.8735 43.5957 30.325 76.2733 130.266 13.4848 116.781 99.7156 107.064 334.178
internal_count=238320 12934 225386 5140 7834 5100 220246 1893 1264 4496 3338 1904 220133 4988 1108 3207 1885 1571 788 458 96 1053 996 678 3818 231 3587 2776 362 1434
is_linear=0
shrinkage=0.05


Tree=15
num_leaves=31
num_cat=0
split_feature=4 11 4 8 4 12 8 13 4 13 11 7 12 13 2 3 13 9 13 2 11 13 11 4 3 8 9 6 13 2
split_gain=8847.12 323.896 164.237 102.393 51.0361 41.594 38.9735 70.2512 32.3982 30.9505 22.4312 19.3032 15.4442 14.7072 13.0123 12.9841 12.921 12.3303 13.5122 11.7245 11.7193 11.2486 12.5242 10.3923 9.61841 9.44635 12.1792 10.6241 9.43957 9.41131
threshold=0.77350428700447094 0.040833333507180221 0.74342104792594921 1.1500000357627871 0.87083333730697643 0.087121214717626586 0.75000000000000011 0.12161172181367876 0.83974358439445507 0.074858594685792937 0.04446640424430371 0.81718304753303539 0.032795699313282974 0.089706104248762145 0.76788878440856945 0.47579053044319158 0.068235181272029891 0.73319190740585338 0.084954705089330687 0.69331416487693798 0.015038444194942715 0.027631764300167564 0.029857398010790352 0.81534090638160717 0.44142690300941473 1.3499999642372134 0.79041612148284923 0.8014412820339204 0.09472751617431642 0.63099786639213573
decision_type=2 2 2 2 2 2 2 2 2 2 2 2 2 2 2 2 2 2 2 2 2 2 2 2 2 2 2 2 2 2
left_child=2 4 6 10 9 8 7 15 11 21 24 12 17 25 20 -1 -10 -3 19 -19 -11 -2 -23 -24 28 26 29 -28 -4 -6
right_child=1 5 3 -5 13 -7 -8 -9 16 14 -12 -13 -14 -15 -16 -17 -18 18 -20 -21 -22 22 23 -25 -26 -27 27 -29 -30 -31
leaf_value=-0.056083218999785724 0.047143597953816785 0.034010917005237437 -0.044612642519397616 -0.057156746333505731 -0.023339367969330446 0.054644523772404252 -0.05695107052713963 0.040136585933615333 0.038078225140276652 -0.048109688795862145 0.03593965827133782 -0.057800041611370728 0.040902714664240877 0.041852520436561264 -0.039293111167020854 0.006290096831879902 0.04934109095149683 -0.033188460599936277 -0.061185104833668284 0.023960643241330876 0.023934667366291566 -0.024476101155798138 -0.029018899425400115 0.010506957939896424 0.026243607895115203 0.042176066109843417 -0.064622452811506359 0.0030808873981202716 0.016139084520884903 0.023510593773553246
leaf_weight=80.607122257119045 7.5656806840561321 134.06462476588786 20.029742100159641 67.924171332735568 11.652119451668112 1629.5045804344118 3902.9302437814767 28.771583592053503 294.9859876120463 5.9018766353838137 76.582472356036305 5.4686283767223349 546.1825656904839 101.53501298185438 9.6516961930319649 9.3069666931405646 1862.1832961058244 10.612452042289076 6.3325897664763025 58.152319496497512 129.54758329968899 132.8703556205146 22.607396040344611 62.896290048956871 13.131826764903961 35.515012675896287 8.0414023771882075 20.737307242117822 9.3923206608742458 133.91712087905034
leaf_count=4627 38 247 933 3876 139 1469 215250 165 383 143 211 43 780 204 163 204 1847 66 49 216 748 3871 619 610 57 110 135 203 63 851
internal_value=5.15646e-10 0.0434252 -0.0539625 -0.00816499 0.011305 0.0482455 -0.0560927 -0.0278666 0.0446721 -0.00122135 0.0197671 0.0358007 0.0364783 0.0262305 0.0167986 -0.049627 0.0478009 0.024925 0.00870464 0.0151408 0.0207955 -0.012794 -0.0148705 5.62189e-05 -0.00933804 0.0186724 0.0138846 -0.0158369 -0.025219 0.0197605
internal_weight=9438.6 5229.93 4208.68 187.061 682.439 4547.49 4021.62 118.686 2917.98 371.041 119.136 760.813 755.345 311.398 145.101 89.9141 2157.17 209.162 75.0974 68.7648 135.449 225.94 218.374 85.5037 42.5539 209.863 174.348 28.7787 29.4221 145.569
internal_count=238320 12934 225386 5140 7834 5100 220246 4996 3631 6192 1264 1401 1358 1642 1054 4831 2230 578 331 282 891 5138 5100 1229 1053 1438 1328 338 996 990
is_linear=0
shrinkage=0.05


Tree=16
num_leaves=31
num_cat=0
split_feature=4 11 4 8 4 12 11 4 13 13 2 13 6 9 3 9 3 0 11 7 1 9 5 13 11 0 7 7 4 9
split_gain=8127.64 310.973 156.283 174.745 48.5465 40.1432 33.0398 31.2899 28.0049 20.051 16.1558 14.23 13.9293 13.5112 12.6792 12.6803 10.8544 10.1304 10.8903 11.4776 9.984 9.79518 9.64442 9.14758 9.81852 9.08761 9.77232 10.5295 8.9912 8.88163
threshold=0.77350428700447094 0.040833333507180221 0.71008405089378368 1.0500000119209292 0.86190477013587963 0.087121214717626586 0.03637566231191159 0.90454545617103588 0.074858594685792937 0.076298922300338759 0.76788878440856945 0.071455165743827834 0.59996464848518383 0.76687324047088634 0.33523347973823553 0.80073279142379772 0.37823557853698736 0.75033345818519603 0.033908046782016761 0.7186773717403413 0.66903832554817211 0.81354323029518139 0.72527024149894725 0.027631764300167564 0.029857398010790352 0.51990097761154186 0.74506115913391124 0.76149046421051036 0.81534090638160717 0.75572556257247936
decision_type=2 2 2 2 2 2 2 2 2 2 2 2 2 2 2 2 2 2 2 2 2 2 2 2 2 2 2 2 2 2
left_child=2 4 -1 6 8 7 -4 9 21 12 16 20 -3 28 15 -8 17 18 19 -10 -6 23 -22 -2 -25 -26 -27 -28 -11 -14
right_child=1 5 3 -5 11 -7 14 -9 10 13 -12 -13 29 -15 -16 -17 -18 -19 -20 -21 22 -23 -24 24 25 26 27 -29 -30 -31
leaf_value=-0.056097735390660208 0.043892527672696316 -0.043753049516645215 -0.018930206126721246 -0.056527389670052712 -0.033164088812371817 0.053839025907390585 0.024942822676578817 0.050488181195414622 0.0047225553107960979 0.033988982387692761 -0.054563079368037649 0.036030462672160306 0.035327559852667251 0.033380079560319485 0.050777142520191915 -0.054633880316220178 0.049081164778777477 0.040790495287722391 0.017748690429971011 -0.06023190017997733 0.029513140257318861 -0.061935825273673521 0.0038966511580627097 -0.021947399953472783 -0.054402260905030933 0.021542080492198575 -0.075268792797128253 -0.0014141595260195061 0.046891670927838698 0.017083443079526379
leaf_weight=3683.5312922709854 7.3676515584811559 6.5440419195219866 40.48263725778088 151.32020089472644 10.223326058592646 1540.1532126441598 48.410110634285957 1071.8926163055003 17.394925639498982 158.73147418862209 7.7368970788083962 152.23310366366059 225.72972276620567 329.84989163000137 55.296078561805189 5.5834462228231123 25.474982953630388 24.602935601957142 52.054905231110752 11.167064141947774 81.201442774385214 9.8166133568156493 67.110196372959763 119.37615669122897 6.8662642284762105 42.094742014305666 5.930236064130443 25.919850884703919 903.8520838227123 94.694206316955388
leaf_count=214287 37 31 1436 9181 152 1469 319 1070 202 293 159 406 394 602 70 93 56 104 249 274 563 508 580 3424 187 438 154 341 944 297
internal_value=-1.06227e-10 0.0424664 -0.0532667 -0.0186317 0.0106738 0.0473589 0.0196557 0.0437834 -0.00193691 0.0396036 0.0156409 0.025112 0.0284611 0.0422201 0.0339485 0.0167138 0.0197969 0.0127068 0.00413612 -0.0206731 0.0146275 -0.0131313 0.0179218 -0.010823 -0.0128367 0.000621839 0.00573119 -0.0151653 0.0449642 0.0299359
internal_weight=8982.64 4998.02 3984.62 301.092 666.571 4331.45 149.772 2791.29 355.803 1719.4 138.432 310.768 326.968 1392.43 109.29 53.9936 130.695 105.22 80.6169 28.562 158.535 217.372 148.312 207.555 200.187 80.8111 73.9448 31.8501 1062.58 320.424
internal_count=238320 12934 225386 11099 7834 5100 1918 3631 6133 2561 1044 1701 722 1839 482 412 885 829 725 476 1295 5089 1143 4581 4544 1120 933 495 1237 691
is_linear=0
shrinkage=0.05


Tree=17
num_leaves=31
num_cat=0
split_feature=4 11 4 8 4 13 13 4 13 4 3 8 9 13 12 0 13 1 7 3 4 8 0 9 11 8 11 12 5 0
split_gain=7455.34 288.409 148.402 159.718 45.2118 39.7441 33.8367 26.2813 26.0762 18.6749 16.7788 15.9544 13.3676 13.0092 12.9348 13.0577 12.8573 12.5128 12.2267 11.8042 9.76868 9.71937 10.8086 9.34441 9.24713 9.10773 23.6421 9.01951 8.76931 8.24563
threshold=0.77350428700447094 0.040833333507180221 0.71008405089378368 1.0500000119209292 0.87083333730697643 0.11144183948636056 0.11707397922873498 0.85164836049079906 0.074858594685792937 0.82843136787414562 0.44142690300941473 0.84999999403953563 0.80527222156524669 0.053060851991176612 0.014815627597272398 0.50742036104202282 0.027631764300167564 0.77314829826354992 0.75023576617240917 0.37823557853698736 0.82843136787414562 0.94999998807907116 0.5028231441974641 0.71580985188484203 0.019803921692073349 0.65000000596046459 0.069047622382640853 0.022991543635725979 0.75264370441436779 0.60806164145469677
decision_type=2 2 2 2 2 2 2 2 2 2 2 2 2 2 2 2 2 2 2 2 2 2 2 2 2 2 2 2 2 2
left_child=2 4 25 6 8 7 10 11 20 17 -4 -3 14 16 15 -13 -6 -7 23 -10 28 22 -9 -17 -18 26 -1 -26 -2 -22
right_child=1 5 3 -5 13 9 -8 21 19 -11 -12 12 -14 -15 -16 18 24 -19 -20 -21 29 -23 -24 -25 27 -27 -28 -29 -30 -31
leaf_value=-0.058140218711496008 -0.017025130354946152 -0.048447465546861405 -0.018955830646096947 -0.055928870993936203 0.066775121000210561 0.043936280250207294 0.04369000896766928 -0.038107348944828812 0.0085606491719363177 0.051978422728491472 0.032843515061740367 0.040629734684880639 -0.027642207642877677 0.0316538581213393 0.03572458723292582 0.0022196259862194284 -0.037056443513629786 0.01867629518465054 0.018206012955796422 0.046209586865033792 0.013186758007827591 0.046425525842548811 0.034614934408047408 -0.073641368528079496 0.0015636863345932341 -0.055719423246389482 0.041532963704342701 0.053439488033160835 -0.060318328130624391 -0.016155839603748577
leaf_weight=18.986982533475388 107.91382147360127 6.3147013094276181 55.565978848258965 142.50826458912343 8.491930506192146 396.13631456904113 69.515018373727798 5.3378269150853148 113.01976135303266 2175.3769623376429 21.753696456551552 22.849615378072485 9.3636221364140493 210.77010599244386 426.73404608061537 7.3575097285211113 12.686564623378215 55.95093990303576 20.608414604794234 25.520682717673481 51.786738546565175 870.82529381290078 119.41979737021029 9.0554799037054163 53.317250818479806 3446.9717698987806 8.6641769753769022 9.9413441298529488 13.118709908332674 44.529486636165529
leaf_count=1323 3061 39 1703 9181 13 478 125 14 991 2220 90 51 121 766 729 22 272 123 66 63 585 950 231 56 539 212877 87 52 702 790
internal_value=7.45938e-10 0.0414702 -0.0526252 -0.0182208 0.0105438 0.0463513 0.0183763 0.0398514 -0.00145617 0.0500568 -0.00438221 0.0305269 0.0315325 0.0250104 0.0326711 0.0109075 0.00842713 0.0408101 -0.00743705 0.015496 -0.0122617 0.0445556 0.0315035 -0.0396349 0.00190286 -0.0554901 -0.0269088 0.00971618 -0.0217177 -0.000379085
internal_weight=8540.39 4776.43 3763.97 289.343 651.096 4125.33 146.835 1497.87 355.889 2627.46 77.3197 502.283 495.969 295.207 486.605 59.871 84.4371 452.087 37.0214 138.54 217.349 995.583 124.758 16.413 75.9452 3474.62 27.6512 63.2586 121.033 96.3162
internal_count=238320 12934 225386 11099 7834 5100 1918 2279 6192 2821 1793 1084 1045 1642 924 195 876 601 144 1054 5138 1195 245 78 863 214287 1410 591 3763 1375
is_linear=0
shrinkage=0.05


Tree=18
num_leaves=31
num_cat=0
split_feature=4 11 4 8 4 12 4 13 13 8 11 4 13 5 6 3 5 13 13 12 12 9 7 4 1 9 0 5 11 0
split_gain=6843.67 275.959 141.24 147.417 44.2107 40.0483 31.8416 30.7055 24.6516 22.1888 14.2101 13.6411 14.2642 12.9848 13.7364 11.5242 12.976 10.9171 10.8035 10.1328 11.4243 9.49426 9.34755 9.07215 10.7761 9.87729 8.92274 8.89122 10.8231 8.4981
threshold=0.77350428700447094 0.040833333507180221 0.71008405089378368 1.0500000119209292 0.87083333730697643 0.087121214717626586 0.82843136787414562 0.09472751617431642 0.098206978291273131 1.3499999642372134 0.029857398010790352 0.91287881135940563 0.076298922300338759 0.65779837965965282 0.77782610058784496 0.44142690300941473 0.62323880195617687 0.089706104248762145 0.027631764300167564 0.013793759513646366 0.011561079882085325 0.73692849278450023 0.6309030055999757 0.83974358439445507 0.77696630358695995 0.819238841533661 0.77560177445411693 0.75264370441436779 0.087121214717626586 0.79436501860618602
decision_type=2 2 2 2 2 2 2 2 2 2 2 2 2 2 2 2 2 2 2 2 2 2 2 2 2 2 2 2 2 2
left_child=2 4 -1 7 8 6 9 15 10 19 18 12 21 -12 -15 16 22 -6 -2 20 -3 -8 -4 24 -7 -26 -14 28 29 -28
right_child=1 5 3 -5 17 23 11 -9 -10 -11 13 -13 26 14 -16 -17 -18 -19 -20 -21 -22 -23 -24 -25 25 -27 27 -29 -30 -31
leaf_value=-0.054971716348536329 0.041163925833097241 0.021426361798211276 -0.032813150884093457 -0.055408175743418366 0.017859420203996036 0.047806280071033831 0.041120852956279319 0.036325752369550657 0.021957539638647983 -0.072042281388026125 -0.069322956371946173 0.049955360199465067 0.04493197757904846 0.015044053569483915 -0.038593486699603032 0.028920093245521767 -0.042378575951137656 0.038686242657007444 -0.022024654749049827 0.032209982794287557 -0.062820637775984955 0.023024211795363576 0.052458264329705774 0.054986767009959539 -0.045978329127340976 0.033651585915319825 0.014953731782201343 0.05462631211922047 0.074399334814252358 -0.044102876384428683
leaf_weight=3271.8158486122848 7.0893957056105128 12.490029860055076 5.4800564973847923 134.16041342937388 197.0455023648683 379.62156755849719 137.40456758113578 86.373890711227432 82.633826289791614 5.3399659972637883 5.6955279432004309 705.736338570714 1084.0219205375761 93.016237291740254 13.693708784412591 13.622810398228465 29.459637303021736 92.440235758665949 147.53386225074064 397.87647542404011 5.9367410494014612 153.38509627897292 7.7718420217279345 972.22627947293222 5.7384587936103371 12.117525972425936 19.411533806473017 15.348381813615559 5.2805183678865424 8.8772690072655696
leaf_count=214287 38 58 232 9181 1438 410 187 268 388 121 201 769 1286 929 339 73 1306 204 4297 798 47 297 39 1030 14 15 28 20 5 15
internal_value=3.50286e-10 0.0405223 -0.05207 -0.0177795 0.0100574 0.0454885 0.0417857 0.0175953 -0.00190783 0.0292322 -0.00929313 0.0442714 0.0414539 0.00423487 0.00816094 -0.011123 -0.0238947 0.02451 -0.0191275 0.0305313 -0.00571635 0.0315753 0.017196 0.0523849 0.0460208 0.00806056 0.0439894 0.0231011 0.00868736 -0.00357874
internal_weight=8108.65 4559.96 3548.68 276.869 639.148 3920.81 2551.11 142.708 349.663 421.643 267.029 2129.47 1423.73 112.405 106.71 56.3343 42.7115 289.486 154.623 416.303 18.4268 290.79 13.2519 1369.7 397.478 17.856 1132.94 48.9177 33.5693 28.2888
internal_count=238320 12934 225386 11099 7834 5100 3631 1918 6192 1024 5804 2607 1838 1469 1268 1650 1577 1642 4335 903 105 484 271 1469 439 29 1354 68 48 43
is_linear=0
shrinkage=0.05


Tree=19
num_leaves=31
num_cat=0
split_feature=4 11 4 8 4 12 13 4 8 13 4 13 13 13 6 1 4 9 7 11 13 9 11 8 8 11 0 4 11 6
split_gain=6273.31 269.199 133.555 135.841 42.6951 42.0191 28.6836 24.0783 19.4857 17.6361 17.5723 16.3639 15.2413 15.1195 14.3951 13.3157 11.5886 17.055 10.722 10.5476 10.0947 9.76305 9.24627 9.20205 9.07892 21.4048 8.69367 8.47069 8.28193 8.24578
threshold=0.77350428700447094 0.040833333507180221 0.71008405089378368 1.0500000119209292 0.82843136787414562 0.060661764815449722 0.12695360928773883 0.89181286096572887 1.3499999642372134 0.057991595938801772 0.83974358439445507 0.076298922300338759 0.027631764300167564 0.058323483914136894 0.71671223640441906 0.66903832554817211 0.79285714030265819 0.7184705138206483 0.71048778295516979 0.042572464793920524 0.062234593555331237 0.67172360420227062 0.015749008394777778 0.65000000596046459 0.65000000596046459 0.069047622382640853 0.73557573556900036 0.91287881135940563 0.031754031777381904 0.7614000439643861
decision_type=2 2 2 2 2 2 2 2 2 2 2 2 2 2 2 2 2 2 2 2 2 2 2 2 2 2 2 2 2 2
left_child=2 4 24 6 8 7 20 13 11 12 14 -2 -6 18 -7 -14 17 -15 -3 -16 -4 -13 26 -18 25 -1 -11 28 -17 -8
right_child=1 5 3 -5 9 10 29 -9 -10 22 -12 21 15 16 19 27 23 -19 -20 -21 -22 -23 -24 -25 -26 -27 -28 -29 -30 -31
leaf_value=-0.056863589917688001 -0.017620306262220633 -0.066506702391737296 -0.027331389949753565 -0.054937456022280839 0.063579294278745035 0.048739063111997834 0.051195692629672752 0.04497297158943734 -0.06066892674202428 -0.045902629906752625 0.051695309680641732 0.048037710434551434 -0.056832947116564836 0.032782748089905361 -0.029349191192452842 -0.012807574320959728 -0.021192398660010301 -0.026272742062565187 0.01138363228131579 0.035009613510975757 0.010174650245832511 0.0031755627657883861 0.028525282260370339 0.035862514043136902 -0.054727136529085167 0.040632129881134543 0.026793104471362728 0.02422411546770438 0.014675170581847806 -0.0084348063573460984
leaf_weight=17.098358590854335 105.35759281448554 5.2249617502093306 26.676583418389782 126.03683153016027 10.676508607342837 344.2058902522549 49.891114380210638 673.84933898597956 17.614863108261488 8.3714934759773332 1641.410301072523 16.097474232316017 9.1059338403865677 32.947719309013337 6.5155729185789815 68.32316914643161 7.141448074951767 19.438522039912641 28.615552336908877 277.65077800117433 54.782455304404721 49.171890187775716 245.66479255002923 678.42782532609999 3048.0273116675089 8.393018461763857 8.0842589349485916 43.158684301190078 45.780885711312294 6.5596661269664756
leaf_count=1323 3075 39 1200 9181 19 414 72 813 869 130 1864 44 269 63 18 1251 36 175 100 406 626 508 1008 1172 212877 87 51 290 320 20
internal_value=9.64629e-11 0.0396142 -0.0515475 -0.0174163 0.00932069 0.0447298 0.0168745 0.0380671 -0.0106016 0.0178601 0.0489733 -0.0054329 0.00566837 0.0320375 0.0418629 0.001952 0.0335362 0.0108695 -0.000642604 0.0335339 -0.002108 0.01424 0.0260948 0.0352682 -0.0544786 -0.0247632 -0.0101892 0.00535581 -0.00178093 0.0442665
internal_weight=7680.3 4342.84 3337.47 263.947 627.408 3715.43 137.91 1445.65 188.242 439.166 2269.78 170.627 177.045 771.796 628.372 166.369 737.956 52.3862 33.8405 284.166 81.459 65.2694 262.121 685.569 3073.52 25.4914 16.4558 157.263 114.104 56.4508
internal_count=238320 12934 225386 11099 7834 5100 1918 2398 4496 3338 2702 3627 2149 1585 838 2130 1446 238 139 424 1826 552 1189 1208 214287 1410 181 1861 1571 92
is_linear=0
shrinkage=0.05


Tree=20
num_leaves=31
num_cat=0
split_feature=4 11 4 8 13 4 3 4 3 4 13 13 9 1 11 7 9 8 8 13 2 0 12 5 13 11 9 2 9 1
split_gain=5752.9 257.612 126.65 124.584 42.9068 39.5245 26.936 24.6315 21.4491 18.4858 17.8372 14.7308 12.4722 12.1174 10.9265 11.33 9.99843 9.58005 8.78985 19.28 8.14474 8.06119 8.04735 18.0156 7.97674 7.58258 8.82142 13.1454 7.44735 7.3785
threshold=0.77350428700447094 0.040833333507180221 0.71008405089378368 1.0500000119209292 0.11144183948636056 0.87083333730697643 0.33523347973823553 0.85164836049079906 0.37823557853698736 0.82843136787414562 0.1461489871144295 0.098206978291273131 0.76687324047088634 0.77314829826354992 0.035098522901535041 0.81961244344711315 0.78184995055198681 0.94999998807907116 0.65000000596046459 0.12161172181367876 0.67706015706062328 0.505873203277588 0.030776515603065494 0.71181169152259838 0.030029616318643097 0.029857398010790352 0.73809736967086803 0.73191422224044811 0.84256106615066539 0.58882865309715282
decision_type=2 2 2 2 2 2 2 2 2 2 2 2 2 2 2 2 2 2 2 2 2 2 2 2 2 2 2 2 2 2
left_child=2 5 18 6 7 8 10 12 11 13 25 16 29 -6 15 -7 20 21 19 -1 24 -9 23 -14 -2 -4 -27 -28 -19 -3
right_child=1 4 3 -5 9 14 -8 17 -10 -11 -12 -13 22 -15 -16 -17 -18 28 -20 -21 -22 -23 -24 -25 -26 26 27 -29 -30 -31
leaf_value=-0.056068349672178254 0.030907942132201216 -0.014165899150253564 -0.037886940527615397 -0.054513967596690784 0.041735051319242218 0.016807112907702849 0.042028674764819869 -0.027214740858585169 0.032090871345087597 0.050314801790749514 0.049272508654183991 0.014123366344868113 -0.08868720808713601 0.015609510736062569 0.033188541808365175 -0.042693241893985705 -0.032792157496702619 0.044288469406705867 -0.054311270837209505 0.03646714680605917 -0.0020381058450471595 0.031296698310646118 0.022148622158448487 0.0079045771262293701 -0.035918637430553922 0.019270063945024681 -0.074371799799161059 0.010409300372261693 0.00042471772381165722 0.032109001124821644
leaf_weight=16.540681003825743 5.1119736125692716 8.8254608251154405 22.286307143280283 117.99265611066949 336.0422127135098 136.5636158012785 56.958671138272621 6.2342702206224194 39.124576615751721 1821.866293920204 13.307770503684877 63.169367216993123 6.0123060420155552 51.137208484113216 132.34472131729126 8.4986640363931638 50.484519500285387 744.69836269132793 2857.5858110099798 8.5327885868027789 142.50409851898439 105.52654623938724 44.892950759269297 24.493242365308106 35.308657124289311 22.626047535566613 8.2289815843105334 10.288519198540596 9.8041566833853704 359.92449194518849
leaf_count=1356 72 31 1195 9181 478 1127 149 17 281 2220 22 362 64 123 409 106 1812 934 212877 54 2447 228 142 144 1218 196 267 89 16 703
internal_value=-3.09977e-10 0.0387438 -0.0510828 -0.0170683 0.0439542 0.00883408 0.0159791 0.0367863 -0.00270616 0.0482062 -0.00335631 -0.00729658 0.0272128 0.0382845 0.0227995 0.0133212 -0.0130936 0.0416948 -0.0540526 -0.0245775 -0.00765712 0.0280328 0.00868334 -0.0111326 -0.0274671 -0.014398 -0.00167469 -0.0272665 0.0437185 0.0310015
internal_weight=7266.92 4132.57 3134.35 251.689 3519.46 613.11 133.696 1310.41 335.703 2209.05 76.7376 296.579 444.148 387.179 277.407 145.062 233.409 866.263 2882.66 25.0735 182.925 111.761 75.3985 30.5055 40.4206 63.4299 41.1435 18.5175 754.503 368.75
internal_count=238320 12934 225386 11099 5100 7834 1918 2279 6192 2821 1769 5911 1084 601 1642 1233 5549 1195 214287 1410 3737 245 350 208 1290 1747 552 356 950 734
is_linear=0
shrinkage=0.05


Tree=21
num_leaves=31
num_cat=0
split_feature=4 11 4 12 8 4 8 8 13 13 11 13 13 9 3 5 13 2 13 8 4 3 8 13 2 9 9 7 4 6
split_gain=5269.3 344.845 71.8781 47.4422 42.9097 42.189 32.673 32.0832 46.9881 18.6098 15.5944 13.3752 12.4423 11.2482 11.1728 12.149 12.0001 10.5118 12.4639 11.6236 10.2625 9.99967 9.16818 8.91362 11.9719 8.41003 8.09799 13.5641 7.9493 13.0605
threshold=0.74342104792594921 0.040833333507180221 0.82843136787414562 0.087121214717626586 1.1500000357627871 0.82843136787414562 1.1500000357627871 0.75000000000000011 0.12161172181367876 0.076298922300338759 0.035098522901535041 0.027631764300167564 0.068235181272029891 0.73157697916030895 0.41334123909473425 0.63579660654068004 0.034415148198604591 0.6960141956806184 0.097308155149221434 0.94999998807907116 0.89181286096572887 0.47579053044319158 1.2500000000000002 0.070181302726268782 0.6732582449913026 0.76687324047088634 0.73692849278450023 0.71231526136398327 0.83974358439445507 0.77695587277412426
decision_type=2 2 2 2 2 2 2 2 2 2 2 2 2 2 2 2 2 2 2 2 2 2 2 2 2 2 2 2 2 2
left_child=7 2 4 5 9 6 13 8 21 -2 11 -4 26 -3 15 -13 22 18 -15 -20 25 -1 -17 24 -12 -14 -7 -28 29 -5
right_child=1 3 10 28 -6 12 -8 -9 -10 -11 23 14 20 17 -16 16 -18 -19 19 -21 -22 -23 -24 -25 -26 -27 27 -29 -30 -31
leaf_value=-0.052465827589744135 -0.018424122697091923 0.034112377026037886 0.063180856218844644 0.046840876615466306 -0.055523700159726734 0.041484871625241032 -0.06118293211713275 -0.053925781779108312 0.036342737685880692 0.013054457120307214 -0.045331726086490227 -0.072212421578167443 0.04222122942526782 -0.062028568053718806 0.036134431452470896 -0.074027208671765321 0.0067696204681250947 0.023468608489525689 -0.041464494730145712 0.028051597053967387 0.047108966931378095 0.006584827995703162 0.00064830649312502668 0.03458107780560548 0.019776360748899408 0.02986450472490006 -0.023687457494213544 0.028570353769404339 0.053734357481229671 0.0012676491168016407
leaf_weight=58.673912961035967 122.181022063829 225.81833076314069 10.251126464456318 331.66783697763458 57.070880109793507 111.29854806512594 10.884660285082644 2699.6794628831267 23.973518525483087 76.255049784900621 7.9979014627169809 5.5616551202256224 530.3756370395422 7.8606190476566544 25.026712253689766 8.5098329591564852 168.51173481321894 151.92745696613565 8.330608772113921 21.616699196398258 863.02917694300413 8.1672327299602312 7.9501375576946876 126.04052409902215 60.237466777209193 185.98559230007231 13.785667606629429 125.10655547585338 798.46144018508494 16.503234975039959
leaf_count=4627 3943 440 19 449 4248 170 599 215250 165 701 103 175 733 88 115 255 1923 517 44 38 1074 204 115 321 312 351 45 234 1030 32
internal_value=-2.53812e-10 0.0362253 0.00359576 0.0427039 -0.0173161 0.0384948 0.0243321 -0.0529425 -0.0237113 -0.00632753 0.0163149 0.00737933 0.0417958 0.026572 0.00472565 0.000600078 0.00278937 0.0175977 -0.0059941 0.00871392 0.0434369 -0.0452505 -0.0379591 0.0267009 0.012145 0.0390131 0.031436 0.0233835 0.0509852 0.0446807
internal_weight=6868.74 4078.25 675.594 3402.65 255.507 2256.02 426.438 2790.49 90.8147 198.436 420.087 225.811 1829.58 415.554 215.56 190.533 184.972 189.735 37.8079 29.9473 1579.39 66.8411 16.46 194.276 68.2354 716.361 250.191 138.892 1146.63 348.171
internal_count=238320 18074 12230 5844 8892 4333 1726 220246 4996 4644 3338 2602 2607 1127 2583 2468 2293 687 170 82 2158 4831 370 736 415 1084 449 279 1511 481
is_linear=0
shrinkage=0.05


Tree=22
num_leaves=31
num_cat=0
split_feature=4 11 4 12 4 8 8 13 8 13 13 8 9 2 13 0 9 11 9 4 3 4 9 4 12 10 6 11 7 11
split_gain=4825.72 320.883 65.6782 48.0598 41.1762 39.6946 31.6781 44.7913 19.2639 16.4778 13.7863 12.3811 12.227 11.891 11.0713 13.2492 10.9691 12.8798 10.9207 9.93555 9.48119 9.38039 9.1037 8.99962 8.91666 10.5891 8.34074 7.53862 13.5022 7.18233
threshold=0.74342104792594921 0.040833333507180221 0.82843136787414562 0.080128207802772536 0.83974358439445507 1.1500000357627871 0.75000000000000011 0.12161172181367876 1.2500000000000002 0.076298922300338759 0.089706104248762145 0.84999999403953563 0.73273271322250377 0.69999754428863536 0.027631764300167564 0.49790057539939886 0.76544973254203807 0.016001024283468727 0.8038233518600465 0.83974358439445507 0.47579053044319158 0.92582416534423839 0.75454699993133556 0.90454545617103588 0.021054964512586597 0.99999997019767772 0.71671223640441906 0.057189542800188072 0.70990931987762462 0.011173533275723459
decision_type=2 2 2 2 2 2 2 2 2 2 2 2 2 2 2 2 2 2 2 2 2 2 2 2 2 2 2 2 2 2
left_child=6 2 5 4 8 9 7 20 12 -2 14 -6 -3 22 -4 -16 17 29 23 26 -1 -18 -14 -13 25 -19 -5 28 -20 -17
right_child=1 3 10 19 11 -7 -8 -9 -10 -11 -12 18 13 -15 15 16 21 24 27 -21 -22 -23 -24 -25 -26 -27 -28 -29 -30 -31
leaf_value=-0.052077397228180868 -0.017802385048944516 0.032624243844865085 0.060840500916971366 0.048661474648165559 0.021281675226633049 -0.055029495286323865 -0.053592909235840792 0.036443869396754612 -0.062156166701569593 0.012099248555266614 0.029802303736530162 0.03909971483215087 0.011389537418147223 0.022899700165535719 -0.068802216743566152 0.015867094271843581 -0.0093755322115870298 -0.035412502324799082 -0.05451076035380889 0.051711559553036003 0.0061112025612527062 0.027453866606708007 -0.033945871670031928 0.04806947678314441 0.032336907941259166 0.017901942016144996 0.034675468183586723 0.052022170430547882 0.025634006949647715 -0.060493361293372662
leaf_weight=55.06818295782432 119.62990574154537 278.25811906019226 10.252825850620864 246.05691763781942 73.212858894839883 53.185828721616417 2521.8615203576919 23.298836294095963 6.3313388009555629 74.932067229645327 123.80244844872504 521.59256604546681 30.271801841561683 178.57836566946935 5.513779248809441 5.130563310813157 91.391127213719301 11.736755208112298 5.6288964673876754 964.04628301970661 8.02000112691894 21.322854389436543 17.460513932746835 602.84740129299462 87.352717063156888 45.10667447722517 188.08429002156481 24.064758770167828 79.16701433993876 7.7025804533623159
leaf_count=4627 3943 597 19 352 176 4248 215250 165 305 701 393 778 112 723 200 43 1350 181 9 1331 204 138 160 795 464 376 335 34 137 174
internal_value=-6.93582e-10 0.0354081 0.00356855 0.041914 0.0365525 -0.0167504 -0.0525731 -0.0228008 0.0245173 -0.00628631 0.0158671 0.0412588 0.0256049 0.0169743 0.0098246 0.00792435 0.0094927 0.0180351 0.0424447 0.0488831 -0.0446802 -0.00240827 -0.00519419 0.0439087 0.022307 0.00689383 0.0426023 0.0273233 0.0203139 -0.0299652
internal_weight=6480.91 3872.66 657.06 3215.6 1817.41 247.748 2608.25 86.387 510.9 194.562 409.312 1306.51 504.569 226.311 285.51 275.257 269.743 157.029 1233.3 1398.19 63.0882 112.714 47.7323 1124.44 144.196 56.8434 434.141 108.861 84.7959 12.8331
internal_count=238320 18074 12230 5844 3826 8892 220246 4996 1897 4644 3338 1929 1592 995 2945 2926 2726 1238 1753 2018 4831 1488 272 1573 1021 557 687 180 146 217
is_linear=0
shrinkage=0.05


Tree=23
num_leaves=31
num_cat=0
split_feature=4 11 4 12 4 8 8 13 11 8 13 13 8 3 4 7 4 3 12 8 0 9 3 11 4 6 0 11 11 2
split_gain=4421.48 297.72 72.0807 41.9915 39.397 33.4949 30.9267 40.5243 25.5996 15.2999 12.9316 12.5211 10.8409 10.5763 11.7856 11.6435 10.2827 12.0515 10.2385 12.5333 10.0115 9.95904 9.76071 9.4858 8.92601 8.95593 8.67973 8.45298 8.23045 8.19291
threshold=0.74342104792594921 0.042572464793920524 0.81534090638160717 0.080128207802772536 0.83974358439445507 1.1500000357627871 0.75000000000000011 0.10153127089142801 0.035098522901535041 1.2500000000000002 0.027631764300167564 0.076298922300338759 0.84999999403953563 0.41334123909473425 0.88562092185020458 0.81961244344711315 0.89181286096572887 0.37823557853698736 0.014815627597272398 0.75000000000000011 0.76459333300590526 0.81354323029518139 0.38520015776157385 0.015749008394777778 0.83974358439445507 0.76550221443176281 0.50742036104202282 0.01835016813129187 0.011173533275723459 0.67837390303611766
decision_type=2 2 2 2 2 2 2 2 2 2 2 2 2 2 2 2 2 2 2 2 2 2 2 2 2 2 2 2 2 2
left_child=6 2 5 4 9 11 7 -1 10 18 -4 28 -6 14 20 -16 17 21 26 -20 23 -10 -9 -12 25 -5 -3 -25 -2 -28
right_child=1 3 8 24 12 -7 -8 22 16 -11 13 -13 -14 -15 15 -17 -18 -19 19 -21 -22 -23 -24 27 -26 -27 29 -29 -30 -31
leaf_value=-0.047449308834992196 0.039123887199197509 0.028081673067043261 0.05472614410537039 0.045368202698917448 0.021943487846026826 -0.054600717155658243 -0.053295088560647734 -0.010184213298448508 0.013745613064360672 -0.061554921839702903 -0.052580681801846663 0.010950169661781549 0.042650011923732301 0.031849260859552447 0.015485355284008656 -0.056858614174078406 0.034732892716245155 0.051520963236389154 -0.038566750812103333 0.028858872132140265 0.030604829841616662 -0.056993378688981224 0.049924151356408833 0.017367188585464443 0.051552797652117593 0.022813390034293946 -0.066844895426845172 -0.019224519912103107 -0.02315287426010057 -0.00065298552633473201
leaf_weight=54.352274083183147 5.6724356678314498 19.547172384336591 11.974020021967588 353.67216554540209 67.030951425433159 50.311932839686051 2352.8501957705012 11.121845426736401 131.66268513118848 5.1377699812874189 16.256935971556231 57.204328730935231 1109.1934245028533 25.638485935050994 89.528036379255354 5.9302476653829208 151.8683956542518 21.278767009731382 7.0116008706390849 404.61174510797719 12.086847826605661 5.1709444709122172 17.196770913898945 20.259064442012459 871.62498967908323 50.267603532411158 6.0707003660500076 71.431375943939202 81.973994884174317 20.331595791387372
leaf_count=4610 105 77 26 563 160 4317 215250 313 655 263 511 526 1642 154 782 102 388 39 43 1146 82 50 73 344 1289 110 41 1681 2849 129
internal_value=3.16326e-10 0.0346414 0.0067317 0.0419025 0.0366078 -0.0194539 -0.052239 -0.0221809 0.0158075 0.024248 0.00400929 -0.00724614 0.04147 0.0014908 -0.00212113 0.0109911 0.025441 0.016516 0.0252114 0.0277103 -0.0125487 0.0110724 0.0263172 -0.0173806 0.0487054 0.0425614 0.00282584 -0.0111396 -0.0191224 -0.0158725
internal_weight=6108.27 3672.75 758.248 2914.5 1638.93 195.163 2435.52 82.6709 563.086 462.711 253.105 144.851 1176.22 241.131 215.493 95.4583 309.981 158.112 457.573 411.623 120.034 136.834 28.3186 107.947 1275.56 403.94 45.9495 91.6904 87.6464 26.4023
internal_count=238320 18074 12611 5463 3501 7797 220246 4996 4814 1699 3682 3480 1802 3656 3502 884 1132 744 1436 1189 2618 705 386 2536 1962 673 247 2025 2954 170
is_linear=0
shrinkage=0.05


Tree=24
num_leaves=31
num_cat=0
split_feature=4 11 4 13 8 8 13 4 4 6 2 13 12 13 13 0 5 7 3 6 4 12 11 5 4 9 9 9 3 11
split_gain=4049.76 281.804 53.2111 46.3851 34.4972 28.3814 36.6636 24.001 23.2239 15.6548 14.0489 13.2407 12.5622 12.2169 10.7178 10.6997 9.24629 8.85168 8.50067 8.30306 7.47726 7.39395 7.06035 8.94376 6.50493 9.08743 6.50446 6.31765 6.2686 5.76405
threshold=0.74342104792594921 0.040833333507180221 0.82843136787414562 0.092612084001302733 1.1500000357627871 0.75000000000000011 0.10153127089142801 0.83974358439445507 0.82843136787414562 0.76550221443176281 0.57813695073127758 0.076298922300338759 0.087121214717626586 0.074436001479625716 0.027631764300167564 0.49790057539939886 0.74216011166572582 0.57738319039344799 0.38520015776157385 0.81404572725296032 0.89181286096572887 0.023532669059932235 0.016261236742138866 0.68927508592605602 0.91287881135940563 0.75516271591186535 0.67172360420227062 0.86348772048950206 0.48908402025699621 0.087121214717626586
decision_type=2 2 2 2 2 2 2 2 2 2 2 2 2 2 2 2 2 2 2 2 2 2 2 2 2 2 2 2 2 2
left_child=5 2 4 7 11 6 -1 10 9 29 -3 28 27 14 -4 -16 -12 -9 -8 20 22 -18 23 -17 25 -19 -13 -10 -2 -5
right_child=1 3 13 8 -6 -7 18 17 12 -11 16 26 -14 -15 15 19 21 24 -20 -21 -22 -23 -24 -25 -26 -27 -28 -29 -30 -31
leaf_value=-0.047074606608844723 -0.020008692219549644 -0.060661910355070472 0.057304355848049653 0.03482846771438624 -0.054249273357304707 -0.053027212068609476 -0.010285792878516928 -0.030096248872972332 0.043338528237790386 0.01099636744294407 0.021153828734517346 0.039114919922208183 0.051679223991693501 0.024943143398837006 -0.066987216668609462 0.016433876940278577 -0.050618373465786397 0.037562462433570927 0.047179022055588903 -0.036113466272336046 0.020065400616975489 0.010783321005203133 0.0047646112001923403 -0.069619908156192553 0.04310635208450752 0.019615997700477058 0.0028274281813329165 -0.012736446157002987 0.023649812054480433 0.051695167072061343
leaf_weight=52.026912191300653 105.11299091239925 5.8923338782624333 10.114174060523508 287.0583346420899 46.188076147111133 2190.5097827529535 10.567341065965595 5.105269110761582 956.80954037234187 64.539228846435435 185.07558200776111 15.800915639381854 749.28973708115518 165.92087251180783 5.0912995612015939 5.0511437961831671 8.3177295522764343 212.97848215559497 16.45971918059513 10.891057070810346 83.64195880619809 11.942513287998734 100.2171289594844 7.5065555945038795 201.01684717461467 105.46928229555488 56.530072993598878 5.0494381412863723 8.9196031428873521 61.50649799942039
leaf_count=4610 3806 65 19 701 4248 215250 313 12 1478 315 779 70 1204 683 200 91 139 371 73 225 608 87 1276 236 316 241 631 13 137 123
internal_value=3.228e-10 0.0338801 0.00334953 0.040509 -0.0155665 -0.051965 -0.0225325 0.0296898 0.0442566 0.0336164 0.015459 -0.00597939 0.0468253 0.0146743 0.00701724 0.00462263 0.0176433 0.0354201 0.0247108 0.00638131 0.00873759 -0.0144248 0.000336066 -0.0350061 0.036064 0.0316186 0.0107545 0.0430442 -0.0165937 0.0378047
internal_weight=5750.6 3481.04 620.986 2860.05 232.552 2269.56 79.054 735.798 2124.25 413.104 211.228 186.364 1711.15 388.434 222.513 212.399 205.336 524.57 27.0271 207.308 196.417 20.2602 112.775 12.5577 519.465 318.448 72.331 961.859 114.033 348.565
internal_count=238320 18074 12230 5844 8892 220246 4996 2010 3834 1139 1070 4644 2695 3338 2655 2636 1005 940 386 2436 2211 226 1603 327 928 612 701 1491 3943 824
is_linear=0
shrinkage=0.05


Tree=25
num_leaves=31
num_cat=0
split_feature=4 11 4 12 4 8 8 4 8 11 4 13 13 3 4 13 4 6 2 9 8 9 2 5 9 13 2 6 5 7
split_gain=3703.57 261.85 48.0315 46.0175 36.6757 32.1799 27.1781 34.8362 19.1664 16.2175 13.5248 11.9492 11.6478 11.3115 15.6468 9.68685 8.79438 11.9571 11.4056 8.42261 8.12507 7.7764 17.4841 10.8293 8.56819 8.30185 7.21117 8.24835 7.76852 6.82315
threshold=0.74342104792594921 0.040833333507180221 0.82843136787414562 0.087121214717626586 0.82843136787414562 1.1500000357627871 0.75000000000000011 0.65686276555061351 1.1500000357627871 0.03637566231191159 0.90454545617103588 0.076298922300338759 0.076298922300338759 0.41334123909473425 0.89181286096572887 0.099877879023551955 0.83974358439445507 0.77695587277412426 0.74323615431785595 0.73399972915649425 0.84999999403953563 0.64203050732612621 0.64641693234443676 0.64699330925941478 0.76187685132026683 0.080559108406305327 0.67252266407012951 0.67659056186676036 0.64174965023994457 0.80209511518478405
decision_type=2 2 2 2 2 2 2 2 2 2 2 2 2 2 2 2 2 2 2 2 2 2 2 2 2 2 2 2 2 2
left_child=6 2 5 4 8 12 7 -1 15 -9 11 -6 -2 14 26 21 17 29 -19 -17 -12 -3 23 -23 -24 -26 27 28 -4 -5
right_child=1 3 13 16 10 -7 -8 9 -10 -11 20 -13 -14 -15 -16 19 -18 18 -20 -21 -22 22 24 -25 25 -27 -28 -29 -30 -31
leaf_value=-0.054356290004924257 -0.015849415833477369 0.053003229538029828 -0.054877153561970919 0.045464202933463253 0.022462878467980431 -0.053915315198135805 -0.052787602671332201 -0.040312371569566748 -0.059671527563612672 0.03496418763569413 -5.6857850662034101e-05 0.037512115754539714 0.010079821491596525 0.03856684430636409 0.0223059664554516 0.040191093102497577 0.052673837395570328 -0.060453446167564588 0.031819241055876045 0.019709563651815917 0.044761930456543975 -0.086209549506323313 0.023701205273969933 -0.007885351757123335 0.0066919507605110607 -0.062845538650050145 0.0054280109953906679 -0.058899250318178234 0.01469851823291593 -0.012099762642168707
leaf_weight=39.661160000832751 111.67852950817905 11.285053560510276 5.4256026230286869 247.17326508043334 165.66209265589714 42.912894297682215 2037.117210291588 9.9438369462732208 7.2218536148429839 25.510389022994787 10.27134971693158 647.24000095110387 70.750503640156239 42.319504089653492 162.09914102731273 99.090155344922096 594.37996459007263 5.3542181998491278 8.9421753948554379 101.72508940380067 652.75759776309133 6.5230011511594084 96.498476152773947 13.644026111811398 18.003672710154209 5.6357680326327673 142.85189148259815 9.8816987390164268 15.398971603251992 5.2573116857092819
leaf_count=3880 3943 18 139 437 402 4248 215250 834 599 282 31 1135 701 151 955 190 1030 10 22 300 1039 68 282 53 137 79 1685 218 190 12
internal_value=3.02292e-10 0.0330909 0.0033139 0.0397528 0.0352791 -0.0149575 -0.0516985 -0.0221625 0.0209612 0.0138514 0.0387679 0.0344452 -0.00579341 0.0142069 0.0111356 0.0226136 0.0492889 0.041746 -0.00273829 0.029816 0.0440676 0.0130724 0.00986062 -0.0332192 0.0170922 -0.00988616 0.000702804 -0.0212798 -0.00342862 0.0442653
internal_weight=5412.22 3299.98 603.319 2696.67 1835.56 225.342 2112.23 75.1154 359.627 35.4542 1475.93 812.902 182.429 377.977 335.657 352.405 861.107 266.727 14.2964 200.815 663.029 151.59 140.305 20.167 120.138 23.6394 173.558 30.7063 20.8246 252.431
internal_count=238320 18074 12230 5844 4333 8892 220246 4996 1726 1116 2607 1537 4644 3338 3187 1127 1511 481 32 490 1070 637 619 121 498 216 2232 547 329 449
is_linear=0
shrinkage=0.05


Tree=26
num_leaves=31
num_cat=0
split_feature=4 11 4 12 4 8 8 4 13 12 13 9 4 9 0 4 6 8 0 2 1 13 13 13 11 4 5 6 5 1
split_gain=3382.93 245.225 54.5433 40.9016 32.8324 31.6419 26.2986 32.4583 17.8994 15.078 12.3847 10.7642 10.4234 10.1709 9.56686 9.10012 8.59926 7.44552 7.20391 9.73845 8.62691 6.87212 8.34415 10.5774 9.60529 6.78919 6.99391 9.98817 7.60294 6.75629
threshold=0.74342104792594921 0.042572464793920524 0.82843136787414562 0.080128207802772536 0.83974358439445507 1.1500000357627871 0.75000000000000011 0.65686276555061351 0.089706104248762145 0.042572464793920524 0.076298922300338759 0.73555448651313793 0.90454545617103588 0.76657220721244823 0.571905016899109 0.83974358439445507 0.80411240458488475 0.84999999403953563 0.65934535861015331 0.71259805560112011 0.70759800076484691 0.027631764300167564 0.043936382979154594 0.040274456143379218 0.016001024283468727 0.92582416534423839 0.72527024149894725 0.76711964607238781 0.75344237685203563 0.77314829826354992
decision_type=2 2 2 2 2 2 2 2 2 2 2 2 2 2 2 2 2 2 2 2 2 2 2 2 2 2 2 2 2 2
left_child=6 2 5 4 11 10 7 -1 13 -9 -2 -3 -6 21 -13 -5 17 -14 -12 20 -20 -4 23 -23 -24 26 27 -15 -28 -21
right_child=1 3 8 15 12 -7 -8 9 -10 -11 18 14 16 25 -16 -17 -18 -19 19 29 -22 22 24 -25 -26 -27 28 -29 -30 -31
leaf_value=-0.054113904030189931 -0.015667612648961434 0.029354261966800382 0.063873037826240223 0.040500325709386602 0.033834502145084037 -0.053627979658701523 -0.052569754074240332 -0.039421547791455423 0.029737787755792978 0.034224844628065812 0.029162773700587924 -0.036165549060675421 -0.0034003421799444012 -0.043615803726028288 0.015641888783957988 0.050576573119189963 0.02284848007955979 0.046794594935877759 -0.00096195849809200271 0.032181285265484902 -0.066268022616877156 0.0044112806667086545 -0.03896393201046696 -0.072598175402888002 0.022244709075226281 0.021723825031679682 -0.044530259148179104 0.023572751115362094 -0.0063494872898545059 -0.017052867512850213
leaf_weight=36.993282306473702 115.64431524823885 226.7026402472984 7.2922597751021376 329.93943365430459 489.63585249939933 40.461079281172715 1891.5123774548993 9.6868820409290475 158.75668224715628 24.597681761253625 30.141144877765328 9.415634364821015 7.5074257533997288 7.0058108440134665 166.25391872570617 698.33722003363073 43.862617082893848 463.65784341841936 12.191608651308345 21.191498278407384 8.641228753840549 24.015390315093104 6.7285644854418925 5.4755554127041242 135.17256538599031 22.666571371722966 19.735533296479844 26.283123209374025 38.42449739179574 10.381833125138654
leaf_count=3880 4003 656 11 673 936 4331 215250 851 489 265 191 117 24 178 926 1289 78 764 113 146 129 414 128 147 796 148 398 303 522 164
internal_value=-2.42995e-10 0.0323076 0.00600025 0.0397636 0.0342242 -0.0133338 -0.0514463 -0.0216318 0.0162185 0.0134165 -0.00510771 0.0221553 0.0390578 0.00888835 0.0128651 0.0473434 0.0440235 0.0459948 0.00968613 -0.00151576 -0.0280502 0.0163355 0.014313 -0.00988699 0.0193424 -0.00277261 -0.00884431 0.00943261 -0.0193054 0.0159923
internal_weight=5088.31 3125.52 690.209 2435.31 1407.04 238.653 1962.79 71.2778 451.557 34.2846 198.192 402.372 1004.66 292.8 175.67 1028.28 515.028 471.165 82.5473 52.4062 20.8328 178.684 171.392 29.4909 141.901 114.116 91.449 33.2889 58.16 31.5733
internal_count=238320 18074 12611 5463 3501 9077 220246 4996 3534 1116 4746 1699 1802 3045 1043 1962 866 788 743 552 242 1496 1485 561 924 1549 1401 481 920 310
is_linear=0
shrinkage=0.05


Tree=27
num_leaves=31
num_cat=0
split_feature=4 11 12 4 4 8 8 4 9 11 4 3 13 13 13 13 9 3 0 4 13 13 6 2 8 8 11 4 5 13
split_gain=3084.58 223.777 46.4487 38.5715 34.0338 28.1178 25.5868 30.3405 17.616 13.7527 12.0754 10.4562 10.3411 10.3077 9.2966 8.97979 8.85637 8.7541 11.0084 8.65163 8.06636 7.7935 7.51178 7.50521 7.32146 6.96932 6.93704 6.88627 12.4995 6.87948
threshold=0.74342104792594921 0.040833333507180221 0.087121214717626586 0.82843136787414562 0.87867647409439098 1.1500000357627871 0.75000000000000011 0.65686276555061351 0.76687324047088634 0.03637566231191159 0.81534090638160717 0.37823557853698736 0.089706104248762145 0.071455165743827834 0.058625234290957458 0.027144250459969047 0.65174299478530895 0.47579053044319158 0.50894638895988475 0.83974358439445507 0.093994364142417922 0.090548951178789153 0.71671223640441906 0.7012125849723817 1.1500000357627871 0.84999999403953563 0.031754031777381904 0.89181286096572887 0.75828096270561229 0.16129703819751742
decision_type=2 2 2 2 2 2 2 2 2 2 2 2 2 2 2 2 2 2 2 2 2 2 2 2 2 2 2 2 2 2
left_child=6 3 4 5 8 11 7 -1 10 -9 16 20 15 24 -10 -5 -3 18 -17 22 25 -12 -4 -16 -6 -2 27 -20 -29 -25
right_child=1 2 19 12 13 -7 -8 9 14 -11 21 -13 -14 -15 23 17 -18 -19 26 -21 -22 -23 -24 29 -26 -27 -28 28 -30 -31
leaf_value=-0.053896222179586485 -0.049808409359786192 0.048687862169131568 0.048141855783102205 0.061465503174444602 0.019207576265106014 -0.05332553234521703 -0.05237413211545941 -0.03881322791712058 -0.045556956906418929 0.033136046083700993 0.026083015070776896 0.025229629211320482 0.026301223338409577 0.043413368097907357 -0.0091309199471206123 -0.066182799865118672 0.013507479138381873 0.036970213158592689 -0.014398983332666732 0.052246727045515307 0.01053224880564128 0.039376480642627054 0.029831569467043358 0.016670668894729939 0.040772527098523324 -0.012063236564120981 0.014330697788145727 0.021704628041138357 -0.044927054825511105 0.057060118339829838
leaf_weight=34.391551205306314 13.927653882419689 20.695114754751557 135.56154107116163 7.5477127265185109 84.755548684392124 36.850762490241323 1753.6640537288622 9.1948188497917709 6.4444812654983243 23.918497349484824 175.13154942635447 24.221748839132488 107.13464953261428 668.50318606011569 26.755851514812093 5.5760898693697518 131.95039696816821 20.979024247732013 64.036091025336646 507.99437739141285 35.807580140419304 297.62502863816917 95.455110853537917 157.88105527352309 73.482390090823174 100.29988859477453 103.5719098522095 41.407486459007487 8.4796977397054416 11.297289295122026
leaf_count=3880 949 51 275 15 192 4248 215250 834 79 282 413 240 393 1186 193 234 762 106 1405 1030 293 561 206 740 136 3162 675 357 153 20
internal_value=3.47689e-10 0.0314724 0.0381765 0.00331272 0.0335215 -0.0136447 -0.0512114 -0.0210043 0.0263548 0.0131574 0.0305041 -0.00525325 0.0132919 0.0406971 0.0135326 0.00775225 0.0182771 0.00609107 0.003187 0.0485985 -0.0101744 0.0344519 0.0405761 0.0154761 0.0292219 -0.0166655 0.00496549 -0.00354878 0.0103787 0.0193678
internal_weight=4784.54 2963.37 2393.53 569.84 1654.52 211.108 1821.17 67.5049 827.781 33.1133 625.402 174.257 358.733 826.741 202.379 251.598 152.646 244.05 223.071 739.011 150.035 472.757 231.017 195.934 158.238 114.228 217.495 113.923 49.8872 169.178
internal_count=238320 18074 5844 12230 4333 8892 220246 4996 2819 1116 1787 4644 3338 1514 1032 2945 813 2930 2824 1511 4404 974 481 953 328 4111 2590 1915 510 760
is_linear=0
shrinkage=0.05


Tree=28
num_leaves=31
num_cat=0
split_feature=4 11 12 4 4 8 8 4 8 12 13 4 3 11 4 13 13 1 9 1 2 5 9 6 6 13 5 4 8 9
split_gain=2810.4 209.471 44.7839 34.9028 32.6559 25.9926 25.2393 28.2858 15.8915 13.3751 12.6266 11.1146 9.64288 9.39467 9.05355 8.96434 8.8013 14.083 7.36111 10.341 7.35518 8.22153 7.06648 8.34141 6.87364 6.5995 9.41247 6.44233 6.42309 6.38878
threshold=0.74342104792594921 0.040833333507180221 0.087121214717626586 0.82843136787414562 0.82843136787414562 1.1500000357627871 0.75000000000000011 0.65686276555061351 1.1500000357627871 0.026671408675611023 0.068235181272029891 0.89181286096572887 0.37823557853698736 0.035098522901535041 0.83974358439445507 0.027631764300167564 0.15362762659788134 0.80053862929344188 0.64203050732612621 0.61967051029205333 0.69084432721138012 0.67995715141296398 0.73692849278450023 0.71447050571441661 0.71671223640441906 0.086088988929986968 0.7470097839832307 0.86190477013587963 1.1500000357627871 0.76936852931976329
decision_type=2 2 2 2 2 2 2 2 2 2 2 2 2 2 2 2 2 2 2 2 2 2 2 2 2 2 2 2 2 2
left_child=6 3 4 5 8 12 7 -1 16 -9 22 29 20 15 24 -5 17 18 -3 -20 -2 -22 -6 -24 -4 26 -23 -25 -29 -12
right_child=1 2 14 13 10 -7 -8 9 -10 -11 11 -13 -14 -15 -16 -17 -18 -19 19 -21 21 25 23 27 -26 -27 -28 28 -30 -31
leaf_value=-0.053574098748037785 -0.026961757000524889 0.048940790499931906 0.047221467089023035 0.054650012365188551 0.035701984222169726 -0.053094504640178647 -0.052199372351733692 -0.056890758661807851 -0.058656594750614167 0.027785525827130911 0.036335580868311762 0.043151275166717178 0.024281031012241421 0.021819728500420132 0.052019423087937736 0.0029679434199432137 0.046461200003568882 -0.040357814049610474 -0.052401428555152021 0.018700646653418165 -0.061027041388222382 -0.00051898033009670772 -0.036945035376059081 -0.0074115851445173382 0.029124103075811258 0.021835436487330939 -0.056962223408571259 0.011447375793739912 0.040083360395280043 0.023428698341865936
leaf_weight=31.879031506483443 44.869742434995715 19.728953963145614 125.11659540887922 8.7912949658930284 75.95249758195132 34.171709065383766 1623.9156960084802 5.6593480833107597 6.5485773136024354 26.50279089412652 365.60348633397371 579.15208860486746 23.695266369730234 156.34984847041778 467.62515521422029 183.95682734670117 28.632571578025818 10.184777261223642 5.2222263882867983 246.11139605287462 5.6973191159777334 60.949479938135482 7.0342998299747697 18.12316301651299 90.361789908260107 26.852212494704872 8.4047030066139978 39.430771655403078 38.90126315690577 129.95766640175134
leaf_count=3880 1774 38 275 19 170 4248 215250 637 599 479 755 1074 240 736 1030 2583 56 112 62 859 305 1496 27 69 206 235 594 108 75 329
internal_value=-4.86663e-11 0.0306547 0.0374246 0.00310153 0.0327763 -0.013294 -0.0509852 -0.0201973 0.0184228 0.0128856 0.0363977 0.0384477 -0.00531572 0.0127126 0.048112 0.00532518 0.0200517 0.017363 0.0195318 0.0172233 -0.0100939 -0.00266666 0.0241199 0.0156196 0.0396323 0.000789424 -0.00735907 0.0194531 0.0256686 0.0329508
internal_weight=4495.38 2807.43 2253.69 553.738 1570.58 204.64 1687.96 64.0412 316.429 32.1621 1254.16 1074.71 170.469 349.098 683.104 192.748 309.88 281.247 271.063 251.334 146.773 101.904 179.442 103.489 215.478 96.2064 69.3542 96.4552 78.332 495.561
internal_count=238320 18074 5844 12230 4333 8892 220246 4996 1726 1116 2607 2158 4644 3338 1511 2602 1127 1071 959 921 4404 2630 449 279 481 2325 2090 252 183 1084
is_linear=0
shrinkage=0.05


Tree=29
num_leaves=31
num_cat=0
split_feature=4 11 13 4 4 8 13 3 4 4 9 12 11 5 9 0 4 6 13 4 13 11 13 8 4 0 5 5 11 11
split_gain=2554.27 193.994 44.6633 32.1299 25.4319 25.2454 27.0573 17.9459 17.8512 15.2804 14.1521 9.18639 8.29172 8.01214 7.71572 7.67718 7.53426 7.49409 7.21047 6.95261 6.618 11.6886 6.61766 6.30214 6.1251 9.45127 7.56204 8.97219 5.99183 6.83141
threshold=0.74342104792594921 0.040833333507180221 0.11144183948636056 0.87083333730697643 0.89181286096572887 0.75000000000000011 0.12161172181367876 0.37823557853698736 0.82843136787414562 0.77350428700447094 0.75323668122291576 0.087121214717626586 0.04446640424430371 0.63055223226547252 0.83207157254219066 0.75033345818519603 0.71008405089378368 0.71113643050193798 0.09472751617431642 0.81534090638160717 0.027631764300167564 0.014815627597272398 0.074436001479625716 0.84999999403953563 0.91287881135940563 0.77560177445411693 0.75000467896461498 0.7001662850379945 0.012270400300621988 0.01835016813129187
decision_type=2 2 2 2 2 2 2 2 2 2 2 2 2 2 2 2 2 2 2 2 2 2 2 2 2 2 2 2 2 2
left_child=5 3 4 7 10 6 16 9 12 18 -3 24 -4 -11 15 20 -1 -14 -2 -12 -15 -22 28 -6 25 -10 27 -27 -5 -30
right_child=1 2 8 22 23 -7 -8 -9 11 13 19 -13 17 14 -16 -17 -18 -19 -20 -21 21 -23 -24 -25 -26 26 -28 -29 29 -31
leaf_value=-0.053427953816294317 -0.050560249502095159 0.025950369818761268 -0.012564085451124543 0.049235979232592625 -0.017609102472466585 -0.052036135694317726 0.031499031031450755 0.023205540236159974 0.039764415239886136 -0.061187848916691323 -0.017341685444144442 0.050386083191772763 0.041821380547747179 0.048566474548795507 -0.060928919697353326 0.024378656685725541 -0.0052032845929162541 0.024375719176284855 0.00073606294843028852 0.012038027290531935 -0.053370357923927261 -0.0049822585372479022 0.027676700126236287 0.037927770991238043 0.049533051896816754 0.045156079400803566 0.041228572465056117 -0.032252792129262062 -0.025836966128958767 0.011575758707064041
leaf_weight=31.679874939378351 32.604571495205164 320.40720370289637 10.539248610730281 9.0885149026289564 5.1758613530546418 1501.2134748141834 18.375648360932246 42.416909094143193 321.40776691026986 6.586074362974613 23.941275938763283 504.31653643958271 118.03072993177921 5.2574364012107244 6.059311529272235 21.887865042313933 10.881011211546136 128.65891500876751 8.6729375841096026 126.72348001133651 13.391900724149307 183.34815839334624 95.146697205491364 390.56523080077022 142.6562384609133 5.270303735509521 12.063331115990875 12.919900104403494 13.874025575350968 101.21161566511728
leaf_count=4208 3976 1063 54 56 23 215250 165 446 657 389 494 1204 316 28 357 196 623 463 255 428 644 4297 357 783 294 11 26 28 266 963
internal_value=-1.05182e-10 0.0297825 0.0365873 0.00301124 0.0278574 -0.0507555 -0.0192067 -0.00708647 0.0426129 -0.0117116 0.0200076 0.0456383 0.0308672 -0.00681291 -0.0052555 -0.00374873 -0.041099 0.0327227 -0.0397822 0.00736946 -0.00679654 -0.00827599 0.0177547 0.0372014 0.0407945 0.0372496 0.0105322 -0.00982488 0.010152 0.00706551
internal_weight=4224.37 2662.22 2122.68 539.546 866.813 1562.15 60.9365 320.225 1255.86 277.808 471.072 998.634 257.229 236.531 229.945 223.885 42.5609 246.69 41.2775 150.665 201.997 196.74 219.321 395.741 494.318 351.661 30.2535 18.1902 124.174 115.086
internal_count=238320 18074 5844 12230 2791 220246 4996 10588 3053 10142 1985 2220 833 5911 5522 5165 4831 779 4231 922 4969 4941 1642 806 1016 722 65 39 1285 1229
is_linear=0
shrinkage=0.05


Tree=30
num_leaves=31
num_cat=0
split_feature=4 11 13 4 8 4 4 4 13 12 13 8 9 11 3 7 1 3 4 12 8 9 6 13 9 3 2 13 3 13
split_gain=2323.27 178.065 41.2999 37.4378 25.4603 25.9089 22.8448 17.7632 17.2571 11.6211 11.1991 10.4996 7.83368 7.91298 7.53066 7.39291 7.42783 7.04259 10.0151 6.77104 6.75786 8.0593 9.18581 7.0585 6.6894 6.55158 6.39317 6.16027 5.96571 6.3553
threshold=0.74342104792594921 0.042572464793920524 0.11144183948636056 0.87083333730697643 0.75000000000000011 0.65686276555061351 0.83974358439445507 0.82843136787414562 0.074858594685792937 0.042572464793920524 0.089706104248762145 0.75000000000000011 0.8038233518600465 0.046536797657608993 0.33523347973823553 0.80496168136596691 0.81489726901054393 0.42452006042003637 0.77350428700447094 0.087121214717626586 1.3499999642372134 0.79041612148284923 0.8014412820339204 0.027631764300167564 0.75323668122291576 0.37823557853698736 0.7012125849723817 0.027631764300167564 0.54846009612083446 0.047908006235957153
decision_type=2 2 2 2 2 2 2 2 2 2 2 2 2 2 2 2 2 2 2 2 2 2 2 2 2 2 2 2 2 2
left_child=4 3 6 8 5 -1 24 14 17 -7 20 -8 -13 -14 -4 16 -15 18 -2 -9 21 23 -23 -5 -3 -10 -26 -20 29 -25
right_child=1 2 7 10 -6 9 11 19 25 -11 -12 12 13 15 -16 -17 -18 -19 27 -21 -22 22 -24 28 26 -27 -28 -29 -30 -31
leaf_value=-0.053257047991775698 -0.044903935326579034 0.019644466244714553 0.025744025348743444 0.064275494185343049 -0.051891213948399295 -0.037158343892026269 -0.023258768390716517 0.041355171187753975 0.003145558484154886 0.0323415378225414 0.034209617892787002 0.035964055677204489 0.036827704572323365 -0.043026890169474322 0.047204042548021685 0.039958428321043758 0.021688033916645862 0.013657275082007987 0.040220748395181964 0.050017991495064744 0.034997848183716915 -0.063707247166478784 0.002220459232843456 -0.01354683998479405 -0.038971823022637152 0.031443070211865418 0.0069770181896634739 -0.01451444946846704 0.059569913878270424 0.014735567576567261
leaf_weight=27.561366900452413 28.438438444864005 169.92627697356511 188.3914930773899 6.4424576237797728 1387.9414883419377 8.234687265474351 8.1191199114546162 450.68430476076901 117.46253677969798 22.311206749407575 88.33417561929673 482.01724450988695 22.305951848626137 12.317091607488697 52.209462431259453 7.1020180955529204 6.9279221147298804 19.963517664815299 5.3198342234827569 451.58704433217645 27.547047764062881 7.6021657502278712 17.322907923720777 26.342559939017519 8.7740742476889846 24.767458685091697 55.173048476513941 152.50058990129037 5.8647035863250485 80.751812730915844
leaf_count=3880 3617 676 690 10 215250 851 39 983 1780 265 261 1072 47 40 121 15 17 327 38 1174 119 140 210 470 149 108 440 4981 16 534
internal_value=-3.09586e-10 0.0289495 0.0364353 0.00539059 -0.0505337 -0.0181087 0.0275063 0.042472 -0.00532525 0.0136055 0.0197405 0.0331707 0.034034 0.0149127 0.0304008 -0.00364093 -0.0197305 -0.014566 -0.0175911 0.0456909 0.0123041 0.00797268 -0.0178875 0.013371 0.014457 0.00807319 0.000672457 -0.0126694 0.0104677 0.0077788
internal_weight=3970.24 2524.2 1915.54 608.66 1446.05 58.1073 772.663 1142.87 348.452 30.5459 260.208 538.789 530.67 48.653 240.601 26.347 19.245 206.222 186.259 902.271 171.874 144.327 24.9251 119.402 233.873 142.23 63.9471 157.82 112.959 107.094
internal_count=238320 18074 5463 12611 220246 4996 2495 2968 10851 1116 1760 1230 1191 119 811 72 57 8963 8636 2157 1499 1380 350 1030 1265 1888 589 5019 1020 1004
is_linear=0
shrinkage=0.05


Tree=31
num_leaves=31
num_cat=0
split_feature=4 11 4 13 4 8 4 13 13 6 3 3 4 4 11 9 8 13 7 2 1 13 8 5 5 8 13 13 1 3
split_gain=2119.96 164.691 41.4657 26.7973 26.5189 23.1982 23.0371 21.1602 15.2154 14.3785 12.0118 10.7268 9.48007 8.64023 8.4281 8.16701 7.94442 8.64764 6.61776 6.09112 6.32637 6.02861 5.80154 5.80126 7.0521 5.78339 5.68882 5.63267 5.62218 5.61044
threshold=0.74342104792594921 0.040833333507180221 0.87083333730697643 0.092612084001302733 0.85164836049079906 0.75000000000000011 0.65686276555061351 0.13415796309709552 0.11014239490032197 0.70829135179519664 0.42452006042003637 0.38520015776157385 0.81534090638160717 0.77350428700447094 0.087121214717626586 0.75323668122291576 1.1500000357627871 0.071941480040550246 0.64361602067947399 0.63099786639213573 0.79150468111038219 0.09472751617431642 1.1500000357627871 0.70786935091018688 0.68305870890617382 1.3499999642372134 0.12161172181367876 0.13415796309709552 0.78521475195884716 0.47231765091419226
decision_type=2 2 2 2 2 2 2 2 2 2 2 2 2 2 2 2 2 2 2 2 2 2 2 2 2 2 2 2 2 2
left_child=5 4 3 15 8 6 -1 16 10 -5 13 27 14 21 18 22 17 -4 -11 -6 26 -2 -3 24 -17 -15 29 -8 -14 -21
right_child=1 2 7 9 19 -7 11 -9 -10 12 -12 -13 28 25 -16 23 -18 -19 -20 20 -22 -23 -24 -25 -26 -27 -28 -29 -30 -31
leaf_value=-0.053112963835244768 -0.049643049672206452 0.0097611330061379339 0.016569603629310658 0.04114370850913121 -0.014014685471349804 -0.051763361001960162 -0.040430608916333342 0.051471057267522852 0.023367840608801115 -0.046323883559763183 0.017555401725015178 0.042153022776803176 0.033615321552261122 -0.010250865397687792 0.04405991526345282 0.00011644482597400908 0.042554786442733646 0.035543993992558663 0.0091795529752113983 0.015534736238803904 0.0017346807394780746 0.0066516539470516103 0.028450800615064855 0.0070168044353867741 -0.063311368733332249 -0.054071782021956519 0.050040365288887161 0.024336233188773412 0.013338067035570065 0.046742130768597734
leaf_weight=25.860103051760234 27.9741778933967 84.079317280557007 77.135089022573084 271.76595105102751 17.099214190151542 1282.815521684417 9.7934852147009241 369.14395158365369 33.614090376533568 5.8229898065328589 28.789585798163898 14.523498765192924 232.05752181168646 159.29012405272806 16.789774599805241 10.855659355875106 289.03459923248738 271.08020738419145 69.104626916290727 144.58290263451636 52.78833243669942 5.7299001348437733 82.034670479100896 55.800212819653098 7.3489128267392507 7.9029404459870412 15.851488217711447 5.1078291879966846 40.089892586693168 15.995272357948123
leaf_count=3880 3984 335 219 808 222 215250 987 978 261 26 375 109 578 4496 63 100 658 607 474 1240 545 167 351 431 91 835 38 20 125 67
internal_value=-6.42274e-11 0.028195 0.0350222 0.0270664 0.00298058 -0.0503967 -0.0186841 0.0419452 -0.00805123 0.0324422 -0.0126493 0.0115738 0.0259431 -0.0169778 0.0120409 0.0128361 0.0364271 0.0313409 0.00486611 0.014773 0.0169206 -0.0400726 0.0189909 -0.000979213 -0.0254884 -0.0123222 0.0214642 -0.01823 0.0306283 0.0186433
internal_weight=3729.86 2391.76 1882.14 875.75 509.618 1338.1 55.2849 1006.39 263.301 635.631 229.687 29.4248 363.865 200.897 91.7174 240.119 637.25 348.215 74.9276 246.317 229.218 33.7041 166.114 74.0048 18.2046 167.193 176.43 14.9013 272.147 160.578
internal_count=238320 18074 5844 3382 12230 220246 4996 2462 10118 2074 9857 1116 1266 9482 563 1308 1484 826 500 2112 1890 4151 686 622 191 5331 1345 1007 703 1307
is_linear=0
shrinkage=0.05


Tree=32
num_leaves=31
num_cat=0
split_feature=4 11 12 4 4 8 4 8 4 13 3 4 6 2 13 9 1 13 13 13 13 9 9 2 6 1 7 11 11 3
split_gain=1927.05 150.366 42.0343 32.2713 24.6201 22.0959 21.3073 19.6446 11.8824 11.5692 9.84042 9.3861 9.02584 9.48236 9.01966 10.0859 9.41143 8.8797 7.43421 9.03712 7.02145 6.71683 6.00444 5.62905 5.33839 5.58335 5.28687 5.17415 4.93324 5.32871
threshold=0.74342104792594921 0.040833333507180221 0.087121214717626586 0.87867647409439098 0.82843136787414562 0.75000000000000011 0.65686276555061351 1.1500000357627871 0.79285714030265819 0.091208070516586318 0.38520015776157385 0.83974358439445507 0.77374678850173961 0.73908486962318432 0.1461489871144295 0.72141143679618847 0.72825241088867199 0.068235181272029891 0.074436001479625716 0.027631764300167564 0.076298922300338759 0.76687324047088634 0.75323668122291576 0.7012125849723817 0.81404572725296032 0.66793319582939159 0.69683781266212474 0.011173533275723459 0.035098522901535041 0.41334123909473425
decision_type=2 2 2 2 2 2 2 2 2 2 2 2 2 2 2 2 2 2 2 2 2 2 2 2 2 2 2 2 2 2
left_child=5 4 3 8 7 6 -1 20 14 22 -8 12 -4 -14 15 -3 -17 -5 19 -6 27 -11 -10 -23 25 -21 -25 -2 29 -20
right_child=1 2 11 17 18 -7 10 -9 9 21 -12 -13 13 -15 -16 16 -18 -19 28 24 -22 23 -24 26 -26 -27 -28 -29 -30 -31
leaf_value=-0.052989808325179591 0.0354435270438326 0.016961858335899235 0.040318934503079502 0.023901739165656147 0.056695864943136887 -0.051646263765042513 -0.018220495964798189 -0.052583017797640831 0.020874696725593857 0.034214420642584092 0.040847079759366245 0.051229634787238069 -0.049660687279892889 0.031985643315495693 0.04384016918336487 -0.062059309434709053 -0.0053759650784543887 0.040060122174886012 0.00080053784834758297 -0.028645029100786236 0.0083985189284997066 -0.012499655818253288 0.0028053870233150572 0.050301928761298742 -0.034362335522803815 0.007131142040130556 0.017567206514376776 -0.016307017024352277 0.02820680473636443 0.043252176287018572
leaf_weight=24.063763030921109 5.1049486786359912 39.049244582187384 146.48336383979768 101.46215434372425 8.07745812833309 1183.8562976152607 14.224987927009353 25.32875648222398 142.54037300497293 251.14173365943134 13.981415366288273 335.99130896292627 5.9206871073693028 8.9045895617455226 12.881125780171713 9.5339148603961785 31.576857632200699 524.80714566167444 41.814913138980046 11.718624172615817 59.455664869165048 12.562224397435783 67.865523422136903 14.992054181173442 9.2497072824044135 157.17758073587902 69.582145386375487 89.686038386891596 80.468139885924757 8.9796389769762737
leaf_count=3880 127 239 436 277 19 215250 1007 4248 464 653 109 1030 16 29 55 178 573 1237 374 315 701 58 340 38 227 2094 221 3816 286 23
internal_value=1.06688e-10 0.0273307 0.0341364 0.0293371 0.00302338 -0.0502416 -0.0184277 -0.0117728 0.0215484 0.0243036 0.0110583 0.0464701 0.0365563 -0.000620991 0.00500461 -0.00123598 -0.0185213 0.0374423 0.0113923 0.00496872 -0.00507132 0.029896 0.0150465 0.0187311 0.00262332 0.00464886 0.0233699 -0.01352 0.0205055 0.00830529
internal_weight=3508.48 2272.36 1775.29 1277.99 497.061 1236.13 52.2702 179.575 651.725 558.684 28.2064 497.3 161.309 14.8253 93.0411 80.16 41.1108 626.269 317.486 186.223 154.247 348.278 210.406 97.1364 178.146 168.896 84.5742 94.791 131.263 50.7946
internal_count=238320 18074 5844 4333 12230 220246 4996 8892 2819 1774 1116 1511 481 45 1045 990 751 1514 3338 2655 4644 970 804 317 2636 2409 259 3943 683 397
is_linear=0
shrinkage=0.05


Tree=33
num_leaves=31
num_cat=0
split_feature=4 11 12 4 4 8 4 3 4 4 13 4 9 11 8 13 5 7 1 11 9 6 13 2 5 8 6 3 9 12
split_gain=1749.96 139.132 38.0115 30.4754 29.0906 21.8604 20.1198 13.336 10.6706 10.6543 9.76662 9.49583 9.32148 9.19866 8.5011 7.95099 8.48965 7.12815 6.69267 6.55782 7.07101 6.28341 6.19825 8.52973 6.15668 5.91738 5.80371 5.63814 5.58476 6.1701
threshold=0.74342104792594921 0.042572464793920524 0.080128207802772536 0.87083333730697643 0.90454545617103588 0.75000000000000011 0.65686276555061351 0.42452006042003637 0.79285714030265819 0.82843136787414562 0.089706104248762145 0.83974358439445507 0.64203050732612621 0.03637566231191159 1.1500000357627871 0.058323483914136894 0.70786935091018688 0.79050070047378551 0.77463173866271984 0.010050504934042694 0.79041612148284923 0.80411240458488475 0.099877879023551955 0.65417018532753002 0.64699330925941478 0.84999999403953563 0.77135145664215099 0.38520015776157385 0.74097654223442089 0.054093567654490478
decision_type=2 2 2 2 2 2 2 2 2 2 2 2 2 2 2 2 2 2 2 2 2 2 2 2 2 2 2 2 2 2
left_child=5 3 4 7 9 6 -1 8 14 12 19 17 -3 -8 -2 16 -11 -4 26 -5 -21 25 23 24 -14 -6 -10 -15 29 -24
right_child=1 2 11 10 21 -7 13 -9 18 15 -12 -13 22 27 -16 -17 -18 -19 -20 20 -22 -23 28 -25 -26 -27 -28 -29 -30 -31
leaf_value=-0.052877138333412566 -0.014664602996209801 0.05296057869688478 0.037401069591480277 0.062755605314714732 -0.003734393615921447 -0.051539296121524449 -0.035917352982214178 0.021511316861316757 -0.00087865500814355191 -0.062110440467310263 0.032972727356844922 0.048275837292695911 -0.073090159407525224 -0.0050398318221015542 -0.052245009911475904 0.027320629749177202 0.016392793088674164 -0.0020593506874058052 -0.020342559574731838 0.014922912357211549 -0.011424766696577476 0.018619106921792351 0.051316686747008504 0.0076885143913305067 -0.010386243122355766 0.042825059807414509 0.037784810801103269 0.049898141459510589 0.0056859229193755093 0.015069882741498224
leaf_weight=22.282121708150953 53.38644413894508 13.12971522961743 193.02654765499756 5.991942547261714 6.9792987145483485 1092.0578104110755 7.5291291568428305 40.97714350069873 149.43926103017293 5.0708387224003664 78.276986452750862 402.88001904450357 5.7280146611155969 7.5362829061923575 20.955288897530409 426.61533756833524 10.734262831509112 12.165709048509596 44.238675465690903 122.45477110287175 32.15030052093789 32.261560931801796 20.531055948289577 82.089082885300741 12.365922464523463 307.14823852851987 10.380282662808893 12.279794845730065 42.436960287857801 27.421770905028097
leaf_count=3880 2123 42 628 26 24 215250 834 429 2912 25 261 1289 73 242 3954 1183 29 45 1315 1068 405 78 73 696 80 764 118 40 303 131
internal_value=2.31573e-11 0.0264762 0.0339725 0.00498317 0.0279414 -0.0500644 -0.0176089 -0.00512011 -0.00903993 0.0216738 0.0184914 0.0438167 0.0122116 0.0111292 -0.0252577 0.0260305 -0.00879384 0.0350615 -0.00313154 0.011433 0.00944388 0.0396325 0.00940411 0.000838926 -0.0302365 0.0417906 0.00163254 0.0290046 0.0188973 0.030589
internal_weight=3300.52 2158.84 1600.58 558.251 992.512 1141.69 49.6273 319.377 278.4 646.123 238.874 608.072 203.703 27.3452 74.3417 442.42 15.8051 205.192 204.058 160.597 154.605 346.389 190.573 100.183 18.0939 314.128 159.82 19.8161 90.3898 47.9528
internal_count=238320 18074 5463 12611 3501 220246 4996 10851 10422 2635 1760 1962 1398 1116 6077 1237 54 673 4345 1499 1473 866 1356 849 153 788 3030 282 507 204
is_linear=0
shrinkage=0.05


Tree=34
num_leaves=31
num_cat=0
split_feature=4 11 13 4 8 4 4 13 13 6 3 8 9 12 4 13 3 0 0 0 7 11 7 11 2 10 13 1 9 13
split_gain=1587.26 124.521 41.7468 22.514 21.8272 21.3011 20.9385 19.7797 12.3936 10.6015 9.17291 8.92026 8.36026 7.90699 7.10135 7.0177 6.91643 6.70728 6.62068 17.5155 6.16892 5.93799 5.9298 5.75724 5.5469 5.42515 5.36258 5.32223 5.25151 5.25046
threshold=0.74342104792594921 0.040833333507180221 0.099877879023551955 0.89181286096572887 0.75000000000000011 0.85164836049079906 0.87083333730697643 0.13415796309709552 0.11014239490032197 0.71113643050193798 0.42452006042003637 1.2500000000000002 0.73223254084587108 0.087121214717626586 0.77350428700447094 0.027144250459969047 0.47579053044319158 0.571905016899109 0.68669852614402782 0.68231382966041576 0.73533678054809581 0.035098522901535041 0.74506115913391124 0.04446640424430371 0.60984498262405407 0.99999991059303295 0.09472751617431642 0.67198294401168834 0.79485711455345165 0.1461489871144295
decision_type=2 2 2 2 2 2 2 2 2 2 2 2 2 2 2 2 2 2 2 2 2 2 2 2 2 2 2 2 2 2
left_child=4 5 3 12 7 8 9 16 10 23 14 20 24 29 26 -7 -1 22 19 -11 -5 -17 -14 27 -3 -26 -2 -4 -19 -8
right_child=1 2 6 11 -6 15 13 -9 -10 18 -12 -13 17 -15 -16 21 -18 28 -20 -21 -22 -23 -24 -25 25 -27 -28 -29 -30 -31
leaf_value=-0.0464269877716511 -0.048812594810398298 -0.0047475339254745728 -0.031229725071999916 0.036354564748961392 -0.051442692689582271 0.06728819630363235 0.037478132536397452 0.037267128379765306 0.022304499099463283 0.022197994074466668 0.015498204105046098 0.046720032591563265 -0.05582203168673211 0.052122162049095568 -0.011404708920613973 0.0053842542258447637 0.012726878203099347 0.011303614382720642 0.027604245547174739 -0.057069100091969721 0.017316078820059585 0.021742300166698428 0.0032438485696574797 0.041055938052593062 -0.023487617097614932 0.025981912060366104 0.0065349493119787189 0.037408249005141773 -0.018102274184246099 0.057000088396512008
leaf_weight=28.409957003837917 23.380918767623374 19.40264828002546 5.4408361620735359 78.852327656000853 1007.2210294384131 5.9970860462635747 278.91834176890552 12.517165590543298 30.836858151655179 34.925338946690317 27.152291940292343 75.405558713711798 8.3937615563045274 225.82402311079204 155.17084315707325 127.76492456742562 5.9819232199806711 115.39424932160182 232.84386936563533 8.706418118439613 92.416027149185538 98.053867312381044 8.6056532633956504 201.27910348703153 5.7916338345967224 128.6449800428818 5.3842014245456076 5.8726912117563188 17.483274870668538 39.294450206682086
leaf_count=4691 3984 107 15 213 215250 12 730 94 261 172 375 200 113 800 5331 1604 211 636 892 25 240 496 68 751 18 500 167 25 233 106
internal_value=-1.26795e-10 0.0255637 0.0322921 0.0211694 -0.04989 0.00307384 0.0382177 -0.0165507 -0.00730459 0.0307101 -0.01163 0.0323904 0.0120558 0.0449667 -0.0156347 0.0139049 -0.0361381 0.00365129 0.0242549 0.00638079 0.0260814 0.0124872 -0.025921 0.0391052 0.0202438 0.0238507 -0.0384527 0.00439927 0.00743455 0.0398888
internal_weight=3111.37 2057.24 1583.5 550.39 1054.13 473.741 1033.11 46.909 241.925 489.068 211.088 246.674 303.716 544.037 183.936 231.816 34.3919 149.877 276.476 43.6318 171.268 225.819 16.9994 212.593 153.839 134.437 28.7651 11.3135 132.878 318.213
internal_count=238320 18074 5844 2328 220246 12230 3516 4996 10118 1880 9857 653 1675 1636 9482 2112 4902 1050 1089 197 453 2100 181 791 625 518 4151 40 869 836
is_linear=0
shrinkage=0.05


Tree=35
num_leaves=31
num_cat=0
split_feature=4 11 13 4 4 8 4 4 3 13 4 9 13 8 12 6 9 0 6 8 5 13 11 13 2 8 11 9 1 5
split_gain=1444.44 114.944 36.8002 25.7009 20.5037 20.299 17.8613 16.5058 11.4768 9.23732 9.03129 8.21074 7.94085 7.8449 7.69669 7.57231 6.88562 5.99137 5.82153 5.77626 5.76146 5.56944 10.3386 5.11705 5.55251 5.01814 5.83926 8.49267 8.81691 9.32721
threshold=0.74342104792594921 0.042572464793920524 0.11144183948636056 0.87083333730697643 0.86190477013587963 0.75000000000000011 0.65686276555061351 0.87867647409439098 0.42452006042003637 0.089706104248762145 0.79285714030265819 0.75323668122291576 0.084954705089330687 1.1500000357627871 0.042572464793920524 0.72677367925643932 0.75635433197021495 0.68669852614402782 0.77782610058784496 0.84999999403953563 0.6967943310737611 0.027971353381872181 0.015504807699471714 0.11707397922873498 0.65283024311065685 1.1500000357627871 0.048809524625539787 0.65648442506790172 0.71273174881935131 0.7094252109527589
decision_type=2 2 2 2 2 2 2 2 2 2 2 2 2 2 2 2 2 2 2 2 2 2 2 2 2 2 2 2 2 2
left_child=5 3 4 8 11 6 -1 15 10 12 13 25 19 23 -8 -4 -13 -17 21 20 -5 -12 -23 24 -2 26 27 -3 -29 -30
right_child=1 2 7 9 -6 -7 14 -9 -10 -11 18 16 -14 -15 -16 17 -18 -19 -20 -21 -22 22 -24 -25 -26 -27 -28 28 29 -31
leaf_value=-0.052748915601853665 -0.060879399822414276 0.040701815858004343 0.038552402460789309 0.012525922228332065 0.030931764265899969 -0.051353764919502325 -0.034045113470401303 0.046675534641918072 0.02060909811288129 0.032219488726886729 0.053107668815831455 -0.043070660816078313 -0.051206854280860026 -0.052062579656833113 0.028039813095380801 -0.0077929941612179384 0.0043114248974123774 0.027511606582914173 -0.021222477853635398 0.016497856420814097 -0.04217079349395178 -0.052367989486727287 0.0027619214195781158 0.034091605025397362 -0.011840271301272402 0.02745460587793886 0.02091770924404588 -0.040770348252459343 0.039245569917587243 -0.042866995617263114
leaf_weight=19.479980102565605 6.7737976073403834 8.4961377717554551 230.71108513814397 10.41768250684254 346.23462338466197 928.66222341279354 6.87276177533204 384.28092589601874 39.142311562551185 73.138375289738178 5.0064194193109861 8.5456659761257452 5.0168438609689465 18.242425434524193 18.241520052077249 12.854070506291462 74.615628710307647 184.58324084844207 35.371946461498737 131.28741753776558 8.9512790543958527 9.035721570835447 144.54393061349401 5.0183619968593112 39.039039945229888 83.2023240775452 58.479805244365707 16.649086516117677 10.285381895489989 5.2103008143603793
leaf_count=3880 527 25 919 145 979 215250 851 1285 429 261 29 47 40 3954 265 79 649 685 1209 1111 203 478 2629 23 1573 419 226 88 34 28
internal_value=2.06436e-10 0.024776 0.0321786 0.00492141 0.022916 -0.0497714 -0.0168193 0.0391529 -0.00465083 0.0175627 -0.00840981 0.0124622 0.0106767 -0.0239351 0.0110497 0.0324011 -0.000557565 0.0252131 -0.00288085 0.0127374 -0.0127519 0.00121017 -0.000481598 -0.0138406 -0.0190911 0.0184007 0.0108009 -0.00375669 -0.0155074 0.0116359
internal_weight=2928.39 1955.13 1424.15 530.986 611.719 973.256 44.5943 812.429 302.174 228.812 263.032 265.484 155.673 69.0736 25.1143 428.148 83.1613 197.437 193.958 150.656 19.369 158.586 153.58 50.8312 45.8128 182.323 99.1207 40.6409 32.1448 15.4957
internal_count=238320 18074 5463 12611 2495 220246 4996 2968 10851 1760 10422 1516 1499 6077 1116 1683 696 764 4345 1459 348 3136 3107 2123 2100 820 401 175 150 62
is_linear=0
shrinkage=0.05


Tree=36
num_leaves=31
num_cat=0
split_feature=4 11 13 4 8 4 4 4 8 13 11 3 13 13 0 9 3 6 9 13 13 12 8 13 4 12 13 9 6 8
split_gain=1311.76 107.038 42.5015 28.0377 19.3092 19.0016 16.2737 12.4122 12.3761 10.2163 9.81105 8.2357 7.81729 7.77122 7.72134 7.3515 7.33038 6.78053 6.14146 5.9706 5.78717 5.31117 5.30696 5.25854 5.00628 9.38436 4.80028 5.47306 9.17064 6.02553
threshold=0.74342104792594921 0.037749288603663451 0.10601943358778955 0.89181286096572887 0.75000000000000011 0.87083333730697643 0.65686276555061351 0.82843136787414562 1.1500000357627871 0.058323483914136894 0.04446640424430371 0.47231765091419226 0.027631764300167564 0.13415796309709552 0.51990097761154186 0.80958431959152233 0.38520015776157385 0.71671223640441906 0.83948782086372387 0.033494146540761001 0.068235181272029891 0.011173533275723459 0.94999998807907116 0.12161172181367876 0.83974358439445507 0.013793759513646366 0.054848439991474159 0.69778653979301464 0.71447050571441661 1.2500000000000002
decision_type=2 2 2 2 2 2 2 2 2 2 2 2 2 2 2 2 2 2 2 2 2 2 2 2 2 2 2 2 2 2
left_child=4 7 3 9 6 10 -1 8 -2 -3 -4 12 -9 18 -14 21 -8 -12 -7 -16 26 -11 -22 -21 25 -23 -5 -28 -29 -30
right_child=1 2 5 20 -6 13 16 11 -10 15 17 -13 14 -15 19 -17 -18 -19 -20 23 22 24 -24 -25 -26 -27 27 28 29 -31
leaf_value=-0.052656448339457831 -0.0071757937033566019 -0.015470033534373671 0.0056489193126859835 0.042240471650203004 -0.051269221113794353 0.038055367946997209 -0.017321801356712074 0.055019235795722744 -0.052068394153505872 0.043178514424200273 0.038868922877140666 0.035276943446097025 -0.056276300413446403 0.049766493488195347 -0.037694167796819715 -0.03314418612487232 0.037549574977905197 0.0253359127333883 -0.016402633681071754 0.0030828800595762121 -0.010816470290639335 -0.049471879491493842 0.037559087541997993 0.046923238568911188 0.020602859672557039 0.0099581740574582016 0.047929547328749676 -0.045669134295285137 0.0037867695861856046 0.040056175528352639
leaf_weight=18.071028170525096 119.01722307279124 33.914318987284787 40.344645447214134 20.312245726585388 856.04523272850201 199.081279207021 12.236287670617459 6.9522244893014422 17.625915479715331 15.433734292630104 172.49903414421715 22.111394226551056 5.7007431707461356 251.41297467146069 8.6233099333476257 8.2839106073370186 12.110762068768961 199.72524004412116 5.3153458237648001 157.62828441546299 5.8376191873103371 6.9154824798461041 196.68774959258735 7.150288186967372 128.60851835063659 168.28137178914039 10.439235135912893 6.8638867828994981 34.42963193776086 17.158043619245291
leaf_count=3880 4314 531 248 78 215250 587 1007 18 3964 69 753 114 255 978 275 190 109 834 16 2214 27 79 545 20 485 1238 40 27 122 53
internal_value=3.1443e-10 0.0238955 0.0295957 0.0199603 -0.0496376 0.0368432 -0.0167088 -0.00125771 -0.0129666 0.0106534 0.029069 0.00642817 0.00299968 0.0438799 0.000980435 0.0133584 0.00997244 0.0316075 0.0366392 0.0028628 0.031491 0.0145651 0.0361647 0.00498526 0.0131115 0.00761231 0.0208798 0.0145817 0.00862586 0.01585
internal_weight=2764.82 1866.35 1521.54 653.166 898.463 868.379 42.4181 344.809 136.643 361.437 412.569 208.166 186.055 455.81 179.103 327.523 24.347 372.224 204.397 173.402 291.728 319.239 202.525 164.779 303.805 175.197 89.203 68.8908 58.4516 51.5877
internal_count=238320 18074 6900 3484 220246 3416 4996 11174 8278 2592 1835 2896 2782 1581 2764 2061 1116 1587 603 2509 892 1871 572 2234 1802 1317 320 242 202 175
is_linear=0
shrinkage=0.05


Tree=37
num_leaves=31
num_cat=0
split_feature=4 13 4 4 8 4 12 8 11 11 11 11 1 13 9 8 3 4 9 7 3 2 7 12 8 2 4 9 4 9
split_gain=1193.3 98.3996 40.9774 26.6239 19.2084 15.4463 14.8916 14.6606 13.4588 12.2121 10.7294 7.06485 6.97919 6.88581 6.7645 6.60078 6.43021 7.13684 6.30059 6.03096 5.90352 5.88584 5.40552 5.27897 5.2759 6.41889 5.18971 5.12073 7.87942 5.04495
threshold=0.74342104792594921 0.092612084001302733 0.86190477013587963 0.82843136787414562 0.75000000000000011 0.65686276555061351 0.087121214717626586 1.1500000357627871 0.03637566231191159 0.037749288603663451 0.087121214717626586 0.03637566231191159 0.77314829826354992 0.1461489871144295 0.85022020339965831 0.75000000000000011 0.44142690300941473 0.77350428700447094 0.80527222156524669 0.74727365374565136 0.54846009612083446 0.67837390303611766 0.71704784035682689 0.022991543635725979 1.2500000000000002 0.59076350927352916 0.90454545617103588 0.74362438917160045 0.82843136787414562 0.65648442506790172
decision_type=2 2 2 2 2 2 2 2 2 2 2 2 2 2 2 2 2 2 2 2 2 2 2 2 2 2 2 2 2 2
left_child=4 2 8 7 5 -1 13 10 16 18 12 -7 -3 14 26 -10 17 -2 20 -12 21 22 -4 -18 25 -11 -5 28 29 -17
right_child=1 3 9 6 -6 11 -8 -9 15 24 19 -13 -14 -15 -16 27 23 -19 -20 -21 -22 -23 -24 -25 -26 -27 -28 -29 -30 -31
leaf_value=-0.052612021991278395 -0.047339061216520428 0.019783882049736318 -0.042760830058997973 0.026677284278335912 -0.05119822875861571 -0.034337907154544448 0.04651814863143755 -0.062225755089169346 -0.041945798169178289 -0.027901684597802276 0.055578296604123958 0.026882370520277261 -0.0059781127494322045 0.051173069480329236 -0.021510060005602721 0.034006197353707017 -0.022040480681838337 -0.013352142217847061 -0.025557192459869333 0.0043014105700189507 0.062999478425209879 0.014685497710223431 0.011849435890025538 0.035345770471083851 0.037778058555771127 0.02392255495541569 0.037352991532501011 -0.0019658547968930697 0.02836804249774379 -0.0038574269072853724
leaf_weight=16.756950656184927 17.816155149033875 168.08654495631345 9.6380588547326642 267.75044366787188 790.16764449721086 6.490505707741252 285.97436875570565 5.50819864499499 7.1484101170208296 6.1853793747723094 28.888057799078524 17.202885204809718 31.163945245556533 44.167226972058415 6.1635409314185372 10.48868039989611 6.2940620151348439 116.11811083403882 13.152132374700157 7.1545216725207856 5.2287165736779562 73.397233829600736 8.5522055479232204 11.031189422472378 76.955667024478316 175.6228495570831 198.03788220137358 91.144509207486408 51.919802243472077 54.556440861575538
leaf_count=3880 3648 851 197 949 215250 834 1282 574 107 25 100 282 221 151 24 65 170 4913 263 28 16 749 110 158 258 632 640 1151 210 582
internal_value=-2.89163e-10 0.0231124 0.0091041 0.0329884 -0.0494779 -0.0158721 0.0373657 0.018408 -0.0027354 0.0208725 0.0202957 0.0101118 0.0157546 0.0322944 0.0305277 0.00529631 -0.0141653 -0.0178731 0.00691433 0.0453997 0.0113255 0.0083754 -0.0170857 0.014498 0.0268044 0.0221594 0.0312162 0.00691905 0.0138426 0.00224817
internal_weight=2608.76 1778.14 735.25 1042.89 830.618 40.4503 802.093 240.801 366.517 368.732 235.293 23.6934 199.25 516.119 471.952 215.258 151.26 133.934 109.968 36.0426 96.8162 91.5875 18.1903 17.3253 258.764 181.808 465.788 208.109 116.965 65.0451
internal_count=238320 18074 13254 4820 220246 4996 3046 1774 11004 2250 1200 1116 1072 1764 1613 2115 8889 8561 1335 128 1072 1056 307 328 915 657 1589 2008 857 647
is_linear=0
shrinkage=0.05


Tree=38
num_leaves=31
num_cat=0
split_feature=4 13 4 4 8 4 13 11 11 13 6 4 13 12 3 3 4 8 7 7 2 5 4 9 8 12 2 4 9 0
split_gain=1084.56 89.1487 37.7953 25.1771 18.8408 14.5752 12.5452 11.785 10.9785 9.41994 8.94523 7.90028 8.13722 7.20339 6.66098 6.01609 6.65606 5.60421 5.30147 5.25981 7.96162 5.12487 5.07429 5.16115 5.04377 5.01173 4.91776 4.81876 5.17493 4.79991
threshold=0.74342104792594921 0.092612084001302733 0.86190477013587963 0.87083333730697643 0.75000000000000011 0.65686276555061351 0.13415796309709552 0.03637566231191159 0.04446640424430371 0.062644902616739287 0.69050639867782604 0.79285714030265819 0.13722944259643557 0.012270400300621988 0.38520015776157385 0.44142690300941473 0.77350428700447094 1.0500000119209292 0.81479325890541088 0.74365040659904491 0.66603633761405956 0.69036453962326061 0.91987180709838878 0.76414328813552868 0.75000000000000011 0.022991543635725979 0.59076350927352916 0.81534090638160717 0.65648442506790172 0.69126561284065258
decision_type=2 2 2 2 2 2 2 2 2 2 2 2 2 2 2 2 2 2 2 2 2 2 2 2 2 2 2 2 2 2
left_child=4 2 7 8 5 -1 -5 15 -3 17 -10 12 21 -11 -7 16 -2 19 24 20 -4 -12 23 26 -9 -17 -15 28 -26 -24
right_child=1 3 9 6 -6 14 -8 18 10 13 11 -13 -14 22 -16 25 -18 -19 -20 -21 -22 -23 29 -25 27 -27 -28 -29 -30 -31
leaf_value=-0.052616942521427207 -0.046837218083311129 0.0084598072957634048 -0.038461959372240437 0.033024793106415234 -0.051131489521808564 -0.016855602696478827 0.048932794297848109 -0.03681819474068411 0.038900227445980103 0.07163503443627546 -0.050857226893627663 0.02620039983490749 0.024704813330245018 -0.020559368027486501 0.036869422359854888 -0.021646936608017416 -0.012918303174690789 0.018585208094445926 -0.043760338686920107 -0.021521744362813598 0.021148250161934064 -0.00020278793000315766 0.044472695462367477 0.0056435657549643537 0.038471233224840411 0.034642143745176365 0.028822354694902044 0.013022234809948281 -0.0089434410813155566 0.013684408565819704
leaf_weight=15.628298975178039 16.574380582751473 93.507223880122183 6.9208603308070442 290.26620053127408 728.57630752833938 11.577420251385776 216.27455377392471 6.5743984796572468 119.80983809684403 8.6118895672261697 7.9603665424510863 223.64591593155637 21.083830715040676 5.3330736570060244 11.500135118141769 6.1949020561296519 113.5655592539697 81.596501414198428 5.44150083255954 21.283397008199245 29.381863391026855 13.396564993076025 48.643021678552032 44.917588823474944 6.4335778916720292 10.933668541838413 92.270322440192103 133.68908270285465 54.532012217998272 17.11252713855356
leaf_count=3880 3648 988 152 962 215250 1007 978 107 601 17 62 883 132 20 109 170 4913 634 105 284 269 214 171 221 40 158 408 699 1164 74
internal_value=8.41396e-12 0.0223158 0.00880711 0.0320439 -0.0493256 -0.0153324 0.0398169 -0.00276362 0.0238309 0.0203086 0.0275555 0.0224473 0.00266992 0.0268233 0.00991695 -0.0135719 -0.0172382 0.0101566 0.00493808 -0.00178638 0.00978398 -0.0190832 0.0249705 0.0196694 0.00625495 0.014284 0.0261241 0.00770973 -0.00393986 0.0364602
internal_weight=2463.24 1695.95 710.01 985.944 767.282 38.7059 506.541 353.939 479.404 356.071 385.897 266.087 42.4408 216.888 23.0776 147.269 130.14 139.183 206.671 57.5861 36.3027 21.3569 208.277 142.521 201.229 17.1286 97.6034 194.655 60.9656 65.7555
internal_count=238320 18074 13254 4820 220246 4996 1940 11004 2880 2250 1892 1291 408 911 1116 8889 8561 1339 2115 705 421 276 894 649 2010 328 428 1903 1204 245
is_linear=0
shrinkage=0.05


Tree=39
num_leaves=31
num_cat=0
split_feature=4 13 4 4 8 4 12 11 13 4 0 13 13 3 12 9 13 6 2 1 6 11 12 7 11 2 8 2 1 11
split_gain=989.617 82.4654 35.166 23.1098 18.2925 13.7554 12.2562 11.1133 9.62405 8.43543 9.60326 8.16164 6.75765 7.07371 6.2007 5.60264 5.5558 5.22734 7.23403 7.36902 6.43896 6.2013 5.15427 5.06089 5.00082 4.94525 4.90743 4.65207 4.56362 4.84349
threshold=0.74342104792594921 0.092612084001302733 0.87867647409439098 0.87083333730697643 0.75000000000000011 0.65686276555061351 0.087121214717626586 0.03637566231191159 0.15362762659788134 0.81534090638160717 0.61646610498428356 0.062644902616739287 0.027631764300167564 0.44142690300941473 0.042572464793920524 0.75323668122291576 0.1461489871144295 0.8014412820339204 0.66982141137123119 0.71100285649299633 0.71529537439346325 0.074175827205181136 0.012270400300621988 0.76870086789131176 0.042572464793920524 0.67706015706062328 1.2500000000000002 0.6333959996700288 0.77144718170166027 0.057189542800188072
decision_type=2 2 2 2 2 2 2 2 2 2 2 2 2 2 2 2 2 2 2 2 2 2 2 2 2 2 2 2 2 2
left_child=4 2 7 8 5 -1 16 12 9 10 -3 27 -2 25 -7 -9 17 18 19 21 -20 23 -13 -5 -11 -14 -24 -4 -26 -30
right_child=1 3 11 6 -6 14 -8 15 -10 24 -12 22 13 -15 -16 -17 -18 -19 20 -21 -22 -23 26 -25 28 -27 -28 -29 29 -31
leaf_value=-0.052653582445710272 0.041994402445971128 0.044540011819959133 -0.028216206371679733 0.026077726636258954 -0.051070781966825796 -0.033060824630809942 0.050054264825822328 0.011533994660617324 0.039589628572460234 0.0098597780689205633 0.0027633265448020407 0.073610944354390709 -0.037249439059866274 0.014952198250450674 0.02583714127639182 -0.004760025265309953 0.054419499780457736 0.012430338289097995 0.058897406027225756 -0.0236342354562286 0.034462154180668329 -0.021512588316791086 0.021409684657373196 0.074655324537776541 0.031148576679053509 -0.012914082936463506 0.040416449870418564 0.013603962728215513 0.023594032981454183 -0.016626801229216708
leaf_weight=14.659435319073962 5.6834203095640978 15.985622727603184 7.0752475857734671 52.979801634326577 673.82292027640506 6.164032814907844 162.2820893516764 145.01149997231551 74.420802192238625 46.161786018172279 98.623800733374082 5.9927408993244162 25.74503953466774 19.132653087261133 16.247545495745726 82.925627554999664 28.040237551555037 33.162355065345764 32.853244168683887 8.4533571377396566 150.29958075471222 6.2164355032145968 128.06275033019483 5.9653006792068473 183.70327109191567 110.38910410279641 46.216973785310984 110.61421887297183 25.193486489355564 10.648891557008026
leaf_count=3880 78 103 96 212 215250 851 840 1164 342 321 1143 13 2499 348 265 1084 106 97 124 32 490 20 557 19 811 6308 180 927 105 55
internal_value=-1.75704e-10 0.021561 0.00840652 0.0312244 -0.0491895 -0.0149947 0.0388735 -0.00149653 0.0231461 0.0199285 0.0085903 0.0213316 -0.0115552 -0.0135154 0.00963797 0.00560608 0.0331672 0.0311118 0.0335246 0.0202868 0.0388453 0.0259847 0.0280178 0.0309938 0.024819 -0.0175163 0.0264501 0.0110898 0.0279644 0.0116443
internal_weight=2332.73 1621.84 686.849 934.99 710.894 37.071 480.252 388.887 454.738 380.317 114.609 297.962 160.95 155.267 22.4116 227.937 317.97 289.93 256.768 73.6149 183.153 65.1615 180.272 58.9451 265.707 136.134 174.28 117.689 219.546 35.8424
internal_count=238320 18074 13254 4820 220246 4996 1940 11481 2880 2538 1246 1773 9233 9155 1116 2248 1100 994 897 283 614 251 750 231 1292 8807 737 1023 971 160
is_linear=0
shrinkage=0.05


Tree=40
num_leaves=31
num_cat=0
split_feature=4 13 4 4 8 11 4 11 13 3 8 11 9 0 9 8 1 5 13 3 3 6 12 11 4 0 0 2 7 8
split_gain=900.908 80.8601 37.5581 20.4558 17.8255 14.2102 12.6718 11.09 9.38411 6.11319 5.69314 6.61561 7.64852 6.30879 5.58256 5.46408 9.42835 5.45138 5.35119 5.16404 4.91311 4.62441 4.45782 4.70765 4.69241 4.91554 7.29699 5.36487 4.50397 4.42908
threshold=0.74342104792594921 0.11144183948636056 0.85164836049079906 0.87867647409439098 0.75000000000000011 0.03637566231191159 0.65686276555061351 0.037749288603663451 0.15362762659788134 0.38520015776157385 0.94999998807907116 0.051315790042281158 0.72141143679618847 0.58876127004623424 0.80625501275062572 1.1500000357627871 0.79919186234474193 0.70227736234664928 0.027631764300167564 0.44142690300941473 0.4656063467264176 0.74317106604576122 0.032795699313282974 0.057189542800188072 0.81534090638160717 0.5288124978542329 0.51592558622360241 0.65417018532753002 0.6933099925518037 0.94999998807907116
decision_type=2 2 2 2 2 2 2 2 2 2 2 2 2 2 2 2 2 2 2 2 2 2 2 2 2 2 2 2 2 2
left_child=4 2 5 8 6 19 -1 18 15 -8 11 12 13 -9 22 16 20 -14 -4 -2 -3 -21 24 -24 25 26 -7 -27 -29 -30
right_child=1 3 7 -5 -6 14 9 10 -10 -11 -12 -13 17 -15 -16 -17 -18 -19 -20 21 -22 -23 23 -25 -26 27 -28 28 29 -31
leaf_value=-0.052463377245564095 -0.016932101257083745 0.013549361166549263 0.053363113851846881 0.043653929517536508 -0.051015439173970792 -0.018913624143024537 -0.017080182037800078 -0.008710319551394544 0.040994938021386242 0.035883741308561944 0.02710261061450582 0.034126153592419287 -0.060396584361292409 0.049915757998415473 -0.035793872605117814 0.028981443513384844 -0.04669098913550826 -0.0054418067937205827 0.0056315381103910047 -0.0043740846127069506 0.039922710990462108 0.051303406770200621 0.012112143963232069 0.048079085402330829 0.0087983273294185496 -0.066234592172143614 0.060354476409641311 0.017637569501879412 -0.0055622470923747313 -0.053618995453866995
leaf_weight=13.563342738721984 124.64455789836211 117.59744346048683 6.1461816485971204 302.17369680292904 622.2357014631998 6.4546003182185796 11.024911737244112 8.4789427032228577 80.229468680685386 10.770596180576829 311.83649234846234 19.921969478949904 6.1669313767924931 10.001984382048247 7.5283831972628823 130.25038819457404 5.9652109611779442 16.823121668305248 131.5782616387587 13.059799834387379 20.779288499150425 5.2200269044842562 96.560542846433236 10.044164378894491 82.302612132858485 5.4536842217203221 5.2767336926190183 8.8015034414711426 11.642294986522758 8.1514275190129393
leaf_count=3880 8660 587 15 1393 215250 164 1007 55 380 109 1135 78 54 33 288 878 54 92 1747 250 86 83 692 53 506 127 34 105 135 390
internal_value=-4.63458e-11 0.0207696 0.0110007 0.0340936 -0.0490531 -0.000789604 -0.0145196 0.0198879 0.0259518 0.00909278 0.0243626 0.0104451 -0.000930951 0.0230185 0.00658794 0.0215565 0.0148565 -0.0201831 0.00776164 -0.0132924 0.0175097 0.0115253 0.00794748 0.0155009 0.00166069 -0.0111712 0.016741 -0.0207882 -0.0121206 -0.0253529
internal_weight=2210.68 1553.09 896.094 656.995 657.595 385.14 35.3589 510.954 354.822 21.7955 373.229 61.3929 41.471 18.4809 242.216 274.592 144.342 22.9901 137.724 142.924 138.377 18.2798 234.688 106.605 128.083 45.7802 11.7313 34.0489 28.5952 19.7937
internal_count=238320 18074 14696 3378 220246 11487 4996 3209 1985 1116 1447 312 234 88 2494 1605 727 146 1762 8993 673 333 2206 745 1461 955 198 757 630 525
is_linear=0
shrinkage=0.05


Tree=41
num_leaves=31
num_cat=0
split_feature=4 13 4 4 8 11 4 13 13 8 12 11 11 12 9 12 8 0 5 9 6 13 13 4 9 3 2 9 7 2
split_gain=819.247 72.7266 35.1135 19.4424 17.6306 12.4253 12.133 10.0389 8.97774 6.09973 7.12544 5.68704 5.06779 7.17764 5.07162 4.92039 6.09323 4.86535 8.93255 4.6217 4.60444 7.35718 6.42256 4.77703 4.58136 4.56152 4.53953 5.15792 9.63248 4.47499
threshold=0.74342104792594921 0.11144183948636056 0.85164836049079906 0.87867647409439098 0.75000000000000011 0.03637566231191159 0.65686276555061351 0.062644902616739287 0.15362762659788134 0.75000000000000011 0.012270400300621988 0.03637566231191159 0.074175827205181136 0.054093567654490478 0.73692849278450023 0.087121214717626586 1.3499999642372134 0.77560177445411693 0.73000267148017894 0.80625501275062572 0.79984620213508617 0.07095737382769586 0.095617286860942854 0.92582416534423839 0.69091796875000011 0.38520015776157385 0.6333959996700288 0.81744158267974865 0.80496168136596691 0.59251210093498241
decision_type=2 2 2 2 2 2 2 2 2 2 2 2 2 2 2 2 2 2 2 2 2 2 2 2 2 2 2 2 2 2
left_child=4 2 5 8 6 -2 -1 26 12 -9 -11 -8 24 14 -14 16 17 -5 -19 -7 23 -22 -23 -12 29 -13 -4 -28 -29 -3
right_child=1 3 7 15 -6 19 11 9 -10 10 20 25 13 -15 -16 -17 -18 18 -20 -21 21 22 -24 -25 -26 -27 27 28 -30 -31
leaf_value=-0.052622498322954736 -0.012798902556079876 0.0072445816552439719 -0.027784659401436831 0.036565520756849837 -0.050963639244244796 0.0073242741627644985 -0.032482013671589066 -0.020580186038230728 0.040053695875992786 0.069976161870236281 0.022909512475108248 -0.0089211528668065986 0.047660673332730989 -0.046341833813776163 -0.016520741894005684 0.050078427841940693 0.06202789223227393 -0.038013197136448108 0.03628565308776887 -0.033541885805927422 -0.04051132391343229 0.034247207296467699 -0.011286088699690139 0.039289893840655343 0.019436273943128728 0.047079670161145351 0.013263346125076772 -0.071263506401314264 0.025584681855900474 0.04746715116230775
leaf_weight=12.624050818092654 139.47579638417665 8.9957431193906796 8.1521169852931035 122.79968970641494 574.46273422729428 225.74084979415056 5.8848904484184485 7.5055228145793071 75.577892050496303 8.5797791182994825 235.13414960959926 5.9420971533982074 6.684957791585477 6.632169355521909 5.7046092141536064 124.36345138400793 20.886399909853935 6.5080015957355526 10.690255057066677 7.1372789761517188 6.5610840087756506 20.96207508072257 12.282040268182753 54.901733281090856 203.73996061272919 9.3708813008852285 130.99843450891785 5.2091813320294005 5.0625456003472209 29.895897572860122
leaf_count=3880 8993 55 180 486 215250 2206 834 84 380 19 1041 242 26 48 52 764 92 17 34 288 46 101 47 209 1269 40 1303 111 68 155
internal_value=-3.49699e-10 0.01996 0.0106043 0.0330013 -0.0488982 -0.000996759 -0.0138163 0.0193249 0.0248743 0.024003 0.0249918 0.00929407 0.0204897 -0.00436247 0.0181092 0.0426093 0.0368357 0.0330773 0.00817019 0.0060718 0.0238217 0.00787531 0.0174249 0.0260102 0.0224381 0.0253489 0.00849454 0.0105881 -0.0235307 0.0381636
internal_weight=2098.47 1490.18 867.703 622.479 608.285 372.354 33.8219 495.349 337.231 345.926 338.421 21.1979 261.653 19.0217 12.3896 285.248 160.884 139.998 17.1983 232.878 329.841 39.8052 33.2441 290.036 242.632 15.313 149.422 141.27 10.2717 38.8916
internal_count=238320 18074 14696 3378 220246 11487 4996 3209 1985 1547 1463 1116 1605 126 78 1393 629 537 51 2494 1444 194 148 1250 1479 282 1662 1482 179 210
is_linear=0
shrinkage=0.05


Tree=42
num_leaves=31
num_cat=0
split_feature=4 13 4 4 8 4 11 11 13 13 8 11 13 8 7 9 0 0 8 4 7 9 0 11 7 9 3 12 7 3
split_gain=745.263 64.4846 34.3302 19.974 17.7872 11.7597 10.6372 10.4098 6.93725 6.92658 6.56141 6.34537 5.57043 5.40507 5.04098 5.01566 5.40883 6.98485 6.2971 5.00571 5.11679 4.57429 4.47804 5.16369 5.13613 4.8175 4.46715 4.34061 6.64327 4.31215
threshold=0.74342104792594921 0.11144183948636056 0.85164836049079906 0.87083333730697643 0.75000000000000011 0.65686276555061351 0.042572464793920524 0.039230769500136382 0.058323483914136894 0.13415796309709552 1.1500000357627871 0.03637566231191159 0.17803030461072925 0.75000000000000011 0.77043777704238903 0.76544973254203807 0.72501832246780407 0.57014870643615734 1.0500000119209292 0.81534090638160717 0.77498224377632152 0.82103106379508983 0.70554029941558849 0.011173533275723459 0.6579500436782838 0.74440187215805065 0.38520015776157385 0.021980676800012592 0.73533678054809581 0.33523347973823553
decision_type=2 2 2 2 2 2 2 2 2 2 2 2 2 2 2 2 2 2 2 2 2 2 2 2 2 2 2 2 2 2
left_child=4 2 7 12 5 -1 15 21 14 10 -5 -7 19 -8 -9 -4 17 -17 -19 29 -21 22 23 -2 -25 27 -13 -26 -29 -3
right_child=1 3 6 9 -6 11 13 8 -10 -11 -12 26 -14 -15 -16 16 -18 18 -20 20 -22 -23 -24 24 25 -27 -28 28 -30 -31
leaf_value=-0.053011782242457464 0.033984507021110742 0.0042797720640652456 0.017150516870501162 0.024277361721426707 -0.050914593393039255 -0.034212856382823363 -0.024540205899727649 -0.043256207196145285 0.0086673529676038578 0.047979443176679765 0.046947355679064461 -0.0079893800542927603 0.048846679255890979 0.026277493772005518 0.014935176887104499 0.035016625273810865 0.020661458194982274 -0.042874430842237209 -0.0034401994824885917 0.029730106765401831 0.010322242061389913 -0.055742270247240558 0.0085660411817877254 -0.050705908091411636 0.011624532521707618 -0.023551283928058039 0.047941627476517423 0.00026781406588662087 -0.054323025996012742 0.031628964000948966
leaf_weight=11.802832950663285 5.4280599322519256 63.952295769704506 112.56794386846013 86.093793171457946 530.80747882641299 5.997998041566464 5.333442664705216 11.597808919847013 192.56994673701411 161.16173032019287 50.722393892705441 5.778416267829015 18.819990410935134 276.54865815117955 5.480245816288515 8.5305007728748006 25.05886806640774 13.718901818152515 38.629161972552538 145.29978382494301 44.320166443008929 5.5469979354529633 27.870346263895044 9.7153554412361682 27.584174990144675 51.977713297994342 9.3408834934234601 17.732088291319091 8.1271511727682064 18.605794658302329
leaf_count=3880 202 616 1052 308 215250 834 39 250 1657 978 243 242 115 1058 97 97 183 320 460 831 192 732 997 933 1502 3820 40 798 499 95
internal_value=-3.1848e-11 0.0191593 0.0102989 0.0318563 -0.0487028 -0.013039 0.0190723 -0.00129145 0.00595876 0.0409556 0.0326819 0.00930245 0.0225388 0.025316 -0.0245829 0.0102062 0.00110988 -0.00693796 -0.0137748 0.0207197 0.0251939 -0.0111627 -0.00949675 -0.0136722 -0.015919 -0.0127131 0.0265655 -0.00217219 -0.0168892 0.0104434
internal_weight=1996.72 1432.99 844.017 588.976 563.728 32.9201 480.387 363.63 209.648 297.978 136.816 21.1173 290.998 281.882 17.0781 198.505 85.9374 60.8786 52.3481 272.178 189.62 153.982 148.435 120.565 115.136 105.421 15.1193 53.4434 25.8592 82.5581
internal_count=238320 18074 14696 3378 220246 4996 3209 11487 2004 1529 551 1116 1849 1097 347 2112 1060 877 780 1734 1023 9483 8751 7754 7552 6619 282 2799 1297 711
is_linear=0
shrinkage=0.05


Tree=43
num_leaves=31
num_cat=0
split_feature=4 13 4 4 13 13 2 8 9 4 8 12 11 4 2 9 11 8 3 11 7 12 6 3 2 6 11 11 6 8
split_gain=677.77 68.1746 30.9797 24.5201 15.176 10.1551 8.5688 7.71826 9.06544 7.55363 9.39917 6.73464 10.4734 8.44794 6.0763 6.19433 5.78737 5.5546 5.46073 5.26578 5.68811 5.06506 4.89994 4.77514 4.69347 6.87519 5.9787 4.51473 4.32021 6.12069
threshold=0.71008405089378368 0.076298922300338759 0.87083333730697643 0.87083333730697643 0.13415796309709552 0.15362762659788134 0.59251210093498241 1.1500000357627871 0.73692849278450023 0.79285714030265819 1.0500000119209292 0.039230769500136382 0.011173533275723459 0.74342104792594921 0.64255923032760631 0.74440187215805065 0.04446640424430371 0.65000000596046459 0.33523347973823553 0.035098522901535041 0.78301003575325023 0.016001024283468727 0.76914700865745556 0.47417345643043524 0.73191422224044811 0.70568695664405834 0.026671408675611023 0.019419306889176372 0.71447050571441661 0.94999998807907116
decision_type=2 2 2 2 2 2 2 2 2 2 2 2 2 2 2 2 2 2 2 2 2 2 2 2 2 2 2 2 2 2
left_child=17 3 5 11 6 9 -4 8 -5 10 18 12 -2 -14 -15 -16 -9 -1 -3 24 23 -18 -7 -21 25 -8 -26 -11 29 -29
right_child=1 2 4 7 -6 22 19 16 -10 27 -12 -13 13 14 15 -17 21 -19 -20 20 -22 -23 -24 -25 26 -27 -28 28 -30 -31
leaf_value=-0.012189963144772201 0.062455409901609187 -0.0018130495315885461 -0.012570752091142307 0.022883776845152141 0.047366412449234847 0.042453806851948273 0.021315929720050829 0.015640526429435139 -0.0042031461974500446 -0.022061541436116199 -0.055144626504714828 -0.044669484049026653 -0.052329074940076936 -0.031351196385088452 0.0068186510438892943 -0.011766256080340784 0.014629773507780634 -0.050929327724485551 0.031698265583189715 0.026178536444440695 0.045144104561590792 0.058177603372170907 0.0084252580600373533 0.055505331439579059 0.052073120593132419 -0.05592619646401617 -0.013550346868657033 -0.016862446088744546 0.01319864720903504 0.027904100226020308
leaf_weight=9.4321912150189728 5.2242458523614905 59.203331606113352 12.400208215229211 51.353692828211933 150.56989513710141 48.936124497617129 6.0441194269806164 47.110074706375599 77.514777580276132 7.3219932432402848 7.0987410972811622 12.895171710129942 10.78323727231327 22.677376530977199 77.599574097293953 106.18491393710428 9.999343868345024 487.36102444021526 15.29759530443698 213.42566788755357 62.181559930555522 20.097301688045263 13.496682523516936 14.845743201673029 9.1136758709326369 5.5043926993384957 5.6055815853178492 8.169935926795004 206.90198617463466 116.70772086759098
leaf_count=1410 101 747 69 450 978 326 36 397 776 169 1987 1710 4087 1325 2369 4881 51 212877 83 853 217 78 63 65 39 56 39 53 1261 767
internal_value=1.01249e-10 0.0177573 0.025217 0.00148703 0.0342179 0.0162802 0.0282026 0.0140807 0.00659091 0.0134876 -0.000170206 -0.00953947 -0.0075032 -0.00918554 -0.00693221 -0.00391913 0.0265822 -0.0501938 0.00506797 0.0297989 0.0317377 0.0437092 0.0350975 0.0280858 0.00836067 -0.0155002 0.0270815 0.0167742 0.0176312 0.0249753
internal_weight=1901.06 1404.26 962.825 441.44 479.691 483.134 329.121 206.075 128.868 420.701 81.5997 235.365 222.469 217.245 206.462 183.784 77.2067 496.793 74.5009 316.721 290.453 30.0966 62.4328 228.271 26.2678 11.5485 14.7193 339.102 331.78 124.878
internal_count=238320 24033 7808 16225 2352 5456 1374 1752 1226 5067 2817 14473 12763 12662 8575 7250 526 214287 830 1305 1135 129 389 918 170 92 78 2250 2081 820
is_linear=0
shrinkage=0.05


Tree=44
num_leaves=31
num_cat=0
split_feature=4 13 4 4 13 13 11 11 8 13 11 4 0 6 8 11 1 12 6 9 3 4 8 6 13 12 12 11 12 11
split_gain=619.582 61.4336 29.9197 22.628 10.5599 7.87573 7.46375 7.24995 6.97861 6.94738 5.81864 5.7041 6.3992 6.61056 5.64033 5.6051 4.85126 4.61044 4.51196 7.34089 4.35331 5.404 4.55648 4.18009 4.02403 8.28156 4.58665 3.9674 3.94438 3.92404
threshold=0.71008405089378368 0.092612084001302733 0.87867647409439098 0.87083333730697643 0.13415796309709552 0.15362762659788134 0.030776515603065494 0.0098524559289217013 1.2500000000000002 0.047908006235957153 0.017700501717627052 0.77350428700447094 0.55503088235855114 0.70979848504066478 0.65000000596046459 0.025978407822549347 0.81489726901054393 0.080128207802772536 0.73617637157440197 0.75068107247352611 0.42452006042003637 0.81534090638160717 1.0500000119209292 0.76914700865745556 0.061508860439062125 0.012270400300621988 0.016807910054922107 0.046536797657608993 0.014815627597272398 0.024099883623421196
decision_type=2 2 2 2 2 2 2 2 2 2 2 2 2 2 2 2 2 2 2 2 2 2 2 2 2 2 2 2 2 2
left_child=14 2 6 5 -5 10 7 -2 24 -8 -3 -9 -13 -14 -1 -15 -12 -7 -6 -20 21 22 28 -19 -4 -26 -27 -22 -11 -10
right_child=1 3 8 4 18 17 9 11 29 20 16 12 13 15 -16 -17 -18 23 19 -21 27 -23 -24 -25 25 26 -28 -29 -30 -31
leaf_value=-0.011394121138545339 0.037039952998633503 -0.037418292969096281 0.0052923382122899718 0.028900551472942307 0.053495818378856821 0.00091396914720399351 -0.044504111901796713 -0.039806027823980961 -0.0065364898715654573 -0.038481075706303575 0.016894600253083619 0.012570747902249095 -0.056306292912745505 -0.0063337475672977555 -0.050866422557388637 -0.048114178671796272 -0.021132991746406465 0.048253075647206246 -0.0125783786678041 0.042151641054737891 0.04058432407425857 0.0058105547793263195 -0.053209152131460373 0.013847603184277061 0.07505069772803076 -0.029867757784776419 0.018735658573338958 -0.011604488084166826 -0.0010910575065406971 0.037905636066847583
leaf_weight=9.2354883088119077 6.5298971718875682 5.2157763420254915 82.07287606690079 227.0651297615841 85.793795105069876 8.5810164316499122 8.0455976171506318 22.343909100753081 5.4964781925082198 8.5174245457164925 301.05228835198795 21.064625526312739 10.08048389884061 52.944911819402478 451.17705777550873 9.4620825680613034 8.6271446354221535 39.38275750115281 7.029478605836629 47.714656417258084 13.206265376647936 143.06318736670073 6.1312565686093867 11.378912397660313 6.3911385517567387 5.0835291864350429 107.5180423790589 5.0280713168904176 41.040028695366345 51.549952974077314
leaf_count=1410 252 192 840 962 678 72 753 7038 66 226 2845 896 770 2393 212877 499 164 271 36 264 116 1149 1900 46 15 30 547 31 707 275
internal_value=-1.4314e-10 0.0171106 0.00529388 0.0267566 0.0355676 0.0181019 -0.00428511 -0.0142205 0.0181887 0.0011201 0.0149531 -0.0171086 -0.0116876 -0.018737 -0.0500746 -0.0126685 0.0158352 0.0348106 0.0463394 0.035124 0.00281179 0.000666664 -0.0125479 0.0405406 0.0138094 0.019684 0.0165414 0.0261934 -0.00751727 0.0336236
internal_weight=1807.82 1347.41 605.57 741.841 367.603 374.238 347.458 122.426 258.112 225.032 314.895 115.896 93.5521 72.4875 460.413 62.407 309.679 59.3427 140.538 54.7441 216.986 198.752 55.6887 50.7617 201.066 118.993 112.602 18.2343 49.5575 57.0464
internal_count=238320 24033 18503 5530 1940 3590 16730 11848 1773 4882 3201 11596 4558 3662 214287 2892 3009 389 978 300 4129 3982 2833 317 1432 592 577 147 933 341
is_linear=0
shrinkage=0.05


Tree=45
num_leaves=31
num_cat=0
split_feature=4 13 4 4 13 13 9 8 8 4 0 13 6 9 4 8 6 3 9 13 12 12 9 13 13 1 0 11 11 7
split_gain=569.523 54.3444 26.2144 21.8458 8.67203 8.13082 6.77052 6.56717 5.68619 5.04794 8.80242 4.88612 4.8269 7.81915 4.69997 9.18711 4.27294 4.233 4.20458 4.16172 6.40862 4.03925 3.95704 6.59819 4.20088 3.87854 3.8341 3.72253 6.68207 3.55
threshold=0.71008405089378368 0.092612084001302733 0.87867647409439098 0.87083333730697643 0.13415796309709552 0.15362762659788134 0.76059234142303478 1.2500000000000002 0.65000000596046459 0.81534090638160717 0.61646610498428356 0.033494146540761001 0.73617637157440197 0.75068107247352611 0.81534090638160717 1.0500000119209292 0.76914700865745556 0.3996096551418305 0.82103106379508983 0.061508860439062125 0.012270400300621988 0.087121214717626586 0.76251298189163219 0.07095737382769586 0.080126214772462859 0.78862401843070995 0.69462543725967418 0.064583335071802153 0.057189542800188072 0.79050070047378551
decision_type=2 2 2 2 2 2 2 2 2 2 2 2 2 2 2 2 2 2 2 2 2 2 2 2 2 2 2 2 2 2
left_child=8 2 6 5 29 9 14 19 -1 10 -3 -8 -6 -14 15 17 -7 -2 -13 -4 -21 -18 -22 25 -25 -24 -9 28 -15 -5
right_child=1 3 7 4 12 16 11 26 -10 -11 -12 18 13 27 -16 -17 21 -19 -20 20 22 -23 23 24 -26 -27 -28 -29 -30 -31
leaf_value=-0.010908259834949516 -0.007111374507369689 0.040685255782974411 0.00445671385810412 0.025749290634889156 0.052628522073752695 0.042067431819933374 -0.05128746669419379 0.039170305910167458 -0.050826757059230114 0.018405162682712594 -0.0014677541691774639 -0.0081627494521167784 -0.01500052712280233 0.041697376917100785 0.0069645526794448742 -0.05200017923465329 0.039474794581162126 0.026290897497614873 -0.046443498722931256 0.071112217944733852 0.023990150186551144 -0.017047728865098307 -0.058387217091349121 0.037285902643859302 -0.00085891148425438579 -0.0020648650279296225 0.0058734657234979695 0.055128496234277326 -0.021786061454624975 0.042806949962490785
leaf_weight=9.1149012731329986 59.387307869154029 14.495230613101738 80.947107158135623 183.50401345919818 78.963916899636388 43.45598233435885 8.0321192751434847 44.361122887581587 419.32402677563732 203.89415080030449 85.058010295237182 101.16119450048427 7.2837193720042697 17.339804658666257 135.7380147234071 10.452087366968042 5.8840821213962027 11.287797682161907 7.7204479951760723 5.6641749879345289 67.998657661024481 6.8294359578285366 5.3056992897763831 13.927168077789249 14.982905535027383 7.2109550638124347 10.738493950106202 22.701671914197505 5.4471996948122969 36.582877388224006
leaf_count=1410 2239 183 840 835 678 326 1115 258 212877 1292 1726 5724 36 129 1798 4687 31 129 1038 15 348 32 42 72 75 40 83 106 29 127
internal_value=-7.27484e-11 0.0165173 0.00522695 0.0257998 0.0346579 0.0171336 -0.00395465 0.01743 -0.0499775 0.013899 0.00466984 -0.0136534 0.0448043 0.0330969 0.00127399 -0.00824717 0.0346083 -0.00177657 -0.0108771 0.0131434 0.0192531 0.00911208 0.0165687 0.0043871 0.017517 -0.0259394 0.032681 0.0407983 0.0265218 0.0285846
internal_weight=1724.79 1296.36 584.915 711.44 351.823 359.617 333.779 251.136 428.439 303.447 99.5532 116.914 131.736 52.7724 216.865 81.1272 56.1695 70.6751 108.882 196.037 115.09 12.7135 109.425 41.4267 28.9101 12.5167 55.0996 45.4887 22.787 220.087
internal_count=238320 24033 18503 5530 1940 3590 16730 1773 214287 3201 1909 7877 978 300 8853 7055 389 2368 6762 1432 592 63 577 229 147 82 341 264 158 962
is_linear=0
shrinkage=0.05


Tree=46
num_leaves=31
num_cat=0
split_feature=4 13 4 4 13 13 11 7 8 3 4 2 6 9 4 0 5 6 11 11 13 3 0 5 11 4 11 8 6 13
split_gain=521.005 49.1436 24.1186 21.6004 7.81587 7.77247 7.04922 6.88833 5.76952 5.36511 8.00962 5.218 4.69561 6.54271 4.6411 7.63188 4.62411 4.55753 4.5159 7.71422 4.42887 4.40132 5.16136 4.39923 5.34754 6.94437 6.69878 4.63613 4.25859 3.91178
threshold=0.71008405089378368 0.092612084001302733 0.86190477013587963 0.87083333730697643 0.15362762659788134 0.13415796309709552 0.037749288603663451 0.80850389599800121 0.65000000596046459 0.3996096551418305 0.77350428700447094 0.59076350927352916 0.73617637157440197 0.75068107247352611 0.81534090638160717 0.61646610498428356 0.62323880195617687 0.79168477654457103 0.064583335071802153 0.057189542800188072 0.028731170110404495 0.47231765091419226 0.54580584168434154 0.73101377487182628 0.01835016813129187 0.92582416534423839 0.025978407822549347 1.0500000119209292 0.76914700865745556 0.071455165743827834
decision_type=2 2 2 2 2 2 2 2 2 2 2 2 2 2 2 2 2 2 2 2 2 2 2 2 2 2 2 2 2 2
left_child=8 2 7 4 14 -5 20 9 -1 10 16 -8 -7 -14 15 -3 -2 -18 19 -15 -4 22 -22 24 -24 26 -26 -25 -6 -13
right_child=1 3 6 5 28 12 11 -9 -10 -11 -12 29 13 18 -16 -17 17 -19 -20 -21 21 -23 23 27 25 -27 -28 -29 -30 -31
leaf_value=-0.010282428268652097 0.010453742834480202 0.037993828825466029 0.046474579573111935 0.028053780403562857 0.041305898305400643 0.051953293886270624 -0.027395222254525727 -0.040653474578850622 -0.050788842840216078 0.016619704370272062 -0.0025716296607114302 0.015079280838278529 -0.012024337961121866 0.041181451342148151 0.017271813928750625 -0.0019278562813332776 -0.051862929040105026 -0.0026852022096324627 0.055426943208902568 -0.025565643927992484 -0.042885124529621704 0.035332523208784959 -0.027636762783841379 -0.047830440529988 0.038855984616286005 0.068524795689202264 -0.010222016077897463 -0.0020582461349590319 0.0073113808774730839 0.029699826932867553
leaf_weight=8.9943054247414675 5.7489266536795212 14.008066764363319 5.8368526399135581 213.60742582008243 41.244448472745717 72.796591924503446 5.4303899928927413 13.122834124354993 388.65626286485713 29.372454892902169 213.3636417499074 92.135368766728789 7.1880455948412409 16.337687946856025 196.51512760296464 82.350419491041976 18.467383135110143 6.3247016368841278 22.066081006079912 5.8891821131110182 7.0748080452904096 8.7034153486601991 6.9034934990340835 7.0513528552837661 11.886379113420846 6.1967839552089563 16.751490463968366 25.676798349712044 11.862414975854334 90.871849243529141
leaf_count=1410 692 183 27 962 326 678 33 1263 212877 587 5645 486 36 129 1292 1726 6818 1248 106 29 205 54 149 178 148 41 195 338 63 396
internal_value=3.41751e-10 0.015805 0.0049753 0.0248461 0.0160645 0.0338381 0.015286 -0.00526773 -0.0498726 -0.0035685 -0.00599968 0.0209058 0.0437802 0.032223 0.0128644 0.00387574 -0.0299485 -0.0393172 0.0394037 0.0234963 0.00426433 0.00153425 -0.00207327 0.00180414 0.0125656 0.0205329 0.0101482 -0.01192 0.0337126 0.0223391
internal_weight=1652.43 1254.78 570.919 683.865 345.98 337.885 284.519 286.4 397.651 273.277 243.905 188.438 124.278 51.481 292.874 96.3585 30.541 24.7921 44.293 22.2269 96.0814 90.2445 81.5411 74.4663 41.7381 34.8347 28.6379 32.7282 53.1069 183.007
internal_count=238320 24033 18503 5530 3590 1940 2250 16253 214287 14990 14403 915 978 300 3201 1909 8758 8066 264 158 1335 1308 1254 1049 533 384 343 516 389 882
is_linear=0
shrinkage=0.05


Tree=47
num_leaves=31
num_cat=0
split_feature=4 13 4 4 13 13 8 9 8 2 13 12 0 0 9 4 13 0 7 12 13 7 7 7 0 1 0 11 12 1
split_gain=477.582 45.2907 23.3529 20.6956 8.61343 7.64878 7.58129 5.99848 5.8276 5.4701 5.29293 7.02473 5.66 8.94185 4.80223 6.74904 4.77496 4.37793 4.28276 5.07449 6.37852 7.79863 5.77418 5.98506 5.36863 4.95288 4.36706 6.23084 4.26411 4.22419
threshold=0.71008405089378368 0.092612084001302733 0.87083333730697643 0.87083333730697643 0.13415796309709552 0.17803030461072925 1.2500000000000002 0.76059234142303478 0.65000000596046459 0.59076350927352916 0.061508860439062125 0.012270400300621988 0.56271344423294078 0.58700990676879894 0.70792663097381603 0.81534090638160717 0.054848439991474159 0.73990127444267284 0.74055466055870067 0.064583335071802153 0.12695360928773883 0.78301003575325023 0.77755007147789013 0.76149046421051036 0.72811296582221996 0.7384631633758546 0.71936339139938366 0.042572464793920524 0.057189542800188072 0.73394000530242931
decision_type=2 2 2 2 2 2 2 2 2 2 2 2 2 2 2 2 2 2 2 2 2 2 2 2 2 2 2 2 2 2
left_child=8 2 7 5 -5 14 9 28 -1 -4 12 -12 16 -14 -3 17 -11 -16 26 24 21 -21 23 -22 -20 -24 27 -17 -2 -6
right_child=1 3 6 4 29 -7 -8 -9 -10 10 11 -13 13 -15 15 18 -18 -19 19 20 22 -23 25 -25 -26 -27 -28 -29 -30 -31
leaf_value=-0.009786480171873729 0.0014380918243336177 0.025481041343108621 -0.029343112005583167 0.026991534471071568 0.052275647785619932 0.050100469824739806 0.031186478991837376 -0.014984770821388228 -0.050754944458704057 0.029297535696692426 0.06724516208906596 0.016252848810051613 -0.049654808288413572 0.0028362610267624799 -0.013262173744855688 -0.03440068460008424 -0.017200821609366715 0.0111396826678323 0.014591378365229482 -0.047514402821792943 0.003200488920647906 0.019012098126317638 -0.047850486739732662 0.057150526068518608 0.067406585121216486 0.0071433974379730954 0.033892515055585645 0.020329897183051095 -0.042988278318846121 0.032954872905951615
leaf_weight=8.8943229078140558 181.35759949381463 67.737829607678577 8.1370503413490933 206.80245018098503 66.293654676526785 15.095446426421402 58.57651178073138 101.47864510941872 360.58916567376582 25.827903951518238 7.197270154953002 109.65904051531106 9.9958792835241166 43.07847494026646 40.467821950711368 6.278449826873838 7.0223859688267103 33.677161949817673 24.612164226360623 12.391174500808122 10.42986334860325 6.8352626052219412 5.5801540836691883 10.137231260538099 5.9807672491297117 15.374853609129785 47.757856240496039 30.282443974167109 5.5669524600816649 49.349487164057791
leaf_count=1410 8153 683 98 962 662 129 386 7707 212877 270 19 659 119 563 1052 62 50 572 133 86 80 71 28 55 25 83 352 179 479 316
internal_value=-1.11303e-10 0.0151599 0.00469062 0.0240761 0.0331025 0.0153262 0.0152731 -0.00519807 -0.0497687 0.0108536 0.0124666 0.0193935 0.00304617 -0.00704976 0.0136731 0.0104712 0.0193576 -0.00217868 0.0158106 0.00830955 -5.37002e-05 -0.0238633 0.0109711 0.0297917 0.0249165 -0.00750104 0.0239364 0.0109312 0.000114994 0.0440307
internal_weight=1582.47 1212.98 557.898 655.084 322.446 332.638 269.495 288.403 369.483 210.918 202.781 116.856 85.9246 53.0744 317.543 249.805 32.8503 74.145 175.66 91.3415 60.7485 19.2264 41.5221 20.5671 30.5929 20.955 84.3188 36.5609 186.925 115.643
internal_count=238320 24033 18503 5530 1940 3590 2164 16339 214287 1778 1680 678 1002 682 3461 2778 320 1624 1154 561 403 157 246 135 158 111 593 241 8632 978
is_linear=0
shrinkage=0.05


Tree=48
num_leaves=31
num_cat=0
split_feature=4 13 4 4 13 11 3 4 9 8 3 8 11 8 2 2 12 9 1 5 13 12 11 12 12 2 13 12 7 7
split_gain=439.124 44.4766 26.4904 15.1497 8.22267 7.61896 6.9861 7.54652 7.02254 5.8906 7.10262 5.80619 5.572 5.08068 4.94192 4.58645 4.45967 4.22634 4.12539 4.11565 4.07605 4.26621 4.03473 4.04108 4.01902 3.84581 3.86376 3.88698 5.4282 3.69853
threshold=0.71008405089378368 0.11144183948636056 0.86190477013587963 0.87867647409439098 0.15362762659788134 0.037749288603663451 0.3996096551418305 0.77350428700447094 0.75323668122291576 0.84999999403953563 0.40305048227310186 0.65000000596046459 0.020620748400688175 1.0500000119209292 0.61269831657409679 0.68864598870277416 0.080128207802772536 0.69091796875000011 0.79150468111038219 0.62323880195617687 0.071455165743827834 0.01835016813129187 0.04446640424430371 0.021507862955331806 0.069047622382640853 0.77522224187850963 0.11311327666044237 0.087121214717626586 0.6420501470565797 0.72415032982826244
decision_type=2 2 2 2 2 2 2 2 2 2 2 2 2 2 2 2 2 2 2 2 2 2 2 2 2 2 2 2 2 2
left_child=11 2 6 4 9 -4 7 13 12 10 24 -1 -9 18 -7 -10 -6 -11 19 -2 21 -16 23 -23 -3 26 -5 28 -28 -26
right_child=1 3 5 25 16 14 -8 8 15 17 -12 -13 -14 -15 20 -17 -18 -19 -20 -21 -22 22 -24 -25 29 -27 27 -29 -30 -31
leaf_value=-0.0097404664605513641 0.01301965240883516 -0.050396728475852276 0.0052504283961896641 0.070460935518935841 5.5799115596863386e-05 -0.0067909004465460015 0.017733055102372292 -0.020918732544435145 -0.047298615997464565 0.039299076330440469 0.029171874276609267 -0.050722843203599634 0.0076786458833026554 -0.051078592478161156 0.021806437411182898 -0.0088907092779692328 0.041585096982289876 0.01520811770993773 0.022458994559262469 -0.040217344770755926 0.027567341685321295 -0.056843289794245938 0.017765339359205014 -0.0011172534120210405 0.0079870868437461658 0.012773125084198859 -0.0093993008223759254 0.046490580442009218 0.034659721670951521 -0.037229397768291053
leaf_weight=8.8713521561003272 5.1058919606730404 6.78280085558072 106.97568012075499 9.5363449752330762 7.4791017634270238 14.928923167288302 37.505388185061747 19.278384030796587 8.3652505242498574 21.070507041644305 11.941232562996445 334.94248604459426 146.26333246659487 13.260901164627283 56.336421905085444 109.74300166039029 47.651904661208391 133.87668376756483 6.240026847110129 12.562618144642327 158.41268649697304 5.0032792612910297 13.144023947417734 9.3011447889730317 14.47439458128065 14.559330035001038 7.5759956231340757 73.062636570539325 90.502266572788358 6.5776195831131181
leaf_count=1410 275 62 1412 39 74 94 666 981 544 200 54 212877 2183 8466 301 3158 353 1415 199 1204 703 40 71 61 80 55 39 746 514 44
internal_value=-1.44997e-10 0.0146256 0.00696555 0.0270586 0.0189044 0.0164638 -0.00268586 -0.00507293 -0.00229696 0.014078 -0.00308616 -0.0496654 0.0043483 -0.0262571 0.0211291 -0.011611 0.0359512 0.0184841 -0.0124898 -0.0248328 0.0228501 0.013931 -0.00223279 -0.0206086 -0.016925 0.037494 0.0394861 0.0377601 0.0312564 -0.00614063
internal_weight=1511.33 1167.52 722.427 445.091 249.854 364.102 358.325 320.819 283.65 194.723 39.776 343.814 165.542 37.1694 257.126 118.108 55.131 154.947 23.9085 17.6685 242.198 83.7849 27.4484 14.3044 27.8348 195.237 180.677 171.141 98.0783 21.052
internal_count=238320 24033 20358 3675 2282 2682 17676 17010 6866 1855 240 214287 3164 10144 1270 3702 427 1615 1678 1479 1176 473 172 101 186 1393 1338 1299 553 124
is_linear=0
shrinkage=0.05


Tree=49
num_leaves=31
num_cat=0
split_feature=4 4 13 13 11 13 8 2 9 1 9 11 6 9 2 1 2 4 9 13 3 5 2 8 0 12 12 7 13 11
split_gain=402.448 40.5026 22.0016 18.7537 10.7764 6.34764 5.87444 5.36622 4.44597 4.26361 4.45722 4.07814 4.96188 5.39869 6.35785 4.8242 4.25635 4.03393 6.19692 3.91191 3.96695 3.79279 3.53747 3.68405 4.24637 3.80312 3.5575 3.53666 3.58649 5.74686
threshold=0.71008405089378368 0.87083333730697643 0.092612084001302733 0.13415796309709552 0.037749288603663451 0.17803030461072925 0.65000000596046459 0.59076350927352916 0.76059234142303478 0.73394000530242931 0.75068107247352611 0.042572464793920524 0.76219779253005993 0.71034249663352977 0.68810769915580761 0.76639592647552501 0.75217026472091686 0.81534090638160717 0.7189721167087556 0.068235181272029891 0.53658908605575573 0.69255232810974132 0.77522224187850963 0.84999999403953563 0.72198215126991283 0.031754031777381904 0.069047622382640853 0.62576499581336986 0.030029616318643097 0.020620748400688175
decision_type=2 2 2 2 2 2 2 2 2 2 2 2 2 2 2 2 2 2 2 2 2 2 2 2 2 2 2 2 2 2
left_child=6 2 8 4 -3 11 -1 -6 27 -5 -11 12 13 14 -4 17 -14 18 -13 -9 22 -15 23 25 -25 -21 -24 -2 -29 -30
right_child=1 3 5 9 7 -7 -8 19 -10 10 -12 15 16 21 -16 -17 -18 -19 -20 20 -22 -23 26 24 -26 -27 -28 28 29 -31
leaf_value=-0.0092905480477058575 -0.03049053268304034 0.0057248563952511317 -0.011481520969952077 0.05215397131077576 -0.0106959869591565 0.0484074517122055 -0.050688848848590463 0.014375622669498274 -0.014121924814014681 -0.0070801603845437825 0.037985100824902709 0.027222707527769421 0.042248624822523409 -0.003534186538159124 0.052976217722162613 0.0026947839074075615 -0.0028140153706771973 0.024937468895836746 -0.0059558097258892917 0.04237721370176481 0.069334530432693525 -0.044772605405065044 0.019391483154359908 0.027683735718142245 0.047337992148759625 -0.0036886744540551328 -0.025823161274002988 0.036002133650843531 -0.024328679940144756 0.0031165466091821891
leaf_weight=8.8123671930516121 9.4901358205097477 109.83674013568088 10.472084582055688 57.097624273970723 10.94304145593196 12.888891560258342 310.58208251653923 69.590498182922602 96.40076230125851 6.3999947011470786 38.454160225577652 25.256668240690487 10.868634267419113 10.411485429693132 6.0275631400290868 55.238797443947988 10.118768388492752 117.64791925996542 31.784349145105807 6.2423632494173971 5.6057656481862059 12.004268912947735 17.879687443375591 174.25598969077691 32.627410207875073 15.873990205116568 5.7492493689060202 6.9681339847156769 22.092946442026005 139.57389314482862
leaf_count=1410 721 1393 217 662 79 129 212877 405 7707 40 276 274 168 191 38 596 253 896 496 28 29 332 74 861 165 71 21 335 2701 4875
internal_value=-2.31512e-10 0.0140316 0.00477794 0.0237339 0.0193347 0.0140738 -0.0495466 0.0237473 -0.00547256 0.0430914 0.031555 0.0125469 0.000927068 -0.00964082 0.0120658 0.0155742 0.0205223 0.0196469 0.008735 0.0248971 0.0277325 -0.0256185 0.0268093 0.0287099 0.0307834 0.00931347 0.00839013 -0.000791552 0.000879794 -0.000634043
internal_weight=1447.2 1127.8 577.245 550.557 448.605 302.719 319.394 338.768 274.526 101.952 44.8542 289.831 59.9028 38.9154 16.4996 229.928 20.9874 174.689 57.041 327.825 258.234 22.4158 252.629 229 206.883 22.1164 23.6289 178.125 168.635 161.667
internal_count=238320 24033 19929 4104 3126 3590 214287 1733 16339 978 316 3461 1199 778 255 2262 421 1666 770 1654 1249 523 1220 1125 1026 99 95 8632 7911 7576
is_linear=0
shrinkage=0.05


Tree=50
num_leaves=31
num_cat=0
split_feature=4 13 4 4 11 13 9 3 4 8 11 9 8 2 9 6 8 7 11 4 12 6 11 1 4 11 1 3 11 13
split_gain=369.402 37.3741 23.0092 14.7856 6.86568 6.47122 6.19051 6.09714 6.35802 5.90424 5.44836 5.37471 4.76928 4.50817 6.64303 4.50563 4.30674 4.15536 3.84215 3.83641 5.36549 3.7836 3.95161 3.72733 3.83171 5.15467 3.54674 3.39142 4.27615 5.97416
threshold=0.71008405089378368 0.11144183948636056 0.86190477013587963 0.87867647409439098 0.037749288603663451 0.15362762659788134 0.82103106379508983 0.3996096551418305 0.77350428700447094 0.65000000596046459 0.048809524625539787 0.71447959542274486 1.0500000119209292 0.64454519748687755 0.760115146636963 0.74702754616737377 1.1500000357627871 0.77881920337677013 0.048809524625539787 0.92582416534423839 0.087121214717626586 0.74643582105636608 0.064583335071802153 0.75533530116081249 0.85164836049079906 0.020620748400688175 0.79150468111038219 0.47231765091419226 0.012270400300621988 0.034415148198604591
decision_type=2 2 2 2 2 2 2 2 2 2 2 2 2 2 2 2 2 2 2 2 2 2 2 2 2 2 2 2 2 2
left_child=9 2 6 5 27 16 7 8 12 -1 13 -12 26 -10 23 -9 17 -3 19 20 -5 -20 -23 24 25 -15 -2 28 -4 -30
right_child=1 3 4 18 -6 -7 -8 15 10 -11 11 -13 -14 14 -16 -17 -18 -19 21 -21 -22 22 -24 -25 -26 -27 -28 -29 29 -31
leaf_value=-0.0088530687004038724 -0.023208023288458383 0.0091496165937949986 0.034872231433059765 0.0091821177664848565 0.02009747860788396 0.033153789327789 -0.046864228683655119 0.0070514535344422717 -0.028271699177633461 -0.050662092777009948 0.03139967473798224 0.0010796203204443044 -0.051045590328469295 -0.033063630207502463 -0.015403758119240656 0.047323344721179772 0.021609939313815787 -0.026038481078489578 0.050623480079701758 0.049693961631847583 0.041404377435971834 0.016812144422125693 0.046753554917994176 0.02674678219061942 0.027003407111300778 0.0020833038183125413 0.021584554778326517 0.033509284184999322 -0.046247207757396776 0.0024346768147751174
leaf_weight=8.6990813624288403 16.580934861296559 92.203885967261158 8.9670375422574562 34.386685297824442 241.19166818261147 49.495823931094492 7.8029658208251922 26.17453829565784 19.932659365935251 288.32690746734625 21.463546209037304 45.815938774961978 11.304689950513419 12.312249580863861 68.340913581079803 9.4538347237394174 77.371690513828071 9.2297506045142637 60.743868820369244 15.157390719279645 20.694120857864618 22.642741281539202 21.46737775625661 16.037918957415968 11.99623961560428 68.309254222374875 6.0252520466456181 9.371078444644807 6.8395144804380825 80.196831086883321
leaf_count=1410 1382 799 69 186 1270 427 1276 491 846 212877 138 347 7912 718 2487 123 954 102 592 125 234 146 110 247 126 1407 176 57 187 1099
internal_value=1.40412e-10 0.0134532 0.00636922 0.0255371 0.0154458 0.017154 -0.00284069 -0.00181142 -0.00414771 -0.0494376 -0.00153175 0.0107523 -0.0245294 -0.00572852 -0.0031898 0.0177374 0.012725 0.00594775 0.0364677 0.0274181 0.0212882 0.0425298 0.0313839 0.00449239 0.000638761 -0.00328422 -0.0112694 0.00479873 0.00199624 -0.00139086
internal_weight=1388.54 1091.51 688.117 403.393 346.566 228.301 341.551 333.748 298.12 297.026 264.209 67.2795 33.9109 196.929 176.997 35.6284 178.805 101.434 175.092 70.2382 55.0808 104.854 44.1101 108.656 92.6177 80.6215 22.6062 105.374 96.0034 87.0363
internal_count=238320 24033 20358 3675 2682 2282 17676 16400 15786 214287 6316 485 9470 5831 4985 614 1855 901 1393 545 420 848 256 2498 2251 2125 1558 1412 1355 1286
is_linear=0
shrinkage=0.05


Tree=51
num_leaves=31
num_cat=0
split_feature=4 13 4 4 13 8 8 3 3 4 1 11 6 9 6 4 2 13 11 12 7 2 0 8 13 0 13 2 11 7
split_gain=339.378 35.6302 17.6508 15.2359 7.7448 5.91776 5.82932 5.30944 5.14946 5.20011 4.14884 4.14407 5.04008 4.99767 4.39189 5.04268 4.05534 3.87925 5.24496 10.0138 5.99052 4.49963 4.39455 4.28558 4.7468 4.13568 4.56028 3.86718 3.65549 3.63606
threshold=0.71008405089378368 0.092612084001302733 0.88562092185020458 0.87083333730697643 0.13415796309709552 0.65000000596046459 1.2500000000000002 0.26643516123294836 0.42452006042003637 0.77350428700447094 0.73394000530242931 0.042572464793920524 0.76219779253005993 0.71168741583824169 0.70829135179519664 0.83974358439445507 0.66206416487693798 0.09472751617431642 0.04446640424430371 0.064583335071802153 0.68958881497383129 0.76518371701240551 0.6999076008796693 0.84999999403953563 0.13058059662580493 0.62071934342384349 0.10059626772999765 0.55533725023269664 0.037749288603663451 0.74676936864852916
decision_type=2 2 2 2 2 2 2 2 2 2 2 2 2 2 2 2 2 2 2 2 2 2 2 2 2 2 2 2 2 2
left_child=5 2 8 7 17 -1 -4 11 9 -2 -6 12 13 16 27 -16 -3 22 19 -19 -21 28 -5 29 25 26 -25 -13 -22 -20
right_child=1 3 6 4 10 -7 -8 -9 -10 -11 -12 14 -14 -15 15 -17 -18 18 23 20 21 -23 -24 24 -26 -27 -28 -29 -30 -31
leaf_value=-0.0085555101802420059 -0.028104025303186092 -0.023459318458924572 0.0098786036287776928 0.017684950935762816 0.051870491240082466 -0.050635192660325602 0.030150664443803349 0.030504886056848941 0.015538978738828946 -0.0046720976989647256 0.030334315658524499 -0.016020548326743357 0.017919690470883022 -0.034702255482878586 0.0026752545643461884 0.023829840515230134 0.033799528732831645 -0.033758553797104213 -0.025663804598731483 -0.016419535260439665 0.012953824561405267 -0.003377820799631906 0.080297651294430603 0.046447527785563068 0.0025148540146524554 0.040406926478364136 -0.013915342741249429 0.029199779156964124 0.051767503703074036 0.026118799492562607
leaf_weight=8.6241961883788445 26.369141697403393 5.6833398756571132 173.39884859800804 5.0434214398264867 49.306085156276822 267.78758922734596 44.578744047321379 39.49288687526132 27.922082067729207 231.96634792431723 40.92431557783857 5.1796895798179312 18.01148466768791 15.710072265435882 95.104432458552765 40.026297058910131 6.7828428024949972 10.717890240252016 6.3305557174608094 8.9802901688963157 9.0523902960121649 8.1345603857189399 6.306787796318531 5.1775893000885826 12.0715318582952 75.852991491556168 7.9075844250619411 54.203279344321345 18.389166851527989 7.298260347917676
leaf_count=1410 9433 120 1432 33 662 212877 331 307 584 6723 316 74 411 480 1139 274 112 54 35 53 53 39 18 19 67 437 48 673 84 22
internal_value=-7.158e-11 0.0129112 0.00330411 0.021692 0.0301332 -0.0493223 0.0140245 0.0135129 -0.00485915 -0.00706387 0.0421027 0.0107249 -0.0027385 -0.0159441 0.0139219 0.00894133 0.00769519 0.024175 0.0222845 0.00963331 0.0200711 0.0292822 0.0524759 0.0283844 0.0319355 0.0359287 0.00996926 0.0252554 0.0389637 0.00206589
internal_weight=1332.33 1055.92 504.235 551.688 271.493 276.412 217.978 280.194 286.258 258.335 90.2304 240.701 46.1877 28.1763 194.514 135.131 12.4662 181.263 169.913 55.2743 44.5564 35.5761 11.3502 114.639 101.01 88.9382 13.0852 59.383 27.4416 13.6288
internal_count=238320 24033 18503 5530 1940 214287 1763 3590 16740 16156 978 3283 1123 712 2160 1413 232 962 911 283 229 176 51 628 571 504 67 747 137 57
is_linear=0
shrinkage=0.05


Tree=52
num_leaves=31
num_cat=0
split_feature=4 13 4 4 13 8 8 11 11 7 6 4 11 9 2 13 12 1 13 7 0 11 2 7 11 3 2 13 8 0
split_gain=312.318 34.3622 17.2593 16.2769 6.22387 6.02629 5.53598 4.92295 4.91503 5.4905 4.78488 5.18267 4.28761 4.22516 4.50352 5.44244 4.47723 4.05787 4.03901 4.55771 4.67456 4.19877 3.63359 4.19241 3.56583 3.43236 3.37814 3.3165 4.36822 3.31384
threshold=0.71008405089378368 0.092612084001302733 0.88562092185020458 0.87083333730697643 0.13415796309709552 0.65000000596046459 1.2500000000000002 0.0098524559289217013 0.087121214717626586 0.74727365374565136 0.81404572725296032 0.82843136787414562 0.028991596773266796 0.70792663097381603 0.716863512992859 0.12695360928773883 0.054093567654490478 0.73394000530242931 0.030029616318643097 0.73881614208221447 0.54997760057449352 0.020620748400688175 0.59076350927352916 0.74296769499778759 0.04446640424430371 0.48378024995327001 0.72001749277114879 0.047660695388913162 0.75000000000000011 0.6767459809780122
decision_type=2 2 2 2 2 2 2 2 2 2 2 2 2 2 2 2 2 2 2 2 2 2 2 2 2 2 2 2 2 2
left_child=5 2 7 8 -5 -1 22 -2 10 -10 11 13 18 -3 15 16 -15 -6 -9 21 -21 -20 -4 -24 -8 27 -19 -14 -29 -25
right_child=1 3 6 4 17 -7 24 12 9 -11 -12 -13 25 14 -16 -17 -18 26 19 20 -22 -23 23 29 -26 -27 -28 28 -30 -31
leaf_value=-0.0078576493766549984 0.040710903836599373 0.019819297502831998 -0.025933010614119758 0.024803584893468546 0.051466546033829941 -0.05061248938051563 0.016741511432628083 0.015057752937271941 0.045183932952101526 -0.0080888972985913455 -0.026145040384671317 0.019187624146021945 -0.035555041389490935 -0.0019601088940382565 0.010590605752345016 0.002513471686115769 -0.052156521661897465 0.0053306427692932125 -0.052725472173527688 0.036531700048013697 -0.014603490509586717 -0.016298351164988747 0.019498654702016047 -0.0031945677091734098 0.045489836591963262 0.021295154038680857 0.03838785861083107 -0.045794453213076895 -0.00082720898779686542 0.017819579317196924
leaf_weight=8.5237215525412449 5.7201117193908422 31.833385325415293 6.91670410754159 171.79709333181381 45.746152034029365 249.14279169226938 24.28787295287475 9.7535102270630869 20.905151292216036 6.2924029401037833 8.6182012770295824 117.66136934189126 7.8780343987891674 7.1952650838356957 40.041777358390391 25.470251581195043 11.610326337089644 10.523334845900534 15.125052330549808 5.0119391060288754 41.280960792952101 16.584747216271353 77.61802289262414 58.96450668387115 19.403666503727436 14.712836179387521 29.09731320803985 5.5898906200309275 159.59417698530888 27.515105380676687
leaf_count=1410 252 445 71 962 662 212877 206 779 208 90 180 991 1069 175 749 308 444 101 2561 314 5073 2101 629 506 125 169 215 246 4176 226
internal_value=1.2937e-10 0.0123947 0.00294927 0.0212873 0.0302868 -0.0491981 0.0136247 -0.0052003 0.0127039 0.0328588 0.0104428 0.0117914 -0.00615343 0.00429908 -0.00156044 -0.0125495 -0.0329507 0.0413214 -0.0152772 -0.0190703 -0.0090673 -0.0336735 0.00956655 0.0110629 0.0295088 -0.00188947 0.0296078 -0.00386051 -0.00234892 0.00349148
internal_weight=1280.42 1022.75 495.957 526.792 257.164 257.667 214.706 281.251 269.628 27.1976 242.431 233.812 275.531 116.151 84.3176 44.2758 18.8056 85.3668 87.7562 78.0027 46.2929 31.7098 171.014 164.098 43.6915 187.775 39.6206 173.062 165.184 86.4796
internal_count=238320 24033 18503 5530 1940 214287 1763 16740 3590 298 3292 3112 16488 2121 1676 927 619 978 10828 10049 5387 4662 1432 1361 331 5660 316 5491 4422 732
is_linear=0
shrinkage=0.05


Tree=53
num_leaves=31
num_cat=0
split_feature=4 4 13 13 8 8 13 3 11 7 6 4 4 9 9 2 7 12 8 11 6 6 8 8 11 0 11 5 4 11
split_gain=287.108 31.0688 17.0171 15.3294 6.35915 5.97205 5.48645 5.36859 4.7631 5.10543 4.6796 5.17215 4.29345 3.97558 3.78428 3.72384 4.17789 3.59646 3.46772 4.44988 3.4347 3.39827 3.38686 3.29256 3.2764 9.3956 3.64236 4.18479 3.18938 7.77734
threshold=0.71008405089378368 0.87083333730697643 0.089706104248762145 0.092612084001302733 1.3499999642372134 0.65000000596046459 0.15362762659788134 0.3996096551418305 0.087121214717626586 0.74727365374565136 0.81404572725296032 0.82843136787414562 0.77350428700447094 0.67346599698066723 0.75943800806999218 0.6298634707927705 0.73392760753631603 0.028991596773266796 0.84999999403953563 0.057189542800188072 0.68222689628601085 0.80536088347435009 0.84999999403953563 1.0500000119209292 0.033908046782016761 0.75664803385734569 0.074175827205181136 0.7094252109527589 0.93541666865348827 0.035098522901535041
decision_type=2 2 2 2 2 2 2 2 2 2 2 2 2 2 2 2 2 2 2 2 2 2 2 2 2 2 2 2 2 2
left_child=5 3 4 7 15 -1 18 12 10 -10 11 13 23 -5 -14 -3 -17 20 19 -4 -9 28 -18 -2 25 -15 27 -26 29 -20
right_child=1 2 6 8 -6 -7 -8 17 9 -11 -12 -13 14 24 -16 16 22 -19 21 -21 -22 -23 -24 -25 26 -27 -28 -29 -30 -31
leaf_value=-0.0077831888035416455 -0.013435654649506351 -0.017788710241644606 0.023684358135889434 0.025500652049648381 0.032729680678126961 -0.050583971306020187 0.05066783143983758 -0.035293766450487526 0.044358269515863052 -0.0077081134034484959 -0.026539052833153994 0.01835436064545699 -0.00065902757874353169 -0.064581436044420404 -0.015172434127853268 0.019223288244481492 -0.025291350864665496 0.034483147503076246 -0.030643884494506963 -0.020459759518137749 0.01632894905133454 0.011474434404878943 0.0062483113661736559 -0.050932996483979753 -0.003577997850829206 0.025279309517653843 -0.02495987716962603 0.020408340524483658 0.050322097680378847 0.031393477119312417
leaf_weight=8.4472375982149952 15.234500359540109 13.342722496017812 18.916171528398994 17.087640093726804 29.160215646028519 231.65125568964686 27.832891070749611 5.0090051169681855 19.81646041182103 6.1754668827052219 8.706140313195645 113.68089753482491 128.06654250907013 6.6577706637908687 69.17448625707766 69.698719981592149 9.256627260707317 12.899829701491397 5.2239205669611684 8.1763300206512195 9.0325912681000755 23.366722542792559 105.78979951003566 9.5079597085932601 42.637761453806888 5.1659425054676831 10.385439519013742 31.70530275713827 20.47005320340395 153.51951858121902
leaf_count=1410 1555 192 101 193 220 212877 311 148 208 90 180 991 3215 392 3110 612 189 212 49 42 233 103 894 7866 673 141 185 537 127 1264
internal_value=-8.89211e-11 0.0118345 0.0209022 0.00323164 0.0109299 -0.0490781 0.0297027 -0.00565378 0.011673 0.0319877 0.00943592 0.0108137 -0.00821187 0.00327037 -0.00574903 0.00772073 0.00956309 0.0154236 0.027162 0.010362 -0.00208623 0.0294088 0.00371063 -0.027845 -0.000663904 -0.02532 0.00277682 0.00665153 0.0317472 0.029352
internal_weight=1235.8 995.697 484.754 510.944 227.248 240.098 257.506 248.925 262.019 25.9919 236.027 227.321 221.983 113.64 197.241 198.088 184.745 26.9414 229.673 27.0925 14.0416 202.58 115.046 24.7425 96.5522 11.8237 84.7285 74.3431 179.213 158.743
internal_count=238320 24033 4104 19929 2107 214287 1997 16339 3590 298 3292 3112 15746 2121 6325 1887 1695 593 1686 143 381 1543 1083 9421 1928 533 1395 1210 1440 1313
is_linear=0
shrinkage=0.05


Tree=54
num_leaves=31
num_cat=0
split_feature=4 13 4 4 8 13 3 3 4 1 13 12 13 7 4 4 0 12 8 2 8 6 2 12 8 11 5 13 8 13
split_gain=265.028 28.8751 14.161 13.6023 6.01217 5.46537 5.22535 4.72142 4.29627 4.15786 4.13468 8.18886 4.32841 3.99972 3.90476 3.82562 3.6726 3.65509 3.52967 3.35387 5.55673 3.84353 3.28479 2.96617 2.96542 2.91488 2.87139 2.73742 6.22569 3.21243
threshold=0.71008405089378368 0.092612084001302733 0.87083333730697643 0.86190477013587963 0.65000000596046459 0.13415796309709552 0.3996096551418305 0.26643516123294836 0.77350428700447094 0.73394000530242931 0.062644902616739287 0.012270400300621988 0.028731170110404495 0.80850389599800121 0.77350428700447094 0.91987180709838878 0.69126561284065258 0.021980676800012592 0.84999999403953563 0.66982141137123119 0.94999998807907116 0.71529537439346325 0.72001749277114879 0.028991596773266796 1.0500000119209292 0.04446640424430371 0.70668971538543712 0.12695360928773883 1.1500000357627871 0.11144183948636056
decision_type=2 2 2 2 2 2 2 2 2 2 2 2 2 2 2 2 2 2 2 2 2 2 2 2 2 2 2 2 2 2
left_child=4 3 7 6 -1 19 13 8 -3 -7 12 -12 -5 14 24 -13 17 -17 -16 20 -4 -21 -11 26 -2 -19 -8 29 -29 -23
right_child=1 2 5 10 -6 9 23 -9 -10 22 11 15 -14 -15 18 16 -18 25 -20 21 -22 27 -24 -25 -26 -27 -28 28 -30 -31
leaf_value=-0.0073122780120441627 -0.013230914423462196 -0.016160289675342443 -0.023457438018230165 0.048128570474657129 -0.050562493751423632 0.050749758716946564 -0.023568234626828635 0.028495687659717852 0.010834372752823304 0.0025030504104538529 0.071705742623669397 0.0083866555608152326 0.00095400781100175684 -0.038753556342131082 -0.035471629735628486 0.0018349037575165266 0.0015465097717278263 0.022602542244053385 -0.0028431154450447894 0.05053685793396509 0.021448846539220016 0.018955762417102104 0.036437720243890165 0.033434883319147783 -0.050899596393719097 0.059840210040797495 0.02263247926726801 -0.018552237328225519 0.039077525249033129 0.037805146248061604
leaf_weight=8.3456722915288974 14.969671869941523 15.906724265369119 9.2373355724848789 5.1201261458918443 215.96073290309323 40.046423742547631 6.8055825002084038 35.62063791762921 200.82548684906214 9.7076444085687381 6.4325464703142634 92.209380687680095 96.609318847302347 10.442504538157662 8.7222761343000439 6.0195206087082651 10.293996275402604 8.4599297111853975 166.69058017770294 15.564697438850997 27.09561232663691 49.308600563555956 26.868698907084763 12.026427019358378 8.0260075076366757 13.87334271147847 6.6484851214918308 10.676156053319575 8.3528592474758607 41.735918391495943
leaf_count=1410 1551 1274 59 27 212877 662 258 307 2009 101 17 649 1312 1259 332 42 74 51 5313 119 210 250 215 212 7207 78 121 52 59 213
internal_value=1.18331e-10 0.0113871 0.0198828 0.00257554 -0.0489533 0.028616 -0.0059847 0.0116258 0.00885314 0.0396185 0.0109679 0.0166288 0.00332834 -0.00859264 -0.00700523 0.0139213 0.0271268 0.0364142 -0.00446554 0.0234112 0.0100318 0.0272803 0.0274312 0.0153913 -0.0263781 0.0457344 -0.000737611 0.0239918 0.00674457 0.0275965
internal_weight=1188.6 964.296 490.947 473.35 224.306 238.594 234.332 252.353 216.732 76.6228 239.018 137.289 101.729 208.851 198.409 130.856 38.6468 28.3528 175.413 161.971 36.3329 125.638 36.5763 25.4805 22.9957 22.3333 13.4541 110.074 19.029 91.0445
internal_count=238320 24033 5530 18503 214287 1940 16253 3590 3283 978 2250 911 1339 15662 14403 894 245 171 5645 962 269 693 316 591 8758 129 379 574 111 463
is_linear=0
shrinkage=0.05


Tree=55
num_leaves=31
num_cat=0
split_feature=4 4 13 13 8 3 4 13 8 11 12 11 2 9 9 7 11 6 7 10 13 0 6 7 11 1 0 0 0 5
split_gain=244.502 26.6774 14.5194 12.6324 6.00036 5.87555 5.45266 5.06236 4.72531 4.43658 4.10343 5.13423 5.08814 3.59358 2.85454 3.0687 2.8492 4.82596 4.49369 4.34151 3.03893 5.88681 3.58473 3.16714 3.37213 2.85845 5.34733 3.55361 4.34247 4.37
threshold=0.71008405089378368 0.87083333730697643 0.089706104248762145 0.076298922300338759 0.65000000596046459 0.26643516123294836 0.77350428700447094 0.15362762659788134 1.3499999642372134 0.057189542800188072 0.039230769500136382 0.012270400300621988 0.64369285106658947 0.69246244430542003 0.7150634527206422 0.6833140254020692 0.048809524625539787 0.71388205885887157 0.67003703117370617 0.99999991059303295 0.081182707101106658 0.69811716675758373 0.73883074522018444 0.74106666445732128 0.057189542800188072 0.77463173866271984 0.76459333300590526 0.71936339139938366 0.70970851182937633 0.7470097839832307
decision_type=2 2 2 2 2 2 2 2 2 2 2 2 2 2 2 2 2 2 2 2 2 2 2 2 2 2 2 2 2 2
left_child=4 3 8 10 -1 6 -5 -4 9 -3 11 -2 14 -14 15 -13 19 -18 -19 -8 -20 -22 -23 -24 -25 27 -27 28 29 -21
right_child=1 2 7 5 -6 -7 16 -9 -10 -11 -12 12 13 -15 -16 -17 17 18 20 25 21 22 23 24 -26 26 -28 -29 -30 -31
leaf_value=-0.0070221657704366992 0.043109092534358268 0.005976382203704337 0.025650826163730947 -0.019477962640169516 -0.050539754072494752 0.025987210946992235 -0.041057720258783958 0.04953029643681145 0.029878663723609467 0.04494757758207707 -0.041118908991802379 -0.044176005904570284 0.020695957816696052 -0.0073122999743173746 -0.062706374927062464 0.0058035884641622947 0.026069960759328173 -0.031736639390333402 0.043453149398271135 0.0011419028764618944 -0.01296045861727663 -0.0055984176509885518 0.046171214688612294 0.03250826457360164 -0.0015924292398999452 -0.037530201297939991 0.014149985475793403 0.023764750426088218 -0.039300237902564761 0.04793334181292009
leaf_weight=8.2455693381780275 5.0720224439428412 183.95563592971303 212.51350088743493 19.521502908581169 201.32066879689592 42.443053060327657 5.5650181462988249 24.782674508169293 26.965809743851423 7.6049004271626464 8.9840790212474513 6.2521261437941593 12.597287821932694 126.00869977091497 5.5958219328967962 6.0364820968679851 45.56615890818648 7.1968358727172008 6.0852593579329541 48.01259254780598 25.621580224251375 14.094288623891769 11.286189099308102 14.085092604160311 14.938650778494774 10.429018804570662 9.6244108588434738 25.763780954061076 5.8683928828686467 5.5686038279673076
leaf_count=1410 321 1856 1686 2249 212877 400 65 311 220 31 1710 691 679 9762 945 365 526 64 31 666 225 116 86 100 113 234 134 317 84 46
internal_value=5.04142e-10 0.0109085 0.0195812 0.00271049 -0.0488275 0.0086969 0.00597112 0.0281447 0.0102821 0.00752353 -0.00822954 -0.00640065 -0.00800531 -0.00476675 -0.0331045 -0.0196247 0.00796068 0.012732 0.00621852 0.00198213 0.00939067 0.00680052 0.0161069 0.0236962 0.0149565 0.00425747 -0.0127269 0.00825443 0.0015327 0.00600486
internal_weight=1147.61 938.039 455.823 482.217 209.566 311.67 269.227 237.296 218.526 191.561 170.547 161.562 156.49 138.606 17.8844 12.2886 249.706 138.874 93.3079 110.832 86.1111 80.0258 54.4042 40.3099 29.0237 105.267 20.0534 85.2134 59.4496 53.5812
internal_count=238320 24033 4104 19929 214287 5456 5056 1997 2107 1887 14473 12763 12442 10441 2001 1056 2807 1261 735 1546 671 640 415 299 213 1481 368 1113 796 712
is_linear=0
shrinkage=0.05


Tree=56
num_leaves=31
num_cat=0
split_feature=4 13 4 4 8 13 11 13 13 6 7 0 2 13 9 8 13 13 6 13 12 4 7 4 8 0 0 5 2 9
split_gain=225.501 24.6255 12.9676 12.8397 5.94808 4.94465 4.73572 4.11796 3.9775 4.41953 6.64172 5.65628 3.78852 5.39837 3.99504 3.74649 6.40513 3.65218 3.65204 3.57958 4.61309 3.47473 3.1495 3.1983 6.2258 3.44574 3.32537 3.6871 3.1409 3.10779
threshold=0.71008405089378368 0.092612084001302733 0.88562092185020458 0.87083333730697643 0.65000000596046459 0.15362762659788134 0.0098524559289217013 0.062644902616739287 0.054848439991474159 0.74593168497085582 0.73154616355896007 0.64902189373970043 0.64369285106658947 0.062992710620164885 0.6930946707725526 0.94999998807907116 0.10059626772999765 0.15362762659788134 0.71388205885887157 0.04583986476063729 0.009569597430527212 0.93095237016677868 0.81718304753303539 0.81534090638160717 1.0500000119209292 0.6999076008796693 0.65200892090797435 0.70413035154342662 0.67619225382804882 0.75323668122291576
decision_type=2 2 2 2 2 2 2 2 2 2 2 2 2 2 2 2 2 2 2 2 2 2 2 2 2 2 2 2 2 2
left_child=4 2 6 17 -1 15 -2 8 19 10 -10 -11 13 -8 -14 16 -5 -3 -19 20 -4 -17 23 24 28 26 29 -28 -16 -25
right_child=1 3 7 5 -6 -7 12 -9 9 11 -12 -13 14 -15 22 21 -18 18 -20 -21 -22 -23 -24 25 -26 -27 27 -29 -30 -31
leaf_value=-0.0069561594250599299 0.040482857422778878 0.0078716671629646545 0.03167867415039044 -0.040554668491202546 -0.05051148176395346 0.048930972973757592 -0.048331418192938437 0.018004199271264967 -0.00098530509134563842 0.028495616419574068 -0.07279952230042204 -0.027092912976960162 0.01479331411951209 -0.0052208718663127049 -0.045001850147547193 0.025389344922389246 0.01878203113827626 0.04566545990946471 0.012638247979419629 0.023100782431668243 -0.01662491723170301 0.046721586776678613 -0.037364400269885426 0.010533779000556404 -0.051786864728100124 0.023543186270424833 -0.056625177713749947 -0.0096082011370806752 -0.0039815638758136226 -0.0095931865924740733
leaf_weight=8.1802334522653819 5.520959121422492 201.80504548838508 6.944414607249203 5.0600282875820985 187.64977142810858 23.380169969052076 12.363889222127911 112.8340584882535 7.2401943919248897 10.819504495244475 5.7977234655991197 7.9303121962584546 24.916899947158527 17.596639632931328 5.1393081657006396 127.61552118416876 44.945684091188014 13.558559377619529 21.873071584283025 30.401378666982055 17.148586074123159 22.446881882846355 7.9150891972240052 45.27010989212431 9.3748985813945165 13.419947916059753 5.0536969541572061 23.840966972056776 50.730840922653442 33.278322443657089
leaf_count=1410 252 3201 72 41 212877 311 1962 743 61 73 43 80 983 603 423 1138 279 206 183 288 403 171 818 771 6683 346 131 550 2339 879
internal_value=2.58001e-10 0.01043 0.00215953 0.0185722 -0.0486921 0.0271732 -0.00531991 0.0117164 0.00349365 -0.0105623 -0.0329198 0.00498422 -0.00633587 -0.0230114 -0.00405394 0.0246306 0.0127778 0.0104711 0.0252767 0.0116928 -0.00270219 0.0285803 -0.00647434 -0.0051606 -0.0140817 -0.000344744 -0.00332841 -0.0178315 -0.00775488 0.00200666
internal_weight=1110.05 914.223 453.538 460.685 195.83 223.448 254.422 199.116 86.2821 31.7877 13.0379 18.7498 248.901 29.9605 218.94 200.068 50.0057 237.237 35.4316 54.4944 24.093 150.062 194.023 186.108 65.245 120.863 107.443 28.8947 55.8701 78.5484
internal_count=238320 24033 18503 5530 214287 1940 16740 1763 1020 257 104 153 16488 2565 13923 1629 320 3590 389 763 475 1309 12940 12122 9445 2677 2331 681 2762 1650
is_linear=0
shrinkage=0.05


Tree=57
num_leaves=31
num_cat=0
split_feature=4 4 13 13 8 13 2 11 3 11 1 7 9 11 11 11 0 9 8 5 4 11 7 6 4 0 2 12 13 12
split_gain=208.057 23.4214 12.8102 10.9802 5.96681 5.83357 7.30546 5.40925 4.8662 6.03217 4.3401 4.22392 4.32746 4.0978 4.04542 6.04369 4.04169 6.27414 5.82977 3.84058 3.52792 3.51293 4.58182 4.39676 4.52574 3.44993 3.41808 3.24918 5.43153 4.85194
threshold=0.71008405089378368 0.87083333730697643 0.071941480040550246 0.092612084001302733 0.65000000596046459 0.13415796309709552 0.61522352695465099 0.0098524559289217013 0.45704983174800878 0.035098522901535041 0.73394000530242931 0.79050070047378551 0.80305674672126781 0.057189542800188072 0.012270400300621988 0.01835016813129187 0.49790057539939886 0.74502429366111766 1.3499999642372134 0.71352320909500133 0.74342104792594921 0.087121214717626586 0.74727365374565136 0.81404572725296032 0.82843136787414562 0.60635212063789379 0.72001749277114879 0.012270400300621988 0.052198188379406936 0.013793759513646366
decision_type=2 2 2 2 2 2 2 2 2 2 2 2 2 2 2 2 2 2 2 2 2 2 2 2 2 2 2 2 2 2
left_child=4 3 14 7 -1 6 -4 -2 9 -8 -7 12 13 -11 -3 -16 -17 -18 27 -15 -9 23 -23 24 25 -5 -12 28 -19 -29
right_child=1 2 5 21 -6 10 8 20 -10 11 26 -13 -14 19 15 16 17 18 -20 -21 -22 22 -24 -25 -26 -27 -28 29 -30 -31
leaf_value=-0.0066277803518828352 0.043568228876667059 0.04470579548859159 -0.014978869971892525 0.032492756872890861 -0.050484383762129548 0.049716600751498571 -0.0038850092663535668 -0.039669905500429946 0.053699036541750456 0.026693785214217287 -0.0024152441600202583 0.039623328311752887 -0.0039679394895981764 0.023983740202699499 -0.036956903123085243 -0.032530324759805676 0.02423278412047359 -0.020353886313945246 0.030180785205071281 -0.020750997973766543 -0.0058054891219569936 0.041153407777302857 -0.010854088839255482 -0.028128903190171362 0.016679117740636518 -0.0010897551514316769 0.033911221639711775 -0.053141979202986668 0.034481301969274514 -0.0067620329603700798
leaf_weight=8.1150136757933051 5.4111313834582679 6.3181732567027202 13.798688969574867 8.3330399315746018 175.08271172816967 33.665117386728525 22.184260319918394 7.980379147171333 11.846208810806273 114.25199372461066 8.8314403947442752 34.011798175051808 16.599420845508575 9.642368124797942 8.5280398748582211 6.2720974718686184 41.65363521152176 7.8597549039404866 13.21353756636381 9.549493548460303 211.944351987142 17.16301842866233 5.6221847749548024 8.2495043051749217 99.67871301015839 92.971949921397027 24.274427466560155 6.662555488292127 10.614615647122262 36.701548588695005
leaf_count=1410 246 53 123 141 212877 662 196 5153 80 706 101 180 99 67 261 100 397 143 108 54 10940 208 90 180 991 1980 215 71 49 439
internal_value=3.19711e-10 0.00994898 0.018234 0.00204213 -0.0485417 0.0240529 0.0203031 -0.00581917 0.0225354 0.0207454 0.0370754 0.0237142 0.0201079 0.0231027 0.00562475 0.0037471 0.00656977 0.00867112 3.44519e-05 0.00172461 -0.00703432 0.009677 0.0283207 0.00764673 0.00911517 0.00167264 0.0242206 -0.00640716 0.0111522 -0.0138879
internal_weight=1077.03 893.833 436.479 457.354 183.198 298.655 231.884 225.336 218.086 206.239 66.771 184.055 150.043 133.444 137.824 131.506 122.978 116.706 75.052 19.1919 219.925 232.018 22.7852 209.233 200.984 101.305 33.1059 61.8385 18.4744 43.3641
internal_count=238320 24033 4104 19929 214287 2483 1505 16339 1382 1302 978 1106 926 827 1621 1568 1307 1207 810 121 16093 3590 298 3292 3112 2121 316 702 192 510
is_linear=0
shrinkage=0.05


Tree=58
num_leaves=31
num_cat=0
split_feature=4 4 13 13 8 3 4 13 11 2 12 12 8 11 3 5 6 4 12 9 0 2 2 11 13 13 13 7 5 0
split_gain=192.873 23.7509 11.413 9.34632 6.03251 5.73247 4.6464 4.46498 4.07581 4.55812 4.17043 4.9139 3.80842 3.92485 5.01511 3.40234 5.29027 3.2595 4.76138 4.38794 3.83916 3.16778 3.11602 3.4234 4.76888 3.70437 6.42094 4.70326 3.73584 3.93931
threshold=0.71008405089378368 0.87083333730697643 0.089706104248762145 0.076298922300338759 0.65000000596046459 0.26643516123294836 0.77350428700447094 0.15362762659788134 0.010811126790940763 0.64369285106658947 0.021980676800012592 0.020204081200063232 0.94999998807907116 0.051315790042281158 0.47417345643043524 0.71723267436027538 0.67573189735412609 0.92582416534423839 0.022991543635725979 0.76315918564796459 0.69126561284065258 0.61269831657409679 0.80088609457016002 0.015268065501004459 0.046306042000651366 0.053581949323415763 0.060433486476540572 0.7766193449497224 0.74472999572753917 0.67806375026702892
decision_type=2 2 2 2 2 2 2 2 2 2 2 2 2 2 2 2 2 2 2 2 2 2 2 2 2 2 2 2 2 2
left_child=4 3 12 8 -1 6 -5 -4 -2 21 11 -11 13 14 15 16 -3 22 19 -19 -20 -10 23 -14 -25 -26 27 -27 29 -28
right_child=1 2 7 5 -6 -7 -8 -9 9 10 -12 -13 17 -15 -16 -17 -18 18 20 -21 -22 -23 -24 24 25 26 28 -29 -30 -31
leaf_value=-0.0061313802077874813 0.035781898903562676 -0.046354688945022142 0.023697667655060518 -0.020026253782728497 -0.050478616432077288 0.024831388136683605 0.0060888194490651484 0.047950178015234685 -0.01590319517827048 -0.0048924931996189493 -0.018658785954590123 0.02901381495970054 0.046839696727613775 0.03893380728139053 0.03092217659039205 -0.033362019591121804 0.0094006251019087984 -0.028286218841227052 0.061117072758037565 0.025565815512968649 0.0164302093827411 -0.059262431411345622 -0.029115714141472716 -0.022608819215686683 0.035227391737814223 -0.040666642157020691 0.013188049978542886 0.01752475312946896 0.03508498690862543 -0.031858661731956138
leaf_weight=8.0449962781858613 5.1188885783194555 5.4379188216989887 196.32132426928729 18.40320994740614 163.81490377424598 38.734872870874824 228.64769995585084 21.008646061411127 10.282309714020814 79.156685634938185 46.848321506629873 12.353406247137171 6.3621419016271821 5.2393906936049452 7.4424563199281684 14.230889693368225 19.549127387115732 5.7941749161109355 11.893635308369996 10.895890701562164 8.0658909846097213 7.1357952775288132 5.0022253906354299 10.677949870238079 15.233921017497776 10.112804522272198 41.822102968581021 5.2880270369350901 17.349162061698735 5.4903984861448398
leaf_count=1410 353 122 1686 2249 212877 400 2807 311 1319 6465 4796 647 59 27 46 258 311 61 67 90 56 893 68 234 128 102 274 41 106 57
internal_value=-1.83582e-12 0.00956257 0.0180503 0.00152068 -0.0484027 0.00694747 0.00414347 0.0260421 -0.0081185 -0.00956109 -0.00652643 -0.000315311 0.00961441 -0.00209912 -0.00670662 -0.0138475 -0.00273338 0.0135623 0.0265786 0.00687038 0.0430586 -0.0336665 0.00949679 0.0112162 0.00907751 0.012628 0.00832784 -0.0206861 0.0152382 0.00796059
internal_weight=1041.76 869.899 423.218 446.681 171.86 285.786 247.051 217.33 160.895 155.777 138.358 91.5101 205.888 51.8998 46.6604 39.2179 24.987 153.988 36.6496 16.6901 19.9595 17.4181 117.339 112.337 105.974 95.2964 80.0625 15.4008 64.6617 47.3125
internal_count=238320 24033 4104 19929 214287 5456 5056 1997 14473 14120 11908 7112 2107 764 737 691 433 1343 274 151 123 2212 1069 1001 942 708 580 143 437 331
is_linear=0
shrinkage=0.05


Tree=59
num_leaves=31
num_cat=0
split_feature=4 4 13 13 8 2 11 9 4 13 11 3 8 11 5 13 13 8 9 6 2 12 8 5 13 13 9 2 4 2
split_gain=178.952 21.5871 11.003 9.32693 6.03902 4.08477 4.38331 6.15601 5.75537 4.63935 3.75176 3.47843 5.58118 4.53359 5.14439 3.29222 3.26524 5.19113 3.53608 3.1793 3.09403 3.03893 2.92255 2.83662 2.78413 4.44611 4.83596 4.08149 3.63744 3.81884
threshold=0.71008405089378368 0.87083333730697643 0.11144183948636056 0.092612084001302733 0.65000000596046459 0.61269831657409679 0.04446640424430371 0.80458039045333873 0.91287881135940563 0.062644902616739287 0.0098524559289217013 0.52857330441474926 0.94999998807907116 0.025978407822549347 0.69306316971778881 0.15362762659788134 0.16129703819751742 0.84999999403953563 0.74502429366111766 0.71388205885887157 0.76284614205360424 0.087121214717626586 1.1500000357627871 0.74405968189239513 0.099877879023551955 0.079186528921127333 0.73925215005874645 0.72389742732048046 0.91287881135940563 0.74153667688369762
decision_type=2 2 2 2 2 2 2 2 2 2 2 2 2 2 2 2 2 2 2 2 2 2 2 2 2 2 2 2 2 2
left_child=4 3 5 10 -1 -3 11 9 -9 -8 -2 12 13 -7 -15 -5 17 18 -4 -17 -19 -21 -22 -11 25 26 -14 -27 29 -28
right_child=1 2 16 15 -6 6 7 8 -10 23 -12 -13 24 14 -16 19 -18 20 -20 21 22 -23 -24 -25 -26 27 28 -29 -30 -31
leaf_value=-0.0058817217879489868 0.036169095773998537 -0.014897617498590102 0.020520605251947655 0.006116674297950527 -0.050459111579940298 0.0086229498191971992 -0.0030151993202152034 0.01605295739704744 -0.053176516642836402 0.024082836571768965 -0.0070017232127629675 0.037557077931856163 0.029433351646249353 0.0036392388170146343 -0.047824397905459559 0.04408523115387962 0.050245101093280099 0.033043021433929717 -0.030894750698144204 0.032342408473976847 -0.0096411347569865437 -0.0062196262814907151 0.036994580371960302 0.045972098676301372 -0.016340744284090315 0.0015500255750055783 0.0088069610236115262 0.044756549833224135 0.011008912207673239 -0.032859320041419268
leaf_weight=7.9933266819716655 5.1559067454509195 13.822864228626711 7.2609226293861848 189.41772953086911 153.4683483689787 15.725104353390632 13.064992124680428 7.2258490044623596 5.136019024066627 66.110145550686866 210.48408601160918 8.9990547304041666 18.232890743762255 8.1099849781021494 12.102339035365729 11.782456335262394 15.860911120427771 94.313837274909019 6.1991373766213655 9.4581738527922425 8.8515257565304619 11.110851613047998 5.4143246207386246 19.069877061992884 8.3693381529301387 7.8791729807853725 9.4017330245114881 17.845521577633917 29.848500464577228 13.248514040373264
leaf_count=1410 246 198 51 3201 212877 316 95 43 36 414 16093 48 175 96 198 206 250 1099 45 77 40 106 44 123 55 63 113 78 336 188
internal_value=-3.44334e-12 0.00917113 0.0173828 0.00143474 -0.0482523 0.0115887 0.0129949 0.0205438 -0.01271 0.0247281 -0.00596952 0.0074196 0.0054929 -0.011511 -0.0271751 0.00863435 0.0289033 0.0261296 -0.00315914 0.0233753 0.0297604 0.0115122 0.00805854 0.0289833 0.0113224 0.0137226 0.00724878 0.0315229 -0.000455953 -0.0155644
internal_weight=1010.96 849.502 412.093 437.409 161.462 274.192 260.369 110.607 12.3619 98.245 215.64 149.762 140.763 35.9374 20.2123 221.769 137.901 122.04 13.4601 32.3515 108.58 20.569 14.2659 85.18 104.826 96.4563 70.7316 25.7247 52.4987 22.6502
internal_count=238320 24033 4104 19929 214287 2575 2377 711 79 632 16339 1666 1618 610 294 3590 1529 1279 96 389 1183 183 84 537 1008 953 812 141 637 301
is_linear=0
shrinkage=0.05


Tree=60
num_leaves=31
num_cat=0
split_feature=4 4 13 13 8 13 8 3 12 3 3 4 9 6 13 9 13 6 1 0 0 12 4 5 0 1 1 8 13 13
split_gain=165.732 21.2155 10.1032 8.40763 6.07809 3.91176 3.79249 3.68674 4.66116 3.34293 3.26817 2.86517 2.81299 4.91767 4.31038 4.66873 4.09233 3.01521 2.59849 2.52864 5.08095 3.16688 2.91363 3.34326 3.09474 3.61049 5.22057 3.21192 2.82904 2.56019
threshold=0.71008405089378368 0.87083333730697643 0.089706104248762145 0.092612084001302733 0.65000000596046459 0.16129703819751742 0.94999998807907116 0.52857330441474926 0.028174603357911113 0.3996096551418305 0.26643516123294836 0.77350428700447094 0.69013676047325145 0.74643582105636608 0.10259784013032915 0.72091084718704235 0.09472751617431642 0.73821642994880687 0.7472238838672639 0.61988472938537609 0.65200892090797435 0.04446640424430371 0.82843136787414562 0.68135470151901256 0.67806375026702892 0.75041911005973827 0.77314829826354992 1.0500000119209292 0.13058059662580493 0.13415796309709552
decision_type=2 2 2 2 2 2 2 2 2 2 2 2 2 2 2 2 2 2 2 2 2 2 2 2 2 2 2 2 2 2
left_child=4 3 6 9 -1 12 7 8 -3 -2 11 -5 -4 14 15 -14 -15 -16 -10 21 -21 -13 23 29 -25 28 -27 -28 -26 -22
right_child=1 2 5 10 -6 -7 -8 -9 18 -11 -12 19 13 16 17 -17 -18 -19 -20 20 22 -23 -24 24 25 26 27 -29 -30 -31
leaf_value=-0.0055248108299955643 -0.0082209360431265265 0.0039575701790727771 0.0073302282011268429 -0.016047174627386248 -0.050438917128015896 0.049445826309697072 0.013013005853874913 0.036371730397882482 -0.046593596669410334 0.011731467037789845 0.023315373148925709 0.049048362114607613 0.041292186007928139 0.047276765166111012 0.035650698477534298 -0.017079909574816674 0.013515292414458729 0.066449629574944963 -0.0043528671874593734 -0.02546332235865284 -0.04631959590775505 0.0028614954945288544 0.014306000407346876 0.035676527575452796 -0.047678653768754242 0.033768859155696176 0.010646646328741512 -0.036800285011839233 -0.0023255535963526731 -0.0022964878939615765
leaf_weight=7.9494731774611855 189.42794590604171 29.864813618711196 25.271073220297694 14.223434229825214 143.61951802538715 14.926327243214471 146.4463984624017 5.348595740273594 9.2712041195481998 23.609636055509327 29.948320821160451 7.7766642705537361 6.2794419415295106 10.119381127879022 51.938858215231448 7.5371930953115225 79.416537589393556 9.3821547934785468 5.995105182286351 12.264459487516431 6.0374239718075824 7.099644579924643 81.533981064800173 7.4479036889970294 5.5062458710744968 13.427190391346814 8.4350822896230948 6.1802910296246401 9.156258372589944 7.2906796969473362
leaf_count=1410 15746 488 248 1274 212877 250 1343 29 147 593 307 45 47 56 707 64 540 85 100 158 108 97 887 88 105 99 103 93 129 97
internal_value=-2.26079e-10 0.00876836 0.0170261 0.00104079 -0.0480833 0.0247995 0.00893921 -0.00287927 -0.007531 -0.00600973 0.00798408 0.00552058 0.0228627 0.0252463 0.0346784 0.00944928 0.017331 0.040363 -0.0300056 0.00730249 0.00543884 0.0270059 0.00805235 2.02793e-05 0.00593547 0.00074853 0.0112611 -0.00941687 -0.0193571 -0.0222383
internal_weight=982.731 831.162 401.797 429.365 151.569 204.871 196.926 50.4797 45.1311 213.038 216.328 186.379 189.945 164.674 75.1376 13.8166 89.5359 61.321 15.2663 172.156 157.28 14.8763 145.015 63.4811 50.153 42.7051 28.0426 14.6154 14.6625 13.3281
internal_count=238320 24033 4104 19929 214287 1997 2107 764 735 16339 3590 3283 1747 1499 903 111 596 792 247 2009 1867 142 1709 822 617 529 295 196 234 205
is_linear=0
shrinkage=0.05


Tree=61
num_leaves=31
num_cat=0
split_feature=4 4 13 13 8 2 13 13 2 9 9 2 8 12 6 8 5 4 11 9 11 2 2 9 11 11 0 9 11 11
split_gain=153.63 19.8385 9.1053 8.52995 6.1179 3.49322 3.45496 4.17417 4.22027 3.37416 3.35078 4.61717 3.48891 3.24449 6.45985 3.25011 5.66745 3.21286 3.76892 3.44641 3.61933 3.95635 5.44293 4.0698 3.19781 3.16739 5.2848 5.85342 3.14899 7.38188
threshold=0.71008405089378368 0.87083333730697643 0.11144183948636056 0.092612084001302733 0.65000000596046459 0.61269831657409679 0.078600231558084502 0.082357861101627364 0.74539446830749523 0.80958431959152233 0.69778653979301464 0.67706015706062328 1.0500000119209292 0.010929288342595102 0.79168477654457103 1.1500000357627871 0.73140826821327221 0.82843136787414562 0.028174603357911113 0.67346599698066723 0.051315790042281158 0.7187023162841798 0.73646625876426708 0.70589348673820507 0.0098524559289217013 0.046536797657608993 0.70754933357238781 0.72091084718704235 0.048809524625539787 0.04446640424430371
decision_type=2 2 2 2 2 2 2 2 2 2 2 2 2 2 2 2 2 2 2 2 2 2 2 2 2 2 2 2 2 2
left_child=4 3 5 24 -1 -3 10 8 -8 25 12 -12 -7 -13 28 16 -16 19 -19 -5 21 23 -23 -21 -2 26 27 -9 29 -15
right_child=1 2 -4 17 -6 6 7 9 -10 -11 11 13 -14 14 15 -17 -18 18 -20 20 -22 22 -24 -25 -26 -27 -28 -29 -30 -31
leaf_value=-0.0051558727323047912 0.03274773874616136 -0.013950727868466831 0.027245089644359552 0.0237895402778758 -0.050422450654206558 0.012984259635010795 0.018467684895273589 0.01674263544845489 0.065184338430534963 -0.012782993767968102 -0.039791860846908847 0.022580431606386495 0.057245714272291338 0.0038932794658601746 -0.0036493309250681862 -0.0039536395089740453 -0.075272431118581951 0.050694725642557385 0.011795284255012708 0.0088384145471294192 0.0073553071348622283 0.035652293598367281 -0.01781263537619068 -0.038641395738106557 -0.007281863673284563 0.027897769095122496 0.029226301785593375 -0.035646713972132961 -0.018094077131841971 0.044758282402184768
leaf_weight=7.9026931362459427 5.1135852791485368 13.228932406287639 130.21942237112671 15.599865866737671 134.54283740980463 16.160042125266049 10.399316079914572 10.991322984918954 9.0339628774672729 9.989521333947776 5.7107885163277379 24.123529138509184 6.1453375965356818 42.529943429632112 5.4913969563785958 15.033876039087771 5.5569377501960844 6.667274835985153 94.27117083594203 6.1151272621937123 51.56439560680883 8.1038810952813964 11.53764047892764 17.230034580941719 205.10733011843331 39.913710434921086 16.167267471551895 10.354369554668663 8.5003797304816526 14.930666847154496
leaf_count=1410 246 198 1529 214 212877 183 72 100 35 59 134 206 58 592 77 179 102 57 1049 175 935 171 403 586 16093 227 97 107 52 97
internal_value=1.90599e-10 0.00836578 0.0164237 0.000820993 -0.0479111 0.0110913 0.0124109 0.0192249 0.0401849 0.0145653 0.00736134 0.00410051 0.0251787 0.00625827 0.0019804 -0.0190844 -0.0396733 0.00792081 0.0143647 0.00201584 -0.00157657 -0.0122907 0.00424642 -0.0262043 -0.00630815 0.0180937 0.00766226 -0.00867039 0.0103098 0.0145117
internal_weight=958.237 815.791 394.481 421.31 142.446 264.261 251.032 106.849 19.4333 87.4162 144.183 121.878 22.3054 116.167 92.0432 26.0822 11.0483 211.089 100.938 110.151 94.5511 42.9867 19.6415 23.3452 210.221 77.4267 37.513 21.3457 65.961 57.4606
internal_count=238320 24033 4104 19929 214287 2575 2377 697 107 590 1680 1439 241 1305 1099 358 179 3590 1106 2484 2270 1335 574 761 16339 531 304 207 741 689
is_linear=0
shrinkage=0.05


Tree=62
num_leaves=31
num_cat=0
split_feature=4 4 13 13 8 2 3 2 13 8 13 1 1 2 13 11 0 0 0 9 0 1 12 7 11 0 13 6 11 4
split_gain=142.591 19.4422 7.80807 7.68838 6.19259 3.25506 3.21534 3.17665 2.99638 4.72075 3.56221 4.93109 3.42724 3.10078 6.35197 2.98445 3.41229 4.55122 3.90744 3.23429 3.8419 3.67372 7.80961 3.766 3.52031 3.35535 3.24519 3.18418 2.92411 2.87508
threshold=0.71008405089378368 0.87083333730697643 0.092612084001302733 0.11144183948636056 0.65000000596046459 0.61269831657409679 0.26643516123294836 0.57564997673034679 0.16129703819751742 1.0500000119209292 0.11501920595765115 0.66490218043327343 0.70421585440635692 0.70283418893814098 0.12695360928773883 0.04446640424430371 0.56271344423294078 0.54580584168434154 0.58700990676879894 0.80458039045333873 0.65934535861015331 0.71643051505088817 0.033908046782016761 0.76958248019218456 0.054093567654490478 0.62683075666427623 0.062992710620164885 0.69710826873779308 0.0098524559289217013 0.81534090638160717
decision_type=2 2 2 2 2 2 2 2 2 2 2 2 2 2 2 2 2 2 2 2 2 2 2 2 2 2 2 2 2 2
left_child=4 2 28 5 -1 -3 7 -4 9 10 -5 -12 -13 -14 -15 16 17 -7 -18 20 21 27 23 26 -22 -25 -23 -17 -2 -9
right_child=1 3 6 8 -6 15 -8 29 -10 -11 11 12 13 14 -16 19 18 -19 -20 -21 24 22 -24 25 -26 -27 -28 -29 -30 -31
leaf_value=-0.0046660703722556218 0.030933383186599113 -0.01330682388930348 -0.030710317415026712 0.048689228134524372 -0.050402807064763147 0.0039922960021776368 0.022661204507247186 -0.0030280785647464545 0.048249522495136199 0.032549790631274195 -0.039462477484462223 0.047139274784778695 -0.024583477172503625 0.036964006291609647 -0.011477305423996984 0.018136003979870176 -0.027445985346256193 0.047391181660824566 0.0068874589783786758 -0.0063246270787721262 0.045436850708963715 -0.030941927978678979 -0.047885546201722806 0.060260983908329138 0.0037620501730918862 0.0063364794149961632 0.014457301191737833 0.058445726445603821 -0.0073654919868581152 0.010673315556408141
leaf_weight=7.8618874226376638 5.1102377892530049 12.969857092830351 6.0848967473575604 5.8728907518088809 126.20676068982903 12.532723059877755 29.335404268436832 57.771703815644287 13.636512118624522 63.339440833311528 5.0122162895277134 6.2551086237654081 6.3664213996380559 14.391181823797526 12.774335129186509 16.15247673960403 8.9530591317452473 11.662660722620783 111.39282321743667 11.245157863944767 23.917171714827422 5.544578639790422 5.8767002969980231 6.7518783546984178 6.4294675160199395 5.0366167677566409 13.570002359338103 7.0319432066753498 201.44652079239313 113.52757574268617
leaf_count=1410 246 198 165 26 212877 204 307 1816 250 865 70 93 67 59 99 125 137 83 1242 79 168 47 37 33 34 31 88 69 16093 1302
internal_value=-1.7773e-10 0.00799741 0.000457343 0.0160554 -0.0477208 0.0111066 0.00732724 0.00479135 0.026099 0.0234496 0.0120746 0.00727465 0.0131624 0.0068243 0.0141849 0.0123933 0.00777791 0.0249114 0.00433324 0.0189622 0.0221108 0.0147744 0.00494853 0.0149958 0.0366073 0.0372218 0.00128832 0.0303621 -0.00641797 0.00605244
internal_weight=934.06 799.992 413.276 386.715 134.069 259.067 206.72 177.384 127.648 114.012 50.6722 44.7993 39.787 33.5319 27.1655 246.097 144.541 24.1954 120.346 101.556 90.3108 59.9642 36.7798 30.9031 30.3466 11.7885 19.1146 23.1844 206.557 171.299
internal_count=238320 24033 19929 4104 214287 2575 3590 3283 1529 1279 414 388 318 225 158 2377 1666 287 1379 711 632 430 236 199 202 64 135 194 16339 3118
is_linear=0
shrinkage=0.05


Tree=63
num_leaves=31
num_cat=0
split_feature=4 4 13 13 8 11 2 4 13 3 12 12 12 11 4 3 8 8 4 13 13 2 13 13 13 12 9 1 7 4
split_gain=132.216 19.039 7.71487 6.82665 6.29945 4.37395 5.24468 6.6721 4.53341 4.304 4.195 4.15532 4.5869 6.65115 3.77585 3.30179 3.13962 3.02879 4.15155 4.05745 5.0786 3.76421 5.12157 4.10106 3.9938 3.86185 3.5099 3.33761 3.00104 4.68121
threshold=0.71008405089378368 0.87083333730697643 0.12161172181367876 0.076298922300338759 0.65000000596046459 0.04446640424430371 0.66660284996032726 0.90454545617103588 0.10059626772999765 0.26643516123294836 0.039230769500136382 0.03637566231191159 0.031754031777381904 0.013423423748463394 0.77350428700447094 0.52857330441474926 1.2500000000000002 0.94999998807907116 0.93095237016677868 0.09472751617431642 0.079186528921127333 0.73498183488845836 0.049139048904180534 0.055443046614527709 0.053581949323415763 0.025978407822549347 0.78575715422630321 0.78015244007110607 0.73533678054809581 0.91287881135940563
decision_type=2 2 2 2 2 2 2 2 2 2 2 2 2 2 2 2 2 2 2 2 2 2 2 2 2 2 2 2 2 2
left_child=4 3 5 10 -1 15 7 -7 16 14 11 12 13 -2 -5 17 28 26 19 20 21 22 -19 27 -24 -26 -3 -23 -8 -30
right_child=1 2 -4 9 -6 6 8 -9 -10 -11 -12 -13 -14 -15 -16 -17 -18 18 -20 -21 -22 23 24 -25 25 -27 -28 -29 29 -31
leaf_value=-0.0041442549121896146 0.045490425920375395 -0.0016117994592973297 0.027922739822121196 -0.020209997756005665 -0.050382385568589143 -0.042225999474749983 0.027191547437317016 0.014995091886723389 0.040442220311655043 0.021405990617729062 -0.043180166612732711 0.035488700033136138 -0.050093958896178972 -0.0085607710544060214 0.0044114670340489829 0.036169740728680295 0.03735675615970098 -0.019708558447428429 0.032050925045151973 -0.017766301996417693 0.033927349549394921 -0.028098587221515561 0.059695709533614229 -0.031356615646180336 -0.021829139891233567 0.030874697753057147 -0.044900305769605547 0.018599139425032562 0.015015241245404647 -0.024608772607177937
leaf_weight=7.8554439226863897 5.9662622095529505 32.973138732486404 96.882275481941178 16.862744401776581 118.26656389708751 7.2544150901958373 18.914031539112329 17.109220946207643 29.036545998416841 34.981499641988194 8.1672171624304593 5.7019100431716643 6.200314870580768 123.58200188040428 203.32988798455335 8.6173991821706277 14.621608266606925 7.7551417944487211 16.044324461370707 16.769294073805213 16.555182497948408 5.3308762474916938 6.7185989301651743 12.66239649010822 5.1590166483074418 10.652910257223992 5.4576922580599776 13.557555130682884 23.390321159735322 10.940212639048694
leaf_count=1410 423 557 1324 2249 212877 80 143 141 197 400 1710 451 895 10994 2807 48 147 153 137 105 105 87 54 149 58 78 151 181 136 73
internal_value=-1.69653e-10 0.00766917 0.0157639 0.000142158 -0.0475025 0.0115496 0.0186947 -0.00204282 0.0239086 0.00511416 -0.00833762 -0.00632585 -0.0080822 -0.00607148 0.00252591 0.00607448 0.0168347 0.00434132 0.00852313 0.00455629 0.00933147 0.00274654 0.0153379 -0.00933989 0.027401 0.0136788 -0.00775935 0.00541965 0.011199 0.00238814
internal_weight=907.316 781.194 376.402 404.792 126.122 279.52 121.266 24.3636 96.9027 255.174 149.618 141.45 135.749 129.548 220.193 158.254 67.8662 149.636 111.205 95.161 78.3917 61.8365 30.2857 31.5508 22.5305 15.8119 38.4308 18.8884 53.2446 34.3305
internal_count=238320 24033 4104 19929 214287 2780 917 221 696 5456 14473 12763 12312 11417 5056 1863 499 1815 1107 970 865 760 343 417 190 136 708 268 352 209
is_linear=0
shrinkage=0.05


Tree=64
num_leaves=31
num_cat=0
split_feature=4 4 3 13 13 13 2 8 11 8 11 5 13 12 4 12 12 5 13 13 13 4 8 7 13 12 12 9 4 6
split_gain=123.121 18.5906 8.25545 6.50376 5.76449 5.70588 3.71389 3.40361 3.74885 2.8204 3.30895 6.24385 2.79079 4.46243 2.91023 3.16005 3.00448 2.88182 3.85756 5.17482 3.38672 2.76682 5.80382 2.93868 2.82341 4.21846 4.91984 2.56993 2.5107 2.42803
threshold=0.71008405089378368 0.87867647409439098 0.33523347973823553 0.12161172181367876 0.10601943358778955 0.092612084001302733 0.76284614205360424 0.84999999403953563 0.035098522901535041 0.94999998807907116 0.024099883623421196 0.71723267436027538 0.046976227313280113 0.009569597430527212 0.93095237016677868 0.060661764815449722 0.022474748082458976 0.74216011166572582 0.053581949323415763 0.061155574396252639 0.073929782956838622 0.81534090638160717 1.0500000119209292 0.65479591488838207 0.036791661754250533 0.014815627597272398 0.021980676800012592 0.73458057641983043 0.91287881135940563 0.73821642994880687
decision_type=2 2 2 2 2 2 2 2 2 2 2 2 2 2 2 2 2 2 2 2 2 2 2 2 2 2 2 2 2 2
left_child=3 2 5 -1 9 21 -6 29 -9 10 -3 -12 13 -11 15 17 -16 18 -14 -20 -19 22 24 -23 27 -26 -27 -2 -22 -4
right_child=1 4 7 -5 6 -7 -8 8 -10 12 11 -13 14 -15 16 -17 -18 20 19 -21 28 23 -24 -25 25 26 -28 -29 -30 -31
leaf_value=-0.050421660379996236 0.035412607556882164 0.024242353352369145 0.015611125571193618 -0.0034281097521717979 0.028711682238022597 0.0042182723535763673 0.0034739057970850466 -0.032155629249253359 0.015145086320185491 0.030104015597255753 0.0058713642166794734 -0.046542862521988276 0.039011467894671664 -0.02182577672357694 0.0032032120917304544 -0.021110573387889443 0.042973768499869995 0.01255846342862744 -0.030896153133014727 0.010527719972246753 0.063579533010686723 -0.036798243527248607 -0.051722414766504889 -0.0017639077423614417 -0.048599139547286993 0.013589699403247944 -0.022294460967695617 -0.012347406031015454 0.02637485249240511 0.042932150612197073
leaf_weight=111.14071150694417 5.8440154198033252 9.3009319002740067 16.542438755277544 7.8848813010372387 102.58057796186768 188.39299390697488 16.9914745753631 5.4816893630340955 17.76217865885701 6.2394319511950043 18.284070059191439 8.2436944097280485 9.8150356789119524 12.276821489678694 6.513912025839093 6.3622443974018088 17.525204843841493 21.990165434544906 8.5589467743411642 63.28819428384304 7.6259263139218119 6.3036796762025906 9.7590908103884413 118.60709957688232 7.9840088112978256 15.270808443805434 25.505045555648394 5.4372451475646812 11.186401315033434 15.994913132395594
leaf_count=208349 340 151 198 5938 1374 3431 109 414 282 57 207 110 91 307 55 57 112 191 107 489 32 303 8706 3171 569 607 1784 602 83 94
internal_value=-2.36357e-10 0.00735427 0.000631468 -0.0473086 0.0163833 -0.00198521 0.0251253 0.0186028 0.00398998 0.0113387 -0.00141943 -0.0104167 0.0140059 -0.00432697 0.0162265 0.0132463 0.0321971 0.0150312 0.0096096 0.00559301 0.0258821 -0.00798741 -0.0159607 -0.00353193 -0.010148 -0.0153633 -0.00885562 0.0123936 0.0414565 0.0290418
internal_weight=884.694 765.668 438.885 119.026 326.783 383.104 119.572 55.7812 23.2439 207.211 35.8287 26.5278 171.382 18.5163 152.866 128.827 24.0391 122.465 81.6622 71.8471 40.8025 194.711 69.8002 124.911 60.0411 48.7599 40.7759 11.2813 18.8123 32.5374
internal_count=238320 24033 20501 214287 3532 19513 1483 988 696 2049 468 317 1581 364 1217 1050 167 993 687 596 306 16082 12608 3474 3902 2960 2391 942 115 292
is_linear=0
shrinkage=0.05


Tree=65
num_leaves=31
num_cat=0
split_feature=4 4 3 13 11 0 13 0 12 9 12 12 0 5 9 11 2 2 7 11 8 12 12 0 12 13 13 12 13 13
split_gain=114.487 18.3051 8.17299 7.19074 5.28582 6.83812 4.78718 4.25927 3.84307 3.91927 4.17302 5.97921 3.67789 3.66421 3.17174 3.10349 3.0928 4.42016 3.21437 3.08649 3.08412 3.03198 3.87441 2.74267 5.60465 2.67552 5.16691 4.85641 3.1033 3.0903
threshold=0.71008405089378368 0.87867647409439098 0.33523347973823553 0.12161172181367876 0.048809524625539787 0.76459333300590526 0.11144183948636056 0.77560177445411693 0.087121214717626586 0.77180641889572155 0.021980676800012592 0.019803921692073349 0.71936339139938366 0.72416293621063244 0.8038233518600465 0.064583335071802153 0.76284614205360424 0.7506794035434724 0.77307459712028515 0.04446640424430371 0.94999998807907116 0.011050061322748663 0.014389234129339458 0.6963615119457246 0.054093567654490478 0.10059626772999765 0.10371665284037591 0.048809524625539787 0.079186528921127333 0.037470635026693351
decision_type=2 2 2 2 2 2 2 2 2 2 2 2 2 2 2 2 2 2 2 2 2 2 2 2 2 2 2 2 2 2
left_child=3 2 4 -1 5 8 -3 -7 9 12 11 13 25 -11 23 16 17 -8 -18 -10 -4 -6 -23 -12 -25 27 -27 28 29 -2
right_child=1 6 20 -5 21 7 15 -9 19 10 14 -13 -14 -15 -16 -17 18 -19 -20 -21 -22 22 -24 24 -26 26 -28 -29 -30 -31
leaf_value=-0.050404518059137426 0.0089517620350272869 0.011819008177419717 0.026637334254047587 0.0015707068705895718 0.041119972053042651 0.051228054836079041 0.020403854864042399 0.0021679687430372985 -0.058313808468929321 0.0065091941676980042 -0.04903529760600106 0.042664725635517715 0.025982616069923109 -0.038726521239840273 -0.061635192538189554 0.03992969761483952 -0.028180154586576741 0.069011732500734335 0.024453827850743553 -0.008882231012534594 0.0013317225975635416 -0.038527927217286428 0.0054295111800787199 0.015446700881241449 -0.044561703570762758 0.053568437918522949 -0.0040714802742916395 -0.034741907796289148 0.01559799190884863 -0.013362426257780917
leaf_weight=105.10820462362608 20.046384752346057 215.84843817539513 36.831704217125662 7.1043705693737129 5.6560103230294763 7.5394597248086965 62.331304894760251 10.706336740724508 7.013346908381207 8.4422953544126411 6.9637095706639291 5.3665000192122525 9.7988240958075021 9.5303762182411429 6.8911380368299424 25.724500176031142 6.2702348576858622 5.0563769671134642 5.3978263614699244 5.7444046393502504 17.887828976643505 5.2096837926364961 132.6503877436262 8.7133586926502158 7.0305989408516316 5.2990150144032695 14.600979879724035 15.391382755642551 16.010188717758865 68.655525314177794
leaf_count=208349 2477 2139 397 5938 114 155 904 316 137 994 930 350 310 1602 1291 368 33 49 39 92 591 141 2144 514 334 74 320 1140 248 5830
internal_value=2.37154e-11 0.0070246 0.000306575 -0.0471139 -0.00231269 -0.00695021 0.0160757 0.0224404 -0.00943866 -0.0077637 -0.0194581 -0.00364904 -0.00363106 -0.017478 -0.0319238 0.0248446 0.0199359 0.0240511 -0.00383086 -0.0360564 0.0183649 0.00524041 0.00376837 -0.0229073 -0.0113506 -0.00570372 0.011277 -0.00851726 -0.00466257 -0.00831948
internal_weight=864.821 752.608 431.979 112.213 377.26 233.744 320.629 18.2458 215.498 202.74 52.938 23.3392 149.802 17.9727 29.5988 104.78 79.0557 67.3877 11.6681 12.7578 54.7195 143.516 137.86 22.7077 15.744 140.003 19.9 120.103 104.712 88.7019
internal_count=238320 24033 20501 214287 19513 17114 3532 471 16643 16414 6015 2946 10399 2596 3069 1393 1025 953 72 229 988 2399 2285 1778 848 10089 394 9695 8555 8307
is_linear=0
shrinkage=0.05


Tree=66
num_leaves=31
num_cat=0
split_feature=4 4 3 13 13 13 11 2 2 2 5 7 8 6 3 4 8 1 1 0 11 1 12 2 5 0 7 1 9 11
split_gain=107.344 15.8609 7.22872 6.60849 5.27234 4.28087 3.05548 3.20955 3.993 5.00846 4.28806 3.25818 2.96242 2.8794 2.68119 2.66507 5.26423 2.6045 2.4597 3.40025 3.02383 2.99029 3.66729 3.14702 3.44699 3.14749 3.70197 2.64434 4.50277 2.48912
threshold=0.71008405089378368 0.87867647409439098 0.33523347973823553 0.12161172181367876 0.092612084001302733 0.11144183948636056 0.064583335071802153 0.62350976467132579 0.76284614205360424 0.7506794035434724 0.71513941884040844 0.77307459712028515 0.94999998807907116 0.73821642994880687 0.44828683137893682 0.81534090638160717 1.0500000119209292 0.62956127524375927 0.81771615147590648 0.76459333300590526 0.048809524625539787 0.77314829826354992 0.087121214717626586 0.69020774960517894 0.68249076604843151 0.70970851182937633 0.74226555228233349 0.67528334259986889 0.66437062621116649 0.04446640424430371
decision_type=2 2 2 2 2 2 2 2 2 2 2 2 2 2 2 2 2 2 2 2 2 2 2 2 2 2 2 2 2 2
left_child=3 2 4 -1 15 17 7 -7 9 10 -9 -10 13 14 -4 16 -2 -3 19 20 21 22 23 24 -6 -25 -27 28 -22 -24
right_child=1 5 12 -5 18 6 -8 8 11 -11 -12 -13 -14 -15 -16 -17 -18 -19 -20 -21 27 -23 29 25 -26 26 -28 -29 -30 -31
leaf_value=-0.050390444621376165 -0.010470479673925346 -0.016570480877737756 0.044441597138070096 -0.00039369620095911775 0.0046184987565891129 -0.020026029035795465 0.038885518120711227 0.035356220662007921 -0.029088236243962329 0.072180934430091409 0.0078543006498574871 0.023643111670565368 0.00055736865706668593 0.041174202213703825 0.0022669451108003119 -0.0035882349625123156 -0.051642282069231153 0.012237745451593299 -0.027958617749782463 0.018896087208575555 -0.012526863729678296 -0.043448855397096212 -0.050546743457741287 0.032851905904829656 -0.042684535177331999 0.025930750733837157 -0.031162708586203316 0.0032359586761613632 0.044047808383477272 -0.0038122028592356516
leaf_weight=98.950539863987615 57.061941310792463 8.1564485745038819 5.0385935558006194 7.0824197537049249 10.092519328551136 5.0052581829950205 24.654108519665897 29.206922126933932 6.489121111109851 5.4524165811017147 27.535968590062112 5.3400673950091004 17.414923646778334 16.383334391750395 14.949385994696057 121.19242229519296 8.9865218103077478 205.9267302963417 5.8383392667674334 35.320000639534555 5.193165274802598 5.2210715254259403 6.0884543994179676 12.140105690548809 6.2277112078591008 5.4609472830998111 5.9140092985762749 67.649799250299111 10.896796180837553 5.3550204585772008
leaf_count=208349 3902 110 78 5938 257 129 368 469 33 49 306 39 591 111 208 3474 8706 2029 167 590 95 202 135 182 223 93 155 1041 199 92
internal_value=9.05491e-12 0.00674007 0.000392007 -0.0470509 -0.00210639 0.0151789 0.023518 0.0187239 0.021344 0.0264085 0.0220102 -0.00528365 0.0175154 0.0256351 0.0128984 -0.00799194 -0.0160723 0.0111402 0.00396874 0.0050305 0.00153839 -0.00739993 -0.00372952 0.00343717 -0.0134321 0.015145 -0.00375299 0.00756914 0.0257879 -0.0286771
internal_weight=846.225 740.192 422.425 106.033 368.639 317.767 103.684 79.0298 74.0245 62.1953 56.7429 11.8292 53.7862 36.3713 19.988 187.241 66.0485 214.083 181.398 175.56 140.24 56.4998 51.2788 39.8353 16.3202 23.5151 11.375 83.7398 16.09 11.4435
internal_count=238320 24033 20501 214287 19513 3532 1393 1025 896 824 775 72 988 397 286 16082 12608 2139 3431 3264 2674 1339 1137 910 480 430 248 1335 294 227
is_linear=0
shrinkage=0.05


Tree=67
num_leaves=31
num_cat=0
split_feature=4 4 13 13 13 3 4 11 0 11 2 13 5 6 7 8 11 5 13 12 4 12 0 5 13 2 11 13 4 12
split_gain=100.052 15.1747 7.245 6.5318 4.96373 3.91906 3.32345 4.55031 3.71998 3.0785 2.97931 2.97502 4.12579 3.47129 2.88339 2.61404 3.49259 5.11904 2.65697 3.56206 2.95247 3.94182 3.13325 3.93181 4.25561 5.53213 3.93487 3.41668 3.32253 3.02603
threshold=0.71008405089378368 0.87867647409439098 0.099877879023551955 0.12161172181367876 0.10601943358778955 0.42452006042003637 0.82843136787414562 0.028174603357911113 0.61052933335304271 0.051315790042281158 0.78750726580619823 0.15362762659788134 0.62618795037269603 0.67478573322296154 0.62576499581336986 0.94999998807907116 0.024099883623421196 0.71723267436027538 0.046976227313280113 0.009569597430527212 0.91987180709838878 0.054093567654490478 0.56271344423294078 0.74128085374832164 0.092612084001302733 0.75326335430145275 0.024099883623421196 0.097308155149221434 0.91287881135940563 0.022991543635725979
decision_type=2 2 2 2 2 2 2 2 2 2 2 2 2 2 2 2 2 2 2 2 2 2 2 2 2 2 2 2 2 2
left_child=3 2 5 -1 15 14 8 -8 -4 -10 -6 12 -9 -14 -2 16 -3 -18 19 -17 22 29 -20 26 25 -25 -24 28 -28 -22
right_child=1 4 6 -5 10 -7 7 11 9 -11 -12 -13 13 -15 -16 18 17 -19 20 -21 21 -23 23 24 -26 -27 27 -29 -30 -31
leaf_value=-0.050374582999614996 -0.039596235037971994 0.023917409590776442 0.035256718444992313 -0.00038290668508095314 0.025320450882428548 0.013687736043111574 0.053151163659566403 -0.030655260555591826 -0.013465549276187061 0.006586893426432365 -0.0093382662554654054 0.030925057667906222 0.041914011455105482 0.0064694325503212545 -0.0067307343908576487 0.025512160552927984 0.0030252921312858244 -0.045561882700224328 0.029420722831557163 -0.021693934280848072 0.011949769273993879 -0.0068969511301954778 0.038172481926910772 0.033922060476819747 0.057603156158562242 -0.01618565974823831 -0.0062764038652579762 0.023670411511762648 -0.043648207194609406 0.040122096563138657
leaf_weight=93.034263573506905 6.9015971329790764 9.2567189368419331 7.0265546335285753 7.0275378442138381 104.9187647071667 23.578496249203454 6.9019816620275369 6.6700432645156971 35.814525839967246 41.110689398432442 6.5900297891348592 15.530014707241206 7.8095133313909164 59.817054681712762 202.05981799756773 6.0746069429442313 17.584487906889994 7.8371653864160171 16.700717431958765 11.679633430670945 14.297503125853835 8.3081323578953725 5.2656083516776553 11.71658309642226 6.0782799534499636 10.395780889550222 30.676345139741898 7.3711643600836387 7.3776483964174977 28.594813918229192
leaf_count=208349 1000 151 126 5938 1449 612 43 80 1025 807 34 194 149 686 15779 57 207 110 139 307 134 60 53 70 28 103 251 68 77 234
internal_value=5.4035e-11 0.00647737 0.000200049 -0.0468636 0.0148253 -0.00563582 0.00771094 0.0140285 0.000431947 -0.00274904 0.0232722 0.0110224 0.0068622 0.0105626 -0.00781622 0.0100973 -0.00237846 -0.0119535 0.0127268 -0.00554239 0.0149365 0.0246255 0.00974643 0.00558101 0.0205499 0.0103647 -0.00274366 -0.0074866 -0.0135218 0.0307313
internal_weight=824.006 723.944 413.22 100.062 310.724 232.54 180.68 96.7286 83.9518 76.9252 111.509 89.8266 74.2966 67.6266 208.961 199.215 34.6784 25.4217 164.537 17.7542 146.783 51.2004 95.5821 78.8814 28.1906 22.1124 50.6908 45.4252 38.054 42.8923
internal_count=238320 24033 20501 214287 3532 17391 3110 1152 1958 1832 1483 1109 915 835 16779 2049 468 317 1581 364 1217 428 789 650 201 173 449 396 328 368
is_linear=0
shrinkage=0.05


Tree=68
num_leaves=31
num_cat=0
split_feature=4 4 8 13 13 12 2 7 1 6 11 11 13 0 7 11 12 9 11 9 13 13 13 6 12 1 0 5 0 2
split_gain=93.2514 14.6414 7.76771 6.33879 5.86107 4.35793 4.25282 5.26489 4.22541 4.39925 6.88279 4.91164 3.56621 3.81591 6.06277 3.5009 3.05397 2.96201 2.87303 5.42084 4.55032 5.31482 2.99631 2.86565 2.86456 5.14559 4.49967 3.87579 3.74864 3.09987
threshold=0.71008405089378368 0.85164836049079906 1.3499999642372134 0.12161172181367876 0.15362762659788134 0.035098522901535041 0.6298634707927705 0.66700825095176708 0.77314829826354992 0.75341644883155834 0.023532669059932235 0.042572464793920524 0.078600231558084502 0.70554029941558849 0.79284507036209118 0.042572464793920524 0.054093567654490478 0.66168510913848888 0.057189542800188072 0.69091796875000011 0.0818317085504532 0.12695360928773883 0.13722944259643557 0.6226901412010194 0.022991543635725979 0.66702407598495495 0.64424356818199169 0.73214125633239757 0.61557489633560192 0.64255923032760631
decision_type=2 2 2 2 2 2 2 2 2 2 2 2 2 2 2 2 2 2 2 2 2 2 2 2 2 2 2 2 2 2
left_child=3 2 5 -1 6 24 7 15 9 10 -7 -11 13 17 -15 -3 -13 -8 19 -12 -21 -22 -23 -9 26 -26 28 -28 29 -2
right_child=1 4 -4 -5 -6 8 12 23 -10 11 18 16 -14 14 -16 -17 -18 -19 -20 20 21 22 -24 -25 25 -27 27 -29 -30 -31
leaf_value=-0.050360076043013013 -0.028279261666652074 -0.065442986460757996 -0.056387523634315262 -0.00083931845793066683 0.040538014112128873 -0.039211476908895891 0.046394174730547133 0.029546483921265972 -0.010845817985741735 0.045197030789972822 0.024387067891577074 -0.026304972315519756 0.016758611454696152 0.014510784987963959 -0.060875289221480403 -0.0088035175424830952 0.019772549412062756 0.007456173416007586 0.020179461664961734 0.033886448775793138 -0.024831899641227052 0.027806754728361006 -0.016861965612804553 -0.011862298953640788 0.022019234857806342 -0.027744366574144648 0.052557544201069756 -0.0057837308472887868 -0.037633221429402439 0.0013563570483464216
leaf_weight=87.442415631230688 10.494973728134935 5.0115184090100247 6.4366880776033204 6.9777311584693953 17.712950302287936 8.7614155877236026 5.0695975082926443 8.8113563768565673 37.227998285525246 15.0296296537781 18.988357648544479 5.1165344143664724 211.29115746449679 5.4855172429233772 5.1907561079133302 5.9880997897125781 12.100982237039714 133.4382382533513 29.267422178672859 6.048321042679162 29.558602384371625 9.9532310896320251 6.0278459667169946 7.9457478390540919 6.218205770586791 31.556096796550264 6.2760759459051751 5.2098738094282453 9.0785902476272877 55.412942913564621
leaf_count=208349 1227 137 3209 5938 358 1229 61 102 1495 517 358 59 2040 85 110 133 167 1810 510 322 795 185 152 167 394 2407 292 632 1024 4056
internal_value=-3.14635e-10 0.00616959 -0.00203614 -0.0467004 0.0124109 -0.000878968 0.0111276 -0.00773129 0.00413528 0.00809486 0.00327985 0.0243113 0.0125798 0.00666122 -0.0221416 -0.0346089 0.00607968 0.00888136 0.00700852 0.00154664 -0.0068604 -0.0122722 0.0109583 0.0099116 -0.00806579 -0.0195525 -0.00304796 0.0260947 -0.00751184 -0.00336273
internal_weight=809.129 714.709 308.764 94.4201 405.945 302.327 388.232 27.7567 178.08 140.852 108.605 32.2471 360.475 149.184 10.6763 10.9996 17.2175 138.508 99.8438 70.5764 51.588 45.5397 15.9811 16.7571 124.247 37.7743 86.4725 11.4859 74.9865 65.9079
internal_count=238320 24033 19030 214287 5003 15821 4645 539 5789 4294 3551 743 4106 2066 195 270 226 1871 2322 1812 1454 1132 337 269 10032 2801 7231 924 6307 5283
is_linear=0
shrinkage=0.05


Tree=69
num_leaves=31
num_cat=0
split_feature=4 4 8 13 11 4 7 8 4 11 7 12 13 9 6 4 13 5 0 12 0 11 5 0 4 11 3 0 2 0
split_gain=87.4128 14.8414 7.38499 6.16104 5.85964 5.22641 4.17922 3.68964 3.66132 4.2944 3.49709 3.56759 5.02955 3.41732 3.25047 3.88664 3.09066 3.00494 3.11624 2.97371 3.60548 2.9703 2.80212 4.60243 4.47188 3.41023 2.76504 3.32126 4.39798 3.8114
threshold=0.65686276555061351 0.85164836049079906 1.3499999642372134 0.10259784013032915 0.087121214717626586 0.71008405089378368 0.70333340764045726 0.94999998807907116 0.91987180709838878 0.048809524625539787 0.81479325890541088 0.032795699313282974 0.086088988929986968 0.67477193474769603 0.74643582105636608 0.90454545617103588 0.09472751617431642 0.7001662850379945 0.69811716675758373 0.022991543635725979 0.65406289696693432 0.015038444194942715 0.7094252109527589 0.61557489633560192 0.81534090638160717 0.03637566231191159 0.47417345643043524 0.63574334979057323 0.65351045131683361 0.61220878362655651
decision_type=2 2 2 2 2 2 2 2 2 2 2 2 2 2 2 2 2 2 2 2 2 2 2 2 2 2 2 2 2 2
left_child=-1 2 4 7 5 -2 -6 26 -9 16 11 12 -7 -5 15 17 19 -15 -19 -10 -21 -13 23 -23 -25 -26 27 28 -3 -30
right_child=1 3 -4 13 6 10 -8 8 9 -11 -12 21 -14 14 -16 -17 -18 18 -20 20 -22 22 -24 24 25 -27 -28 -29 29 -31
leaf_value=-0.0503262029890435 -0.041481441867471998 -0.038500064485147839 -0.055570270307292016 -0.0079272691565575124 0.051405584762533277 -0.0053040798357967163 0.0031078333893051584 0.005952326058024102 0.0033359519256476867 0.052980793306605406 -0.036213661033809484 -0.028482314378576564 -0.048917925205059949 0.033065985721827888 0.014597461616238115 0.04219189935876224 -0.019213529316655403 0.026838068275763682 -0.01387590326684608 0.064648206472558256 0.019244894476826063 0.024280344985736686 0.012342084588220437 -0.021370714521544636 0.036032772618898146 -0.0024637408942705928 0.023005200046913702 -0.024812415129822667 -0.0028741555939407696 0.037038913629433103
leaf_weight=77.768184538421337 8.6846346643869747 5.7300271734129629 6.461018779229561 10.576548203360288 8.5689372064734943 103.17823720646265 9.3840816622250696 128.43734390020836 14.92012829100713 9.0741248019039613 7.3120333350161664 6.9118670512325471 7.0627717360330271 17.912909008562565 79.443942532641813 31.993390887510031 5.691001020371913 8.5712052853778022 10.405525513924657 6.1716766497120288 14.998738047434015 14.60245000724535 70.667729775239422 29.394877462524164 7.0115966922603539 32.044017119798809 8.3017551293596608 18.903827702160925 19.134809631155807 8.701138661708681
leaf_count=198596 14221 168 4567 163 144 8929 225 1496 186 75 678 1135 180 302 629 670 40 76 167 46 147 470 2167 1353 146 506 65 337 329 107
internal_value=9.19287e-11 0.0055104 -0.00267219 0.0118947 -0.00155096 -0.0032852 0.0261602 0.00683955 0.0104484 0.0218033 -0.00209275 -0.00117169 -0.00809827 0.0195317 0.0214897 0.0294386 0.0150321 0.018378 0.00451334 0.0204322 0.032481 0.00358198 0.00502372 -0.0012033 -0.0066397 0.00444748 -0.00380751 -0.00804981 0.00139063 0.00960213
internal_weight=788.021 710.252 311.284 398.968 304.823 286.87 17.953 240.065 179.293 50.8557 278.186 270.874 110.241 158.904 148.327 68.883 41.7815 36.8896 18.9767 36.0905 21.1704 160.633 153.721 83.0529 68.4505 39.0556 60.7716 52.4698 33.566 27.8359
internal_count=238320 39724 34721 5003 30154 29785 369 2996 1990 494 15564 14886 9109 2007 1844 1215 419 545 243 379 193 5777 4642 2475 2005 652 1006 941 604 436
is_linear=0
shrinkage=0.05


Tree=70
num_leaves=31
num_cat=0
split_feature=4 4 3 4 13 8 0 9 9 1 11 8 13 4 0 0 9 11 11 11 5 12 5 2 13 13 13 3 11 13
split_gain=82.4591 14.0538 6.50601 6.58474 5.08911 5.06777 4.53711 4.03765 3.82518 3.40566 3.24897 3.91563 3.6548 3.0483 3.73925 4.80081 2.99978 2.99718 3.24396 3.41917 4.33932 3.59503 3.02582 2.93854 3.84917 5.23456 2.87075 2.77259 3.38397 2.55384
threshold=0.65686276555061351 0.87083333730697643 0.33523347973823553 0.77350428700447094 0.078600231558084502 0.84999999403953563 0.71936339139938366 0.760115146636963 0.69013676047325145 0.81771615147590648 0.057189542800188072 0.84999999403953563 0.099877879023551955 0.92582416534423839 0.55601415038108837 0.54580584168434154 0.66566005349159252 0.01835016813129187 0.028991596773266796 0.040833333507180221 0.72416293621063244 0.054093567654490478 0.71566015481948864 0.77522224187850963 0.098206978291273131 0.12161172181367876 0.097308155149221434 0.51215034723281871 0.035098522901535041 0.053060851991176612
decision_type=2 2 2 2 2 2 2 2 2 2 2 2 2 2 2 2 2 2 2 2 2 2 2 2 2 2 2 2 2 2
left_child=-1 2 3 5 13 -2 7 10 26 -8 11 -5 -12 14 15 16 -3 -9 -19 20 -20 22 -21 -10 -25 -26 -6 -4 -29 -15
right_child=1 4 27 6 8 -7 9 17 23 -11 12 -13 -14 29 -16 -17 -18 18 19 21 -22 -23 -24 24 25 -27 -28 28 -30 -31
leaf_value=-0.05031467605688475 -0.011137970910633498 0.035343726725498202 0.025534065935511687 -0.040995151819343177 -0.02643258849628426 -0.050788824956692014 0.012185018970467493 0.010341578181151129 0.022896687296333405 -0.027874639592876328 -0.010593901061768158 -0.0025012396871187557 0.027241033884172844 -0.011569855096969357 -0.0039787148227978545 0.050074033409027635 -0.0087798856319393475 -0.054610622272695364 0.033747124077667084 -0.049438698753803391 -0.025553208451343158 -0.064926362112836089 -0.0063265165473938862 0.032095023145907696 -0.034228744561286564 0.021809381355178913 0.010620051101923106 -0.034128774859124106 0.013775467832702776 0.027767864552650026
leaf_weight=73.635658583383702 24.729793195147067 5.3908341040369185 28.594338083763432 7.0150397534016511 7.559641374275091 11.953691756489205 68.312767483643256 8.3122557554452197 151.76277158712037 5.7522621758107553 9.7727515064179915 113.37668261374347 18.401563349645585 5.0989791399333653 80.824133285437711 7.97822297271341 13.494443131959995 6.6374929473095099 6.3414515594486129 5.5605748501839178 6.0073714448371902 5.0501239392906419 15.1815508690197 8.4228956783190387 9.3642980568110961 7.5088575975969425 16.945369395893067 5.065059308073617 13.545384021323114 21.619178676977754
leaf_count=198596 2168 85 730 194 66 23595 1213 720 1838 188 102 3530 228 121 1131 64 235 1014 300 138 376 59 259 51 41 47 238 578 228 187
internal_value=8.31713e-11 0.00532643 -0.00154312 -0.00415736 0.0126793 -0.0240586 -0.00150959 -0.00539668 0.0177044 0.00907378 -0.00116728 -0.00474422 0.0141173 0.0051434 0.00139271 0.0175537 0.00381527 -0.0172319 -0.0223504 -0.0167363 0.0048991 -0.027095 -0.0178841 0.0202669 0.00448957 -0.00929077 -0.000810455 0.0157581 0.000737743 0.0202605
internal_weight=769.215 695.58 359.61 312.405 335.97 36.6835 275.722 201.657 201.564 74.065 148.566 120.392 28.1743 134.406 107.688 26.8635 18.8853 53.0908 44.7786 38.1411 12.3488 25.7922 20.7421 177.059 25.2961 16.8732 24.505 47.2048 18.6104 26.7182
internal_count=238320 39724 35620 34084 4104 25763 8321 6920 2281 1401 4054 3724 330 1823 1515 384 320 2866 2146 1132 676 456 397 1977 139 88 304 1536 806 308
is_linear=0
shrinkage=0.05


Tree=71
num_leaves=31
num_cat=0
split_feature=4 4 8 0 1 13 8 12 3 13 13 13 9 6 13 4 12 13 11 8 5 9 12 12 6 4 11 13 12 0
split_gain=77.1466 12.9475 11.4076 7.02704 9.35741 5.47064 4.91466 4.93691 4.19258 3.81899 6.99101 4.11144 3.98986 4.64654 3.75122 3.58042 4.18541 3.2804 3.54217 3.04374 2.97633 3.69542 4.083 6.25486 9.55694 4.97175 5.23569 5.43262 4.66785 3.43289
threshold=0.65686276555061351 0.82843136787414562 1.1500000357627871 0.68669852614402782 0.85648217797279369 0.079675819724798216 0.75000000000000011 0.019803921692073349 0.33523347973823553 0.083058293908834471 0.089706104248762145 0.09472751617431642 0.84654518961906444 0.71529537439346325 0.067870907485485091 0.92582416534423839 0.022991543635725979 0.028524881228804592 0.018019480630755428 1.2500000000000002 0.60174071788787853 0.74263256788253795 0.011299795936793091 0.013793759513646366 0.76550221443176281 0.90454545617103588 0.025978407822549347 0.070484824478626265 0.010582306887954475 0.55102175474166881
decision_type=2 2 2 2 2 2 2 2 2 2 2 2 2 2 2 2 2 2 2 2 2 2 2 2 2 2 2 2 2 2
left_child=-1 2 8 6 5 14 7 -3 -2 -7 -11 -12 13 -13 -5 17 19 -8 -19 -17 -20 -22 28 24 -24 26 -25 -28 29 -23
right_child=1 3 -4 4 -6 9 15 -9 -10 10 11 12 -14 -15 -16 16 -18 18 20 -21 21 22 23 25 -26 -27 27 -29 -30 -31
leaf_value=-0.050302823457526541 -0.0059084054747089347 0.0086262415384039861 -0.05330124025090948 0.011809879455842109 -0.046149194298069476 0.054560358790736854 0.043538451461257711 -0.050865177057579508 0.014583717734395103 -0.031621216246002073 0.053673144775524907 0.037733189512414368 0.062285073247833111 0.014241004646215664 -0.027623902265686215 -0.027577455815536514 0.039730383655418727 -0.031394563499225731 -0.030534212582536743 0.022458703202775487 0.011097560369185208 0.026677064048409024 0.0046543341746063636 0.031588135288793139 -0.080529207346874035 0.019465372404355804 -0.043384744169926388 -0.0034589200099047882 0.055236286257921464 -0.022800673969799814
leaf_weight=69.22093406746535 157.16106703270634 6.2393218537908961 11.821259369404286 14.986289424530698 5.8656478938646606 8.0221140264766273 5.018419843632727 7.9062228818656877 29.672761726716999 6.4964212174527338 9.2339605481829476 25.002649825997651 5.2444133278913787 133.09523473563604 10.092084902338682 5.3574594864621776 15.621176644228397 7.3820011970819897 6.1185122223105273 7.0243211479391903 110.47631310432917 7.0860053710057418 6.443760871072298 6.2990807146998113 6.7332501041237265 20.203043476678431 13.250837836065328 23.864353137556463 5.8909542999463147 6.9385384054621682
leaf_count=198596 16157 182 15484 341 56 55 37 171 934 93 72 762 78 1281 170 72 179 381 128 87 1523 96 90 189 150 216 291 242 68 139
internal_value=-3.22223e-10 0.00508658 -0.00566771 0.00948343 0.0161479 0.0178702 0.00405838 -0.0246247 -0.00265387 0.0208096 0.0192976 0.0212144 0.0193795 0.0179562 -0.00405913 0.00565761 0.0225207 0.00356542 0.00265643 0.000808611 0.00383486 0.00484983 -0.00228726 -0.00751911 -0.0388731 -0.00102477 -0.01056 -0.0177132 0.0178868 0.00219832
internal_weight=753.768 684.547 198.655 485.892 218.039 212.173 267.854 14.1455 186.834 187.095 179.073 172.576 163.342 158.098 25.0784 253.708 28.003 225.705 220.687 12.3818 213.305 207.186 96.7098 76.7943 13.177 63.6173 43.4143 37.1152 19.9155 14.0245
internal_count=238320 39724 32575 7149 2908 2852 4241 353 17091 2341 2286 2193 2121 2043 511 3888 338 3550 3513 159 3132 3004 1481 1178 240 938 722 533 303 235
is_linear=0
shrinkage=0.05


Tree=72
num_leaves=31
num_cat=0
split_feature=4 4 13 11 7 9 1 4 3 4 8 0 0 1 6 6 11 9 2 12 0 5 12 0 13 13 13 6 11 13
split_gain=72.1504 12.577 5.39196 5.1989 3.77165 3.73689 3.47207 3.33782 2.54773 2.89967 3.08682 2.79443 4.39324 3.18028 4.24246 2.78127 2.39037 3.21858 3.15173 2.63693 3.44289 4.01901 3.41291 2.38725 2.37135 2.35649 2.54544 2.42209 5.36612 4.57611
threshold=0.65686276555061351 0.87083333730697643 0.078600231558084502 0.087121214717626586 0.68691900372505199 0.69013676047325145 0.72385805845260631 0.71008405089378368 0.33523347973823553 0.77350428700447094 1.0500000119209292 0.71936339139938366 0.71424695849418651 0.81257101893424999 0.75195086002349865 0.73158672451972973 0.048809524625539787 0.70892652869224559 0.65176483988761913 0.057189542800188072 0.68231382966041576 0.70308503508567821 0.027402402833104137 0.6963615119457246 0.067870907485485091 0.16129703819751742 0.082357861101627364 0.74770656228065502 0.048809524625539787 0.10259784013032915
decision_type=2 2 2 2 2 2 2 2 2 2 2 2 2 2 2 2 2 2 2 2 2 2 2 2 2 2 2 2 2 2
left_child=-1 3 23 7 -5 -4 -6 -2 9 10 -9 12 16 14 15 -13 18 -18 -11 20 21 -19 -23 -3 -25 26 -7 28 29 -28
right_child=1 2 5 4 6 25 -8 8 -10 11 -12 13 -14 -15 -16 -17 17 19 -20 -21 -22 22 -24 24 -26 -27 27 -29 -30 -31
leaf_value=-0.050291513573685789 -0.036936089545525908 0.0062834940033837262 -0.001365510730866242 0.053080182660777436 0.032306312097639012 0.038380612996437594 -0.023735119137376987 -0.010569115717403729 0.0093126028101713446 -0.027105942424111958 -0.050956686021160172 0.0076887556368520089 -0.043300112281993097 -0.028137343927010974 0.019623593816908137 -0.02941009207558375 0.024362236034035121 -0.027962763925829266 -0.0046000683369671396 0.021581337783334709 -0.043358241347969811 -0.0064837021408158382 0.04055339873566019 0.0029973831066017476 -0.040502423269895983 0.043973093901113626 -0.014525085167456818 0.010492819425634899 0.038420226488241165 0.023095786772643408
leaf_weight=65.011207786192244 7.1898432860007224 118.97982835886069 23.828543488169089 6.9845588800599243 5.9300293511550972 14.437827265355734 5.1764052640864975 20.660869570827348 40.006435640607378 18.227539105690084 6.1361170519994621 11.596043712052053 7.4342035203590049 6.0571588686143505 38.806246983556775 8.9521177209680882 15.016554235480724 9.0320840991335043 106.13608205597848 8.6372002291027439 6.0887755299918345 8.9006265717325714 6.8047278003068632 6.9708569983486068 5.6906266817823052 9.4978006177116168 12.33911386458203 79.865685714408755 31.49711759807542 23.434808875434101
leaf_count=198596 15567 1626 304 127 131 103 164 1746 874 1065 8835 313 159 217 635 154 238 134 4855 122 72 125 87 124 73 235 125 641 505 368
internal_value=-2.38355e-12 0.00487757 0.0119048 -0.00179743 0.0242914 0.0171852 0.00618693 -0.00324662 -0.00248609 -0.00418105 -0.0198173 -0.00251629 -0.00563827 0.00637444 0.00989639 -0.00847392 -0.00407274 0.00466088 -0.00789868 -0.00283585 -0.00967731 -0.00138722 0.0138963 0.00408701 -0.0165533 0.0197691 0.0183463 0.0163804 0.0233703 0.0101196
internal_weight=735.327 670.316 326.542 343.774 18.091 194.901 11.1064 325.683 318.493 278.486 26.797 251.689 186.278 65.4116 59.3544 20.5482 178.844 54.48 124.364 39.4634 30.8262 24.7374 15.7054 131.641 12.6615 171.072 161.575 147.137 67.271 35.7739
internal_count=238320 39724 4104 35620 422 2281 295 35198 19631 18757 10581 8176 6857 1319 1102 467 6698 778 5920 540 418 346 212 1823 197 1977 1742 1639 998 493
is_linear=0
shrinkage=0.05


Tree=73
num_leaves=31
num_cat=0
split_feature=4 4 8 13 3 4 8 11 5 2 7 5 13 3 2 2 8 9 1 8 4 8 6 9 11 11 6 5 12 0
split_gain=67.6726 12.142 6.1212 4.94962 4.18847 4.51806 3.932 3.76491 3.90686 3.46462 3.69364 3.26174 3.18706 3.17788 3.03265 2.61248 2.6078 2.60224 3.25723 2.77014 2.51916 2.58412 2.4863 2.4459 3.88748 2.56568 2.30466 4.53036 2.62162 6.15967
threshold=0.65686276555061351 0.85164836049079906 1.3499999642372134 0.15362762659788134 0.33523347973823553 0.77350428700447094 0.84999999403953563 0.051315790042281158 0.7460523545742036 0.63442233204841625 0.66700825095176708 0.72016704082489025 0.076298922300338759 0.48065535724163061 0.64722648262977611 0.72655680775642406 1.1500000357627871 0.67172360420227062 0.713444083929062 0.94999998807907116 0.93095237016677868 1.0500000119209292 0.72677367925643932 0.74211117625236522 0.013423423748463394 0.020620748400688175 0.74643582105636608 0.69150957465171825 0.011428944766521456 0.62508526444435131
decision_type=2 2 2 2 2 2 2 2 2 2 2 2 2 2 2 2 2 2 2 2 2 2 2 2 2 2 2 2 2 2
left_child=-1 2 4 9 5 6 -2 14 11 10 -3 22 23 20 -7 -10 -13 -6 -19 -20 -14 -22 -9 -11 -25 -26 -27 -28 -29 -30
right_child=1 3 -4 -5 17 7 -8 8 15 12 -12 16 13 -15 -16 -17 -18 18 19 -21 21 -23 -24 24 25 26 27 28 29 -31
leaf_value=-0.050280422011999115 -0.011410091600945797 -0.031072434384803827 -0.055970575378423697 0.038502073944634375 0.040601390471096621 -0.027789904333560662 -0.050742641725824648 0.01616532626421938 -0.042382324003681415 0.014642745198186417 0.0067974477638996561 0.015799153245851582 0.011201982083983306 0.043718844752975716 -0.0039435542090443835 0.0032919051501472778 0.057124426353244932 -0.014687824623723526 0.030457350454851925 -0.0083318179772368453 0.0022595639399910737 0.038233621231082968 -0.010438350748584386 0.037589364319404302 -0.028236768927032377 -0.022789280542735196 0.040927756857149458 0.019379625049330371 -0.047722362597247235 0.001669792227807056
leaf_weight=61.225788906018352 23.719180400075857 10.444652758305894 5.3718629698596478 15.249219169141723 7.0002750182684386 14.901249034795908 8.6790177117036347 22.893768734880723 5.6021312935044971 42.566795649006963 16.788311214186251 9.0863689044490439 165.60275245876983 9.0734131142962706 126.66182369666058 7.0968659257050604 6.5835099867545059 11.32019897493228 14.859443460383774 6.6683313778394213 6.90766771626659 18.000399662181735 14.248092654626815 6.4071591901592901 8.8757683013100159 9.4845596831291896 7.2205061679705969 12.255563111742957 7.60380820557475 37.160904898773879
leaf_count=198596 2168 280 4567 358 158 892 20070 367 51 560 306 113 1754 112 4698 93 87 554 223 482 59 162 198 88 338 146 80 161 135 464
internal_value=-2.01872e-10 0.00467614 -0.00310302 0.0106034 -0.00208628 -0.00458388 -0.0219467 -0.00186734 0.00804335 0.00941632 -0.00772678 0.0140309 0.0108261 0.0148087 -0.00645367 -0.0168572 0.0331615 0.0129233 0.00702481 0.0184422 0.0134318 0.0282571 0.00595982 0.0047849 7.05369e-05 -0.0028397 0.00021784 0.00361463 -0.00111035 -0.00672004
internal_weight=719.559 658.334 284.692 373.641 279.32 239.472 32.3982 207.074 65.5107 358.392 27.233 52.8117 331.159 199.584 141.563 12.699 15.6699 39.8482 32.848 21.5278 190.511 24.9081 37.1419 131.575 89.0083 82.6011 73.7253 64.2408 57.0203 44.7647
internal_count=238320 39724 34721 5003 30154 28737 22238 6499 909 4645 586 765 4059 2087 5590 144 200 1417 1259 705 1975 221 565 1972 1412 1324 986 840 760 599
is_linear=0
shrinkage=0.05


Tree=74
num_leaves=31
num_cat=0
split_feature=4 4 3 4 12 8 13 2 4 9 13 13 0 0 1 9 2 0 11 5 11 3 13 6 11 13 13 8 7 13
split_gain=63.4342 11.6015 5.13818 4.89765 4.25893 4.20655 3.38347 3.35668 9.19861 4.29663 3.12306 3.07839 2.75429 4.0648 3.05431 2.82277 5.41802 3.04103 2.59923 4.31719 3.7907 2.5089 3.04474 2.64026 3.90806 3.55362 3.1019 3.64709 2.5756 2.54293
threshold=0.65686276555061351 0.87083333730697643 0.33523347973823553 0.77350428700447094 0.057189542800188072 0.84999999403953563 0.099877879023551955 0.66355168819427501 0.90454545617103588 0.68518981337547313 0.078600231558084502 0.082357861101627364 0.56271344423294078 0.54580584168434154 0.713444083929062 0.80305674672126781 0.78750726580619823 0.58354198932647716 0.04446640424430371 0.70352777838706981 0.048809524625539787 0.47756189107894903 0.093270305544137969 0.7303442955017091 0.048809524625539787 0.099877879023551955 0.11917293071746828 1.0500000119209292 0.7319970726966859 0.11144183948636056
decision_type=2 2 2 2 2 2 2 2 2 2 2 2 2 2 2 2 2 2 2 2 2 2 2 2 2 2 2 2 2 2
left_child=-1 2 3 5 7 -2 -5 8 9 -3 12 -10 13 14 -9 17 -17 -14 19 -19 -20 22 -6 24 26 -25 28 -28 -24 -27
right_child=1 4 -4 6 21 -7 -8 10 11 -11 -12 -13 15 -15 -16 16 -18 18 20 -21 -22 -23 23 25 -26 29 27 -29 -30 -31
leaf_value=-0.050270137798274883 -0.011304287052269928 -0.014656772502840391 0.013733910663637293 -0.0072469380693986653 -0.019955915972281912 -0.050658990983055957 0.0044634196594309028 0.033648863943461463 0.035012744689325997 -0.070551589806515699 0.019229462953369428 -0.0077478223593286074 -0.021784678800519524 0.045901205779979047 -0.014678846062047824 -0.050612944325180848 0.0061978839010640528 0.024889259020325474 0.040959063363871492 -0.0083562463021669749 -0.0087411996093467257 0.047438134569252971 0.007652155670811376 0.051530896192994516 0.047675047798998539 -0.019441551712351225 -0.026508803597238853 0.027659337381666274 0.054507561324837729 0.012797281177896264
leaf_weight=57.627776256121251 23.490071394655388 8.1722713401541132 44.244599392897726 143.25498353102012 5.3451279215514651 9.5508000277641241 108.32473966374528 5.1790965516120222 9.6490038427291456 5.9351103741209945 55.855533584021032 7.4654773757793 9.1478374318685365 9.1975284358486515 8.8661672670859826 7.1799296445678946 10.101041832938789 14.569398229476063 12.144622890278699 29.613036490045488 5.6082390141673377 7.1402455668430767 5.1588984131813067 5.3899721140041938 16.330814618617296 6.8865219680592409 6.6872420497238618 5.8047400407958776 6.7972755683586001 54.716289256233722
leaf_count=198596 2168 131 1536 6594 82 23595 1727 56 124 148 441 79 109 74 148 156 133 189 103 439 51 101 69 22 507 63 79 195 38 567
internal_value=-6.41514e-11 0.00447195 -0.00211753 -0.00458166 0.0112665 -0.0226802 -0.00220471 0.00677136 -0.00827989 -0.0381723 0.00957754 0.0163602 0.00474707 0.0200623 0.00314167 0.000718644 -0.017406 0.00512491 0.00909945 0.00260664 0.0252584 0.0186931 0.0168786 0.0187055 0.0287363 0.0125996 0.0160856 -0.0013381 0.0342902 0.00919333
internal_weight=705.434 647.807 328.865 284.621 318.941 33.0409 251.58 198.684 31.2219 14.1074 167.462 17.1145 111.607 23.2428 14.0453 88.3641 17.281 71.0831 61.9353 44.1824 17.7529 120.257 113.117 107.772 40.779 66.9928 24.4482 12.492 11.9562 61.6028
internal_count=238320 39724 35620 34084 4104 25763 8321 2381 482 279 1899 203 1458 278 204 1180 289 891 782 628 154 1723 1622 1540 888 652 381 274 107 630
is_linear=0
shrinkage=0.05


Tree=75
num_leaves=31
num_cat=0
split_feature=4 4 3 4 8 0 0 1 13 6 9 2 3 8 13 12 13 5 4 13 7 0 5 9 1 2 12 13 9 5
split_gain=59.4545 12.001 4.65204 4.31265 4.06267 3.78826 5.22214 3.77401 3.00771 2.69604 3.36248 3.3693 2.67414 2.6312 3.40928 3.01365 2.87316 5.31869 3.47372 5.58474 3.63933 3.34575 3.4752 2.59237 3.39505 2.85701 4.07676 5.52003 2.53226 2.51607
threshold=0.65686276555061351 0.87083333730697643 0.33523347973823553 0.77350428700447094 0.84999999403953563 0.72501832246780407 0.73173967003822338 0.73570847511291515 0.099877879023551955 0.78632295131683361 0.67172360420227062 0.7012125849723817 0.54221341013908397 0.94999998807907116 0.047215381637215621 0.009569597430527212 0.053581949323415763 0.72582313418388378 0.92582416534423839 0.061155574396252639 0.7766193449497224 0.58530008792877208 0.67123034596443187 0.76251298189163219 0.77314829826354992 0.68535378575325023 0.060661764815449722 0.064923927187919631 0.76059234142303478 0.7271552085876466
decision_type=2 2 2 2 2 2 2 2 2 2 2 2 2 2 2 2 2 2 2 2 2 2 2 2 2 2 2 2 2 2
left_child=-1 2 3 4 -2 12 -7 -8 -5 10 -4 -12 13 23 15 -15 17 -16 19 20 -18 22 -21 25 -25 26 27 -3 -9 -23
right_child=1 5 9 8 -6 6 7 28 -10 -11 11 -13 -14 14 16 -17 18 -19 -20 21 -22 29 -24 24 -26 -27 -28 -29 -30 -31
leaf_value=-0.05026006197880372 -0.011028493801111844 0.007060718599300778 0.039648392329021162 -0.0073939784806580817 -0.050631226801217746 0.050869707571481029 0.043826427050430744 -0.018910746166376755 0.0037218613899733426 0.045103046528570098 -0.018366382094923424 0.014828302879952005 0.042559901513573035 0.020108986379185873 0.056360189352225733 -0.025956335048001201 -0.045489879954584582 -0.0050921485461236206 0.025151722933735011 0.0070829097811368827 0.0084237822101690101 -0.00068477874283275194 0.060045367665306652 -0.050945041455836254 -0.0021687337198526002 0.01580612368875161 0.018562466769662084 -0.05661090318528135 0.014092826254550425 0.017569537907841961
leaf_weight=54.236252433432128 23.262163333914941 6.6167852258076909 6.8574609075403705 141.52598321309779 8.9742472681355121 12.133477050811051 9.8421973355580104 6.5645791953429571 106.75942221435253 5.5869796022725486 13.097207485934634 18.361216148336098 5.4803554019890717 5.2242208346724537 9.4927911991253477 11.081909841275772 7.9732553851790708 5.5970441410318008 31.337167468853295 5.9424186730757338 5.1531730443239212 46.384319170610979 6.4691609404981136 5.4513924517668775 10.323489449452607 25.393218012526631 8.4172702985815686 7.0105923172086477 50.697758980561048 31.831326432526112
leaf_count=198596 2168 161 163 6594 23595 132 391 65 1727 108 712 553 51 57 75 306 109 76 337 47 50 623 60 164 171 255 110 100 487 277
internal_value=-1.13086e-10 0.00426696 -0.00247955 -0.00484818 -0.0220534 0.0112282 0.0206834 0.0152252 -0.00261432 0.0126551 0.00792373 0.00100823 0.0080425 0.00721896 0.0105164 -0.0111978 0.0128741 0.0335666 0.0105627 0.0061563 -0.0243245 0.0105711 0.034688 -0.00146574 -0.0190246 0.00437324 -0.0087963 -0.0256951 0.0103093 0.00674416
internal_weight=693.079 638.843 324.425 280.522 32.2364 314.418 79.238 67.1045 248.285 43.9029 38.3159 31.4584 235.18 229.7 166.487 16.3061 150.181 15.0898 135.091 103.754 13.1264 90.6272 12.4116 63.2127 15.7749 47.4379 22.0446 13.6274 57.2623 78.2156
internal_count=238320 39724 35620 34084 25763 4104 1075 943 8321 1536 1428 1265 3029 2978 2017 363 1654 151 1503 1166 159 1007 107 961 335 626 371 261 552 900
is_linear=0
shrinkage=0.05


Tree=76
num_leaves=31
num_cat=0
split_feature=4 4 3 0 4 8 11 11 1 0 11 7 6 9 2 13 4 0 2 8 9 6 7 8 11 7 6 6 11 12
split_gain=55.883 10.0139 4.41618 4.40487 3.99691 3.97937 3.28353 4.74613 3.12255 3.90395 4.0418 4.50879 2.89267 3.26285 3.01707 2.6737 2.62575 3.63707 4.37832 4.78943 4.18416 3.04897 2.84922 2.72006 2.60563 2.56171 2.45634 5.60119 5.5058 2.4438
threshold=0.65686276555061351 0.87083333730697643 0.33523347973823553 0.67946308851242077 0.77350428700447094 0.84999999403953563 0.064583335071802153 0.057189542800188072 0.79150468111038219 0.76459333300590526 0.024099883623421196 0.69036570191383373 0.78632295131683361 0.67172360420227062 0.7012125849723817 0.099877879023551955 0.91987180709838878 0.66479745507240307 0.66355168819427501 1.0500000119209292 0.69246244430542003 0.71606770157814037 0.67109158635139476 0.94999998807907116 0.051315790042281158 0.75945198535919201 0.78015244007110607 0.76219779253005993 0.051315790042281158 0.022991543635725979
decision_type=2 2 2 2 2 2 2 2 2 2 2 2 2 2 2 2 2 2 2 2 2 2 2 2 2 2 2 2 2 2
left_child=-1 2 4 16 5 -2 7 8 9 10 -5 -12 13 -4 -15 -6 17 18 19 20 -3 -20 -23 -18 -13 -19 27 28 -24 -25
right_child=1 3 12 6 15 -7 -8 -9 -10 -11 11 24 -14 14 -16 -17 23 25 21 -21 -22 22 26 29 -26 -27 -28 -29 -30 -31
leaf_value=-0.050250710074541419 -0.010457466602580961 -0.010851558576709205 0.039189092419457422 -0.023740548029556635 -0.0068680956302850787 -0.050606502247879784 0.036230682067034961 -0.019606258844655139 0.0053022771302913179 0.048040980747528418 -0.011539815325004296 0.021425025806688085 0.045727038793337317 -0.017740134637475504 0.013956334766203679 0.0036940077698244321 -0.01650416988222311 -0.0034848542570343785 0.026771631120626783 0.01036330691001214 -0.061613767870712821 0.030305247947995356 -0.0085218212466173747 0.0054034833424223437 0.049688067902335646 -0.046466852758642756 0.01773790164536302 -0.047929565487306945 0.043651597811043941 0.033362321549454059
leaf_weight=51.171472884097966 22.871763011964507 11.798436760203915 6.730091325036482 5.4111337584909043 139.16768434920232 8.4525150696181282 18.972893438767642 9.740784284193067 39.454031203174964 12.61233981582336 8.8129577911458892 39.49282911606133 5.7468128271575543 12.855762427378069 18.046853258379997 105.21790872269776 5.35324134514667 7.8371911291033012 21.504883212503046 14.417191507993264 6.1888111078878856 9.3102454482577723 23.752184772398326 13.189454526640473 10.276913341134785 6.2160220516379923 14.419443097896872 6.7072718399576834 6.4243212724104515 19.182995366863906
leaf_count=198596 2168 193 163 99 6594 23595 346 124 374 234 159 461 108 712 553 1727 87 108 233 190 124 101 332 187 105 84 182 130 39 212
internal_value=3.8753e-11 0.00408052 -0.00214278 0.0104641 -0.00447599 -0.0212912 0.016841 0.0139167 0.0167303 0.0226159 0.017605 0.021424 0.0126865 0.00764099 0.000770322 -0.00232068 0.00491278 0.00150958 0.00445541 -0.0111077 -0.0283171 0.0105967 0.00485805 0.0165115 0.027261 -0.0224967 0.000240025 -0.00660064 0.00258546 0.0219711
internal_weight=681.336 630.165 319.089 311.076 275.71 31.3243 144.774 125.801 116.06 76.6062 63.9938 58.5827 43.3795 37.6327 30.9026 244.386 166.302 128.576 114.523 32.4044 17.9872 82.1183 60.6135 37.7257 49.7697 14.0532 51.3032 36.8838 30.1765 32.3724
internal_count=238320 39724 35620 4104 34084 25763 1902 1556 1432 1058 824 725 1536 1428 1265 8321 2202 1716 1524 507 317 1017 784 486 566 192 683 501 371 399
is_linear=0
shrinkage=0.05


Tree=77
num_leaves=31
num_cat=0
split_feature=4 4 3 7 0 6 9 11 11 13 6 4 2 2 11 7 7 0 8 4 8 2 8 0 7 11 11 12 7 5
split_gain=52.5318 9.93137 4.8894 4.88144 3.67423 3.57663 3.16595 2.92258 2.83715 2.83021 2.71207 2.6823 2.35079 2.34931 3.25766 3.19258 3.92258 2.97184 2.77979 2.26534 3.17204 3.12141 4.53096 3.32122 5.88837 3.81671 3.27627 2.69092 2.58667 2.1792
threshold=0.65686276555061351 0.87083333730697643 0.33523347973823553 0.613141030073166 0.67946308851242077 0.78632295131683361 0.67172360420227062 0.064583335071802153 0.057189542800188072 0.099877879023551955 0.65894988179206859 0.74342104792594921 0.74073907732963573 0.77319496870040905 0.042572464793920524 0.7722439467906953 0.7495233714580537 0.7119593918323518 1.0500000119209292 0.92582416534423839 0.94999998807907116 0.66355168819427501 1.0500000119209292 0.6500326693058015 0.75179591774940502 0.054093567654490478 0.04446640424430371 0.022991543635725979 0.72732302546501171 0.68085289001464855
decision_type=2 2 2 2 2 2 2 2 2 2 2 2 2 2 2 2 2 2 2 2 2 2 2 2 2 2 2 2 2 2
left_child=-1 2 3 -2 19 6 -4 8 13 11 -8 -5 -9 14 15 16 17 -6 -16 21 -21 22 26 25 28 -23 -3 -22 -25 -24
right_child=1 4 5 9 7 -7 10 12 -10 -11 -12 -13 -14 -15 18 -17 -18 -19 -20 20 27 23 29 24 -26 -27 -28 -29 -30 -31
leaf_value=-0.050241512679754755 -0.04216310575328179 -0.0091550052915146569 0.038703877915322274 -0.037001338355735457 -0.028204107152752816 0.048555098679025764 -0.031699764653116178 0.047948921025563897 -0.013088263418533306 0.002491807938965869 0.0075149056403923074 -0.0064717453070801574 0.010465895217007574 0.0036721379578130799 0.014283920758749439 -0.016273540747967132 0.037325725168540512 0.017473170227584489 0.039132268491208266 -0.015603863380482745 0.008174891387495652 0.0080860460119288099 -0.0046064154494934928 -0.0082002339636639051 -0.034499587851904039 0.041412183301125914 -0.051736199567833256 0.044030780038738671 0.033214227931115968 0.033201383613333336
leaf_weight=48.279159187883124 8.4576334096527699 10.625452411710286 6.6520255295836241 7.5671978116806704 5.7737517522182342 6.1736883747616949 5.3481930959351329 11.947314497316258 9.3070849047508073 111.40190772724509 25.107880458616819 146.10747188030291 6.4365131969097993 30.243112788768485 19.266912974184379 9.3830782221630198 13.167939564678816 9.2913379906676692 27.067596222972497 5.3890260809566852 9.7643347945995647 64.653940557735041 10.867737685213799 7.4746279306709784 11.769170006969942 9.9078717450611276 7.8582331037614486 11.274569122353567 7.6077604208840057 5.8698892265092573
leaf_count=198596 1843 228 163 17919 64 108 374 290 124 3783 891 10539 56 290 219 115 85 76 583 87 132 842 134 90 189 69 106 135 72 118
internal_value=4.58401e-10 0.00390119 -0.00229851 -0.00476933 0.0103422 0.0133167 0.00745406 0.0162259 0.0134572 -0.00357623 0.000628672 -0.00797507 0.0348254 0.0156208 0.0199252 0.00899382 0.0173913 -3.28164e-05 0.0287998 0.00522265 0.0186228 0.0026308 -0.0101928 0.00708449 -0.00799355 0.0125145 -0.0272582 0.0273898 0.0126898 0.00865279
internal_weight=670.042 621.763 316.816 273.534 304.947 43.2818 37.1081 141.885 123.501 265.077 30.4561 153.675 18.3838 114.194 83.9506 37.6161 28.233 15.0651 46.3345 163.063 26.4279 136.635 35.2213 101.413 26.8516 74.5618 18.4837 21.0389 15.0824 16.7376
internal_count=238320 39724 35620 34084 4104 1536 1428 1902 1556 32241 1265 28458 346 1432 1142 340 225 140 802 2202 354 1848 586 1262 351 911 334 267 162 252
is_linear=0
shrinkage=0.05


Tree=78
num_leaves=31
num_cat=0
split_feature=4 4 0 11 7 12 4 8 0 11 5 9 12 0 12 12 0 11 1 12 0 7 2 7 0 0 7 4 1 0
split_gain=49.4602 9.11982 3.98229 3.76439 2.7787 2.67219 2.55875 7.51816 3.36456 2.66839 4.17962 5.39015 2.63936 3.05889 2.9296 2.61571 2.56983 2.54163 2.45688 3.56714 3.85086 3.08953 3.38367 2.53798 2.64635 5.02904 2.39594 2.37942 3.72749 3.279
threshold=0.65686276555061351 0.87083333730697643 0.67946308851242077 0.087121214717626586 0.81479325890541088 0.080128207802772536 0.82843136787414562 1.1500000357627871 0.68669852614402782 0.010929288342595102 0.68870931863784801 0.72712069749832164 0.037749288603663451 0.61052933335304271 0.021980676800012592 0.012579114176332952 0.61646610498428356 0.064583335071802153 0.74045479297637951 0.022991543635725979 0.68370017409324657 0.76777198910713207 0.74390637874603283 0.71815359592437755 0.67806375026702892 0.63760834932327282 0.75716751813888561 0.91987180709838878 0.61617311835289013 0.55983790755271923
decision_type=2 2 2 2 2 2 2 2 2 2 2 2 2 2 2 2 2 2 2 2 2 2 2 2 2 2 2 2 2 2
left_child=-1 3 27 4 6 -5 7 9 16 -2 11 12 14 -14 -11 26 -8 -4 23 -20 -21 -22 -23 -17 25 -25 -12 28 -3 -30
right_child=1 2 17 5 -6 -7 8 -9 -10 10 15 -13 13 -15 -16 18 -18 -19 19 20 21 22 -24 24 -26 -27 -28 -29 29 -31
leaf_value=-0.050233148105086584 0.031411269052561162 -0.034263778776717796 0.013605689093051552 0.0021666999096398225 -0.028550711713336827 0.043131275055624189 0.0056179283492368446 -0.05411967659010572 0.012275802844113021 -0.003891910771218476 -0.046961400232027072 -0.038658039949474629 0.037247547873914225 -0.0066836609172463771 -0.051327585548977331 0.012886462629770496 -0.013961916145410072 0.03389462361257771 0.033152403017620131 -0.029809438415980855 -0.0032868803050975339 0.061010308998894425 0.0088090462602140995 -0.029410689143243008 -0.041758004491150122 0.02018513981743434 -0.00018681468392613262 0.015888714299620316 0.019128335495564714 -0.00099213026866273174
leaf_weight=45.600745897547768 5.081980549146464 6.9377547578187651 120.69065528037027 8.4790534167113929 10.680469083026763 7.5043230403098269 32.383382846252061 7.9330473249829074 53.717972901649773 9.1254980566773174 5.2581702020434005 18.496370350092548 5.9771095903161067 11.755333490891642 5.0595594291353327 12.147912652913872 34.731282020919025 17.699716697912663 12.967887031334611 7.3179414634105333 17.296463018927174 5.0454785865294971 8.0687492987381102 10.669320156093823 6.7460473518931385 9.8119347509782511 5.7116069381427224 36.357402722118422 25.987063090549782 91.707003432908095
leaf_count=198596 548 131 1556 251 1606 171 894 14414 935 1623 898 3444 295 587 733 938 888 346 1625 1171 954 183 486 1301 413 586 676 486 354 1231
internal_value=1.7808e-11 0.00374692 0.00998087 -0.00223549 -0.00351182 0.0213999 -0.00257448 -0.00663311 0.00294989 -0.00422657 -0.00542237 -0.0171814 -0.00473554 0.00812432 -0.0208114 0.000444698 -0.00451448 0.0162006 0.0032522 0.0105298 0.00275412 0.0105901 0.0288926 -0.00611793 -0.014597 -0.00565086 -0.0226074 0.00463424 0.0013511 0.00345051
internal_weight=656.947 611.346 299.38 311.967 295.984 15.9834 285.303 164.47 120.833 156.537 151.455 50.4139 31.9175 17.7324 14.1851 101.042 67.1147 138.39 90.0717 50.6965 37.7286 30.4107 13.1142 39.3752 27.2273 20.4813 10.9698 160.989 124.632 117.694
internal_count=238320 39724 4104 35620 35198 422 33592 30875 2717 16461 15913 6682 3238 882 2356 9231 1782 1902 7657 4419 2794 1623 669 3238 2300 1887 1574 2202 1716 1585
is_linear=0
shrinkage=0.05


Tree=79
num_leaves=31
num_cat=0
split_feature=4 4 3 0 4 8 3 6 13 2 3 8 4 0 0 12 2 12 2 13 2 0 13 11 0 13 5 0 0 5
split_gain=46.5754 8.55227 3.74855 3.67144 2.9349 3.82552 2.37072 2.59602 2.28936 2.12621 2.01093 2.09066 3.13575 2.62593 3.07673 2.56388 2.40704 2.36024 1.86409 3.00528 2.78268 1.85868 2.11179 3.69844 2.02131 4.2064 1.91429 3.00427 2.32126 1.75383
threshold=0.65686276555061351 0.87083333730697643 0.33523347973823553 0.67946308851242077 0.77350428700447094 0.84999999403953563 0.51215034723281871 0.65652307868003856 0.099877879023551955 0.77319496870040905 0.52311161160469066 0.94999998807907116 0.92582416534423839 0.63122937083244335 0.58700990676879894 0.024099883623421196 0.61522352695465099 0.024099883623421196 0.81112247705459606 0.058972230181097991 0.78750726580619823 0.67070764303207409 0.049139048904180534 0.032795699313282974 0.56271344423294078 0.058625234290957458 0.7460523545742036 0.66046547889709484 0.64902189373970043 0.67843183875083934
decision_type=2 2 2 2 2 2 2 2 2 2 2 2 2 2 2 2 2 2 2 2 2 2 2 2 2 2 2 2 2 2
left_child=-1 2 4 10 5 -2 7 -4 -6 -5 11 13 16 14 -3 -16 -13 -14 19 -11 -21 22 -18 -24 -25 -26 27 28 -27 -9
right_child=1 3 6 9 8 -7 -8 29 -10 18 -12 12 17 -15 15 -17 21 -19 -20 20 -22 -23 23 24 25 26 -28 -29 -30 -31
leaf_value=-0.05022199641982858 -0.008939503067511281 -0.011851456380127001 -0.0043599558854874555 0.019104427331601757 -0.0069341728446084099 -0.050563856995775064 -0.0029109321070313185 0.021381340675185982 0.0030240541927079182 0.030225454310936511 0.029082646164416096 -0.024108058063508402 0.0075483546017170132 -0.024001455192296916 0.038680758632742743 -0.0041162374934825196 -0.011212200367622369 0.042103699161110765 0.030023920718226346 0.0073585015083150549 -0.029197619964016864 -0.01958937128091566 0.052857654673061416 0.027421120143081575 -0.035391261506570834 0.0055593421102029953 0.037106675954014894 0.036469601163724545 -0.029776120378233014 0.055643449716999575
leaf_weight=43.084723490742363 22.039354156993799 17.531948411604393 7.0138757784789076 104.67914558399934 132.8683479202009 7.364440596215899 16.702867246560345 12.622905095515309 102.03840459597996 5.961717814672741 7.8907339326106003 7.5182672610972068 9.7845136215910333 13.777304991264826 7.8047716885339451 6.3441538417246193 12.084792227018623 9.9838539243210089 5.8692031868267796 10.946560044074433 9.9262888198718411 6.747695197351276 5.0026396457105866 10.726165492553262 6.0815533054992548 20.6397630837746 5.3534930949099353 6.1126390243880442 5.9985015923157325 5.3047461596997882
leaf_count=198596 2168 325 389 1594 6594 23595 806 258 1727 70 63 144 136 229 111 99 254 128 59 100 79 88 47 97 65 234 55 62 65 83
internal_value=-8.53361e-11 0.00359006 -0.00227579 0.00963754 -0.00447261 -0.0193647 0.0116671 0.0214297 -0.00260853 0.0156277 0.00447424 0.00319247 0.00703839 -0.00577837 0.00214645 0.0194913 0.0029223 0.0250003 0.00449913 -0.00108361 -0.0100261 0.00550298 0.0078546 0.0117004 0.00795083 0.0032244 0.00938756 0.00485657 -0.00239763 0.0315194
internal_weight=645.805 602.721 305.955 296.766 264.311 29.4038 41.6444 24.9415 234.907 137.383 159.383 151.492 106.034 45.4582 31.6809 14.1489 86.2655 19.7684 32.7038 26.8346 20.8728 78.7472 71.9995 59.9148 54.9121 44.186 38.1044 32.7509 26.6383 17.9277
internal_count=238320 39724 35620 4104 34084 25763 1536 730 8321 1902 2202 2139 1375 764 535 210 1111 264 308 249 179 967 879 625 578 481 416 361 299 341
is_linear=0
shrinkage=0.05


Tree=80
num_leaves=31
num_cat=0
split_feature=4 4 3 0 7 9 6 13 0 13 11 0 7 7 0 0 0 4 13 0 13 13 13 13 6 1 13 7 3 0
split_gain=43.7801 8.74696 3.92136 3.67405 3.13257 3.02132 3.64924 2.97781 3.09292 2.54467 2.29527 2.26877 2.932 3.40726 2.68715 2.70004 2.57224 8.55793 2.23547 2.97057 2.65203 2.14108 5.29745 2.49628 2.16964 2.51368 2.60597 3.01996 2.0872 3.70308
threshold=0.65686276555061351 0.87083333730697643 0.33523347973823553 0.67946308851242077 0.63594812154769909 0.66846901178359996 0.74702754616737377 0.092612084001302733 0.61988472938537609 0.088150028139352812 0.026671408675611023 0.66479745507240307 0.74296769499778759 0.78165847063064586 0.66046547889709484 0.65406289696693432 0.64137938618659984 0.90454545617103588 0.078600231558084502 0.6963615119457246 0.083058293908834471 0.091864395886659636 0.09472751617431642 0.10259784013032915 0.74643582105636608 0.7384631633758546 0.13415796309709552 0.71578174829483043 0.47756189107894903 0.63302680850029003
decision_type=2 2 2 2 2 2 2 2 2 2 2 2 2 2 2 2 2 2 2 2 2 2 2 2 2 2 2 2 2 2
left_child=-1 2 4 11 -2 -4 -7 9 -9 -6 -8 14 -13 -14 15 16 28 -18 19 -5 -20 -22 -23 -24 25 26 27 -25 29 -3
right_child=1 3 5 18 7 6 10 8 -10 -11 -12 12 13 -15 -16 -17 17 -19 20 -21 21 22 23 24 -26 -27 -28 -29 -30 -31
leaf_value=-0.050213116631733515 -0.026433815045799915 0.0048876383606571115 0.044579413564418052 0.022645281559398107 -0.0071933800568795576 -0.0062661019697378322 0.053436201925833406 0.029960929129377097 -8.0928864373774632e-05 -0.041111673152403473 0.010751224800264546 0.010959278296085421 -0.055404628816217563 -0.00038100612415181386 0.037356087620861511 -0.02648387589179162 -0.030905198346084985 0.045419951718732754 0.04750738548476581 -0.016599492254468249 -0.0090370448710924752 0.06499973776410832 -0.0080458220416263857 -0.018987900497556168 0.011648483700889249 0.060629051474145684 0.039258127781949446 0.025266172828972325 0.028115015125151854 -0.027778796709912925
leaf_weight=40.644932580501518 15.732039933114718 89.069017859874293 5.9893639395704659 8.3638599305413681 121.46056224337462 22.168554537304772 5.0385123753476355 9.2933157222651044 109.70050809934628 5.7934769654816582 8.3996857746969891 8.3088752427138406 5.690488937776534 5.5649140127934515 6.764353316044434 6.458192338468506 5.1017959312303018 13.110017258673905 7.2449287353083482 11.38611305085942 7.764229165390133 5.7079649693332604 10.136776866856961 6.0291054551489713 51.097017298801802 5.0069234855473033 12.841771234641781 10.691146986326201 8.095327827613799 9.6118286899290961
leaf_count=198596 2870 1295 154 112 25885 1085 156 371 4261 697 141 113 86 76 92 104 90 139 43 197 79 29 83 77 499 86 601 96 71 136
internal_value=-5.54894e-11 0.00341506 -0.00253825 0.00956134 -0.00480262 0.0117232 0.00619645 -0.00342067 0.00226531 -0.00873757 0.0267555 0.00436716 -0.0115691 -0.0281998 0.006623 0.00504145 0.00667037 0.0240385 0.0155752 2.01655e-05 0.0182118 0.0162695 0.0182051 0.0154171 0.0181934 0.0278676 0.0223188 0.00930873 0.00370806 0.00170582
internal_weight=638.266 597.621 303.576 294.045 261.98 41.5961 35.6068 246.248 118.994 127.254 13.4382 157.775 19.5643 11.2554 138.211 131.446 124.988 18.2118 136.27 19.75 116.52 109.275 101.511 95.8027 85.666 34.5689 29.562 16.7203 106.776 98.6808
internal_count=238320 39724 35620 4104 34084 1536 1382 31214 4632 26582 297 2202 275 162 1927 1835 1731 229 1902 309 1593 1550 1471 1442 1359 860 774 173 1502 1431
is_linear=0
shrinkage=0.05


Tree=81
num_leaves=31
num_cat=0
split_feature=4 4 8 0 8 0 13 3 12 3 9 0 12 7 12 11 13 2 1 2 8 13 11 2 13 0 5 12 12 2
split_gain=41.301 8.09766 7.32617 5.11541 3.78579 3.74884 4.67898 3.14379 3.35555 2.54946 2.52791 3.13148 4.77911 2.45013 2.42352 2.13874 3.83105 3.25735 3.22376 4.28828 2.81294 2.53621 2.14406 1.98754 1.90521 3.01318 3.21772 2.82628 2.71271 2.17323
threshold=0.65686276555061351 0.82843136787414562 1.1500000357627871 0.67549023032188427 0.65000000596046459 0.66479745507240307 0.10259784013032915 0.47756189107894903 0.022991543635725979 0.33523347973823553 0.76755183935165416 0.72501832246780407 0.054093567654490478 0.63594812154769909 0.025320513173937801 0.064583335071802153 0.13722944259643557 0.78750726580619823 0.76375997066497814 0.75418731570243847 1.0500000119209292 0.099877879023551955 0.035098522901535041 0.72963491082191478 0.093270305544137969 0.61988472938537609 0.69882836937904369 0.087121214717626586 0.080128207802772536 0.73498183488845836
decision_type=2 2 2 2 2 2 2 2 2 2 2 2 2 2 2 2 2 2 2 2 2 2 2 2 2 2 2 2 2 2
left_child=-1 2 9 4 -3 7 14 -6 -9 13 -5 12 -12 -2 -7 16 17 18 -13 -20 -21 -22 -19 -18 -15 -26 28 29 -27 -28
right_child=1 3 -4 10 5 6 -8 8 -10 -11 11 15 -14 24 -16 -17 23 22 19 20 21 -23 -24 -25 25 26 27 -29 -30 -31
leaf_value=-0.050205246550051909 -0.029097427807522398 -0.041075159237784771 -0.053149453599109081 0.018756037872005443 0.0029148598817542006 -0.0079342392324954544 0.019746787491058865 -0.0028459374177316676 0.046499651560246859 0.010929381483501175 0.0043237409549029176 -0.006402473111174512 -0.041434290329249557 -0.0099894610954068663 -0.049076332507191914 0.030915333551010102 -0.037016216075059595 -0.031134189202049085 0.053810553524618832 0.042200104200585342 0.031095354270149728 -0.01284007754372518 0.0088827479322476609 0.005015247323735969 0.034217923214850253 -0.042607600932794781 0.024380325606352907 -0.017054319827257275 0.00066413198848686147 -0.0053928701283566874
leaf_weight=38.454860667260618 10.86302922636605 5.0992162239854215 7.8250397674792103 91.834033448481932 168.02027118363185 5.9846596748102483 6.00330208800733 5.6571553419344118 8.8108469524886441 25.410062909664703 30.525294373976067 7.8920931001193813 7.0182374025462186 68.78583172123308 8.9062648132676241 14.136164103867484 5.9217443718807754 5.177812846726737 11.472558794659561 6.8181045521050718 5.1599046166520557 9.0383521178737265 9.4678568773670104 5.3569380613043904 6.5616699854635945 7.5040898328061285 18.085950427910578 9.7562366900237958 7.0008865654417605 9.2708281406048609
leaf_count=198596 2006 172 15484 1434 3182 106 110 60 80 934 556 150 109 12190 128 267 178 121 97 43 77 115 61 103 173 372 541 225 276 374
internal_value=-1.15298e-11 0.00327579 -0.00588901 0.00702373 0.00147678 0.00254364 -0.017518 0.00484062 0.027205 -0.00362353 0.0125353 0.00769341 -0.00423008 -0.0063065 -0.0325413 0.0132583 0.00949389 0.0149351 0.0222614 0.0292243 0.015803 0.00312686 -0.00526479 -0.0170529 -0.00435653 0.00230328 -0.00175371 0.00605068 -0.0217223 0.0142906
internal_weight=627.819 589.364 171.064 418.301 208.482 203.383 20.8942 182.488 14.468 163.239 209.819 117.985 37.5435 137.829 14.8909 80.4415 66.3054 55.0267 40.381 32.4889 21.0164 14.1983 14.6457 11.2787 126.965 58.1797 51.618 37.113 14.505 27.3568
internal_count=238320 39724 32575 7149 3838 3666 344 3322 140 17091 3311 1877 665 16157 234 1212 945 664 482 332 235 192 182 281 14151 1961 1788 1140 648 915
is_linear=0
shrinkage=0.05


Tree=82
num_leaves=31
num_cat=0
split_feature=4 4 13 2 3 9 6 13 4 2 1 11 7 7 12 12 7 0 6 1 11 13 7 2 7 1 12 12 6 11
split_gain=38.8645 7.24507 3.5182 3.6859 3.11612 3.20009 3.54391 2.54864 2.41035 2.26948 2.13148 1.97552 1.86689 1.86203 3.06446 2.64613 2.48369 2.43925 2.74919 3.82305 3.60398 3.61294 3.1795 2.1804 1.82804 1.81536 1.95736 2.28837 1.80353 2.02845
threshold=0.65686276555061351 0.87083333730697643 0.095617286860942854 0.63442233204841625 0.33523347973823553 0.66846901178359996 0.74702754616737377 0.099877879023551955 0.74342104792594921 0.6685902774333955 0.79150468111038219 0.064583335071802153 0.67109158635139476 0.72093877196311962 0.087121214717626586 0.080128207802772536 0.7319970726966859 0.68231382966041576 0.73883074522018444 0.76858049631118786 0.060661764815449722 0.12695360928773883 0.76777198910713207 0.68483248353004467 0.68097004294395458 0.66378214955329906 0.048809524625539787 0.040833333507180221 0.66525989770889293 0.012270400300621988
decision_type=2 2 2 2 2 2 2 2 2 2 2 2 2 2 2 2 2 2 2 2 2 2 2 2 2 2 2 2 2 2
left_child=-1 4 3 24 7 -6 9 8 -2 -7 25 -12 -9 14 15 -14 -15 -18 23 22 21 -21 -20 -19 -3 -4 27 -27 -5 -30
right_child=1 2 10 28 5 6 -8 12 -10 -11 11 -13 13 16 -16 -17 17 18 19 20 -22 -23 -24 -25 -26 26 -28 -29 29 -31
leaf_value=-0.050197221492807302 -0.037199298673101421 -0.042238588959163888 -0.0011537820150410002 0.033939201877768208 0.044558847736481028 -0.035768763511926406 0.02509911170166006 -0.01491465431076347 -0.0072641758688210163 0.0015633562605717442 -0.0060997655266118974 0.028996144238892921 0.012269548022137996 -0.028451487781361608 -0.01656362756607643 0.051157224722648165 0.02661680149886474 0.003557877755903994 -0.002082548378127966 -0.01757094992865911 -0.038278687663058961 0.037099508667651292 0.041047689477231766 -0.037983780300118529 -0.0048204548214206113 0.016441831260856101 0.018204308941681634 0.062014660246639479 0.032863690444803265 0.0040385748503186094
leaf_weight=36.288391801538637 7.064833231512238 5.7824527770862897 10.222457299008964 5.7002906035631886 5.8807162352059086 5.4001206430239135 13.281800914777703 14.996118785090401 139.57204925724182 16.540254651791201 17.841551730874929 5.172002744395285 13.683646925216641 7.0241039476131837 5.7955024666825912 6.4301171851147947 9.2245459877740341 5.3310685381475178 7.4704164799095478 6.8196262621659134 7.0206701036458972 5.4268034423075733 9.9835068647553253 7.7515295920984499 7.4947245083749294 5.1628578128293139 73.601499777054414 5.9052083748392761 6.3777398234233251 141.82213968574069
leaf_count=198596 19041 134 353 66 154 388 297 656 11067 697 148 43 523 287 276 189 396 218 187 390 240 102 227 285 100 42 1233 40 62 1883
internal_value=8.51481e-11 0.00314184 0.00882464 0.00415994 -0.00235556 0.0104154 0.00471476 -0.00442548 -0.00870642 -0.00762509 0.0154387 0.00178759 0.0014436 0.00411113 0.0154711 0.0247014 -0.000344858 0.00299971 -0.00137461 0.00563723 -0.009718 0.00665536 0.0225876 -0.0210558 -0.0211167 0.0187494 0.0211524 0.0407566 0.0063406 0.00527906
internal_weight=616.069 579.78 285.083 167.177 294.697 41.1029 35.2222 253.595 146.637 21.9404 117.906 23.0136 106.958 91.9615 25.9093 20.1138 66.0523 59.0282 49.8036 36.721 19.2671 12.2464 17.4539 13.0826 13.2772 94.892 84.6696 11.0681 153.9 148.2
internal_count=238320 39724 4104 2245 35620 1536 1382 34084 30108 1085 1859 191 3976 3320 988 712 2332 2045 1649 1146 732 492 414 503 234 1668 1315 82 2011 1945
is_linear=0
shrinkage=0.05


Tree=83
num_leaves=31
num_cat=0
split_feature=4 4 11 2 13 11 12 9 3 9 6 2 7 0 4 12 7 5 9 12 9 12 13 6 6 2 3 6 2 9
split_gain=36.6866 7.14482 3.73137 3.37614 3.86679 3.56584 4.59753 2.98245 2.69175 3.26457 4.29458 2.23304 2.04656 2.38211 2.91941 2.83679 5.3477 5.28055 3.52805 2.46696 2.45594 3.10102 5.18575 2.44407 2.36764 2.10268 2.08063 1.91443 1.88318 1.86826
threshold=0.65686276555061351 0.87083333730697643 0.087121214717626586 0.63442233204841625 0.076298922300338759 0.040833333507180221 0.039230769500136382 0.72751960158348095 0.47950035333633428 0.68149667978286754 0.70568695664405834 0.56804457306861889 0.81479325890541088 0.68980449438095104 0.81534090638160717 0.087121214717626586 0.74727365374565136 0.69150957465171825 0.7686356008052827 0.064583335071802153 0.67172360420227062 0.054093567654490478 0.11707397922873498 0.71671223640441906 0.72410941123962413 0.73431879281997692 0.48378024995327001 0.71293452382087719 0.67837390303611766 0.73692849278450023
decision_type=2 2 2 2 2 2 2 2 2 2 2 2 2 2 2 2 2 2 2 2 2 2 2 2 2 2 2 2 2 2
left_child=-1 2 11 5 29 -3 -7 -4 9 -6 -11 -2 13 20 24 17 23 -16 25 -20 -13 26 -23 -17 -15 -19 -22 -28 -12 -5
right_child=1 3 7 4 8 6 -8 -9 -10 10 28 12 -14 14 15 16 -18 18 19 -21 21 22 -24 -25 -26 -27 27 -29 -30 -31
leaf_value=-0.050189888462225232 -0.03406907096534191 -0.035119340599778837 0.050122599788237826 0.013161670638882645 -0.014698078191988501 -0.025493000159042468 0.03194653310045522 0.004452981661392439 0.044217055693980302 0.040138668178426679 -0.017146421404356856 0.0095441018065338008 -0.025763132133718315 -0.036018384534625865 0.050961991714531585 0.002101247560351661 0.027656882993634859 0.011281091589075943 0.010554124264582875 -0.025220182404641418 -0.0078471983094579555 -0.054569951691020795 0.0010676051255593779 -0.042079090074468833 -0.001802219697586112 0.048317292573117177 -0.0057933286135798566 0.033561041244933289 0.013876894298320702 -0.0014084697275245138
leaf_weight=34.354088047042751 5.9637883144578145 8.629908724746203 5.7249100111948783 31.287998010870069 9.3843170169275236 6.4107717508450133 7.629965104861185 9.5186956199049728 7.6704322425648561 15.990211008582262 5.1072390688350415 21.976909666511347 9.6398188816092425 6.2639435839428179 9.1285879806382564 5.1545364996418375 7.7466543344780794 9.9331632390385511 10.374918607005386 8.9989371427800489 112.02788381237679 8.9624433469575724 7.8618869396977962 7.9714411059394479 26.2140582269476 6.2396287260344243 6.2170815172507883 6.1443553493227228 115.88071570929606 74.126043694792315
leaf_count=198596 1696 176 124 417 100 77 331 298 116 391 99 1920 1605 771 135 174 132 161 342 154 21462 1366 268 116 4159 85 386 266 1246 1151
internal_value=2.90575e-10 0.00300293 -0.0024788 0.00867792 0.0102948 -0.00982573 0.00572058 0.0216047 0.0153445 0.0138313 0.0157859 -0.003805 -0.00313864 -0.00230371 0.00385695 0.00993078 -0.00528691 0.0170406 0.0083294 -0.00606264 -0.00600432 -0.0084241 -0.0285709 -0.0247296 -0.0084014 0.02557 -0.00569914 0.0137681 0.0125673 0.0029161
internal_weight=608.535 574.181 292.064 282.118 259.447 22.6706 14.0407 15.2436 154.033 146.362 136.978 276.82 270.856 261.216 98.0259 65.5479 20.8726 44.6752 35.5466 19.3739 163.191 141.214 16.8243 13.126 32.478 16.1728 124.389 12.3614 120.988 105.414
internal_count=238320 39724 35620 4104 3520 584 408 422 1952 1836 1736 35198 33502 31897 6229 1299 422 877 742 496 25668 23748 1634 290 4930 246 22114 652 1345 1568
is_linear=0
shrinkage=0.05


Tree=84
num_leaves=31
num_cat=0
split_feature=4 4 11 1 12 9 6 2 13 1 7 8 7 12 13 2 13 13 11 13 13 7 11 6 6 13 13 5 13 9
split_gain=34.616 7.19884 3.49322 3.17706 2.90944 2.61152 2.75947 2.67927 3.76245 7.24769 4.3357 3.78908 2.45449 2.43558 2.59112 2.32693 1.92308 3.87981 3.22866 2.27277 3.08535 2.60736 2.03528 2.16682 2.08237 1.62821 1.72745 4.38625 2.04909 4.0858
threshold=0.65686276555061351 0.85164836049079906 0.064583335071802153 0.61967051029205333 0.069047622382640853 0.7110583782196046 0.70167142152786266 0.69999754428863536 0.13058059662580493 0.76939964294433605 0.69199770689010631 0.94999998807907116 0.62196677923202526 0.069047622382640853 0.12161172181367876 0.68426766991615307 0.14153297990560534 0.12161172181367876 0.057189542800188072 0.11311327666044237 0.11144183948636056 0.74727365374565136 0.046536797657608993 0.74643582105636608 0.72207126021385204 0.030203452333807949 0.04583986476063729 0.72369065880775463 0.054848439991474159 0.68149667978286754
decision_type=2 2 2 2 2 2 2 2 2 2 2 2 2 2 2 2 2 2 2 2 2 2 2 2 2 2 2 2 2 2
left_child=-1 4 3 -3 12 6 -6 15 10 -10 -9 -12 -2 14 -4 -7 17 19 -18 20 25 -21 24 -24 -19 -5 27 -27 29 -28
right_child=1 2 13 16 5 7 -8 8 9 -11 11 -13 -14 -15 -16 -17 18 22 -20 21 -22 -23 23 -25 -26 26 28 -29 -30 -31
leaf_value=-0.050182738861426039 -0.034934690206383429 -0.023106613862358336 0.029137021012242404 0.03265340011712068 0.0078407591317737335 -0.0031424063357853634 0.051572529205923458 0.05570418030602578 0.019450707102432529 -0.04005974638616891 0.041648489908611891 -0.011604482075666032 -0.0059141605909152359 0.0379989880012606 -0.011254174662913974 -0.04115004867112948 0.014732316738491289 0.0088563968704655823 -0.039245655460534455 0.0044360730309954402 0.044492131195513547 -0.039308362727389801 0.029439499501139499 -0.0031356940104529663 0.043403968497292666 0.011134606944918815 0.057888652538574392 -0.033168936835041636 0.0042339592399634985 0.0097097747051006281
leaf_weight=32.502428729203984 7.6294125728172721 9.0317026574048196 8.39446928817779 5.4296396132558575 10.911312659336547 11.29883066202092 5.3886709033249636 6.406561920946845 10.820175447348449 9.7054190985636506 5.0620780085173456 9.8206050471690087 161.88787709703547 15.226579620968549 7.5342874553753054 6.2570867616323076 5.3196183342952263 6.2403712992090759 5.7808165911119431 7.9635630331467819 5.2342116360086939 5.9526116878259927 8.9567109780618939 11.870623162481932 14.488966955803333 12.882458172563931 5.4187019593082395 9.8647586829029006 153.16932040511165 23.419221581891179
leaf_count=198596 2109 232 84 87 613 736 147 160 298 219 161 922 29043 393 80 313 129 221 106 97 60 76 243 125 158 324 43 376 1798 371
internal_value=-3.28761e-10 0.00287479 0.00778806 0.00608458 -0.00358128 0.0045708 0.0222982 -0.000296179 0.00658619 -0.0086885 0.021313 0.00650856 -0.00722028 0.0237003 0.010032 -0.0166887 0.00701952 0.00785536 -0.013378 0.00530816 0.00657328 -0.0142755 0.0219123 0.0108731 0.0330037 0.00562898 0.00491236 -0.00807846 0.00653595 0.0187627
internal_weight=599.869 567.367 322.179 291.023 245.188 75.6707 16.3 59.3708 41.8148 20.5256 21.2892 14.8827 169.517 31.1553 15.9288 17.5559 281.992 270.891 11.1004 229.334 215.418 13.9162 41.5567 20.8273 20.7293 210.184 204.754 22.7472 182.007 28.8379
internal_count=238320 39724 5003 4446 34721 3569 760 2809 1760 517 1243 1083 31152 557 164 1049 4214 3979 235 3232 3059 173 747 368 379 2999 2912 700 2212 414
is_linear=0
shrinkage=0.05


Tree=85
num_leaves=31
num_cat=0
split_feature=4 4 12 13 5 11 0 10 9 13 11 11 11 12 0 11 6 3 9 6 2 6 2 13 11 11 11 12 11 12
split_gain=32.6379 6.55813 3.50411 3.23948 3.16215 4.67188 4.39932 3.42331 3.13858 4.74035 2.9458 3.64903 3.76605 3.1119 2.854 2.80994 2.60386 2.26888 2.64076 3.02584 2.16134 2.0599 3.30735 2.04869 3.78179 2.53522 3.18901 3.30568 4.576 2.56
threshold=0.65686276555061351 0.87083333730697643 0.080128207802772536 0.10059626772999765 0.69882836937904369 0.013423423748463394 0.62857139110565197 0.99999997019767772 0.760115146636963 0.11707397922873498 0.064583335071802153 0.039230769500136382 0.031754031777381904 0.087121214717626586 0.59387764334678661 0.042572464793920524 0.7194616198539735 0.34032921493053442 0.6930946707725526 0.74643582105636608 0.63442233204841625 0.71739891171455394 0.71438893675804149 0.04818366467952729 0.01835016813129187 0.060661764815449722 0.051315790042281158 0.021054964512586597 0.03637566231191159 0.060661764815449722
decision_type=2 2 2 2 2 2 2 2 2 2 2 2 2 2 2 2 2 2 2 2 2 2 2 2 2 2 2 2 2 2
left_child=-1 2 4 20 5 -2 14 -8 9 -6 11 12 -4 -12 -7 -16 -15 18 -5 -20 -3 -13 -23 24 -10 26 27 -25 -29 -30
right_child=1 3 10 17 8 6 7 -9 23 -11 13 21 -14 16 15 -17 -18 -19 19 -21 -22 22 -24 25 -26 -27 -28 28 29 -31
leaf_value=-0.050174938905641377 0.031133574052595588 -0.01485300444500263 -0.00084617365256831772 -0.010497922471509935 0.00071101385441757709 -0.015858528681131981 -0.0081896900734823863 -0.043040374727201285 0.00026318081770359706 0.035398395400889425 0.052175393291222484 0.0087249012933953898 0.045996887513156559 0.034998278340432842 0.028604409816267162 -0.011581389475656468 -0.013341862920074977 0.044485698006336991 0.027532989203870369 0.0084191622348187521 0.0057440473835622492 -0.043614651118436598 -0.00067601179572569434 0.021597371258492412 -0.055602118504013733 -0.03077215188138965 0.031112876587392504 0.0084938847453739849 -0.046427790069049513 -0.0043183494275648967
leaf_weight=30.726793515651934 5.5846158832755455 13.845289295306427 10.223987872161162 10.296473878435789 62.062299970030836 31.06382287132601 10.821562940262995 20.198131188430125 6.1123966660634306 11.70731683532358 6.6428209426158 9.3353242097091442 7.3937568735582309 5.1770333177573775 9.1111562331343539 8.3244372740737145 6.031021156186398 6.2632420889567575 35.251718974323012 50.179538060328923 159.04960245627444 8.222219591563773 9.8654852377621847 8.5108776544930134 6.0060418484426918 7.8495224987454995 6.9656966875327262 12.688763248342186 10.366550359769461 5.5371088348338153
leaf_count=198596 1169 247 698 199 7994 7186 1182 1986 2131 231 129 431 171 186 1780 324 112 155 861 531 2111 188 269 817 3169 539 340 3700 689 199
internal_value=-2.13223e-10 0.00274968 -0.00255358 0.00826355 -0.00549432 -0.0130724 -0.0161769 -0.0308823 -0.000814433 0.00621594 0.00786947 0.00105704 0.0188128 0.0250584 -0.00677154 0.00941813 0.00898659 0.0153307 0.0134231 0.0163061 0.00409465 -0.01035 -0.0201948 -0.00891331 -0.0274243 -0.00459261 7.0461e-05 -0.00575738 -0.0138998 -0.0317667
internal_weight=591.415 560.688 285.802 274.886 222.91 85.1037 79.5191 31.0197 137.807 73.7696 62.8916 45.0408 17.6177 17.8509 48.4994 17.4356 11.2081 101.991 95.7277 85.4313 172.895 27.423 18.0877 64.037 12.1184 51.9185 44.069 37.1033 28.5924 15.9037
internal_count=238320 39724 35620 4104 33436 13627 12458 3168 19809 8225 2184 1757 869 427 9290 2104 298 1746 1591 1392 2358 888 457 11584 5300 6284 5745 5405 4588 888
is_linear=0
shrinkage=0.05


Tree=86
num_leaves=31
num_cat=0
split_feature=4 4 3 0 12 13 11 7 9 6 7 13 6 13 7 12 2 9 2 12 6 9 4 12 0 8 12 0 2 0
split_gain=30.8129 6.35205 3.54709 2.78351 2.61925 2.59014 2.28909 2.74024 2.26763 2.61322 2.23819 2.12499 3.99981 3.31792 4.44474 4.53021 3.98735 3.34423 3.21581 4.82793 2.83755 2.44358 2.03053 2.20834 3.21505 2.56701 2.53081 2.91888 2.31771 4.68504
threshold=0.65686276555061351 0.87083333730697643 0.33523347973823553 0.67946308851242077 0.028991596773266796 0.099877879023551955 0.035098522901535041 0.77043777704238903 0.67172360420227062 0.74834212660789501 0.7495233714580537 0.13058059662580493 0.76914700865745556 0.12695360928773883 0.71815359592437755 0.064583335071802153 0.72529977560043346 0.75415495038032543 0.69084432721138012 0.080128207802772536 0.75195086002349865 0.81140196323394786 0.74342104792594921 0.023532669059932235 0.6963615119457246 0.84999999403953563 0.020204081200063232 0.59963414072990429 0.72175660729408275 0.571905016899109
decision_type=2 2 2 2 2 2 2 2 2 2 2 2 2 2 2 2 2 2 2 2 2 2 2 2 2 2 2 2 2 2
left_child=-1 2 5 -3 -4 22 7 10 -6 -10 -5 13 20 14 18 16 -16 -17 -7 -20 -13 -14 -2 26 25 -25 27 28 -24 -30
right_child=1 3 4 6 8 11 -8 -9 9 -11 -12 12 21 -15 15 17 -18 -19 19 -21 -22 -23 23 24 -26 -27 -28 -29 29 -31
leaf_value=-0.050166639894067347 -0.036392475595843125 0.0034259450760271135 -0.010665764969960263 -0.0093627702475097187 0.046387316231395782 -0.0011383515034702448 0.017053323838148268 -0.015969416080048506 -0.004092976417490843 0.030200247664102238 0.032761644023231715 -0.0037794827157030609 -0.042736426665216078 0.040371656530513389 -0.016718220048866982 -0.061469675579624808 0.034941372841730566 -0.011651706971030018 0.0084540933154161092 0.074398165143541417 0.03493432194358212 9.2036107741543129e-05 -0.0076610353450028649 -0.053167549867240149 0.003615777102282182 -0.017048251546521925 0.017436511368504003 -0.024674575935951848 -0.014508007962803771 0.045556392833037453
leaf_weight=29.08649803653725 6.5571424879658471 147.56600363104371 9.8502069945952808 5.159422124503183 6.0587028632944593 8.7351864512429547 98.741625488852151 12.91607276315335 11.914839086171925 10.407675098991602 8.109982210211454 25.952689001616822 9.7900278728520771 6.8239181226763312 7.0471930232342874 5.0187154435898256 7.9480184892472607 10.246415358380544 5.918444492791421 5.226704097693073 5.7889298236641471 5.04756367927257 26.894368491553905 5.5706034219037965 17.834575744351241 42.063109935023022 13.841960366115016 15.759600932688043 5.9981396893126639 7.0769743188902794
leaf_count=198596 19041 2202 749 82 98 554 1552 203 532 157 65 987 200 163 316 326 297 527 255 97 127 127 2524 527 1473 3020 896 1796 442 389
internal_value=-7.64851e-11 0.00262505 -0.00261629 0.00807563 0.011549 -0.00482547 0.0135679 0.000424958 0.019259 0.0118959 0.0163828 0.00118472 -0.00673652 0.00766182 0.00321016 -0.00885611 0.0106633 -0.0280304 0.0215765 0.0393797 0.00328101 -0.0281667 -0.00922048 -0.00790108 -0.0144924 -0.0212723 -0.00169847 -0.00645121 0.000734101 0.0180022
internal_weight=584.951 555.865 283.372 272.493 38.2314 245.14 124.927 26.1855 28.3812 22.3225 13.2694 103.544 46.5792 56.9646 50.1407 30.2603 14.9952 15.2651 19.8803 11.1451 31.7416 14.8376 141.596 135.039 65.4683 47.6337 69.571 55.7291 39.9695 13.0751
internal_count=238320 39724 35620 4104 1536 34084 1902 350 787 689 147 3976 1441 2535 2372 1466 613 853 906 352 1114 327 30108 11067 5020 3547 6047 5151 3355 831
is_linear=0
shrinkage=0.05


Tree=87
num_leaves=31
num_cat=0
split_feature=4 4 3 7 13 8 0 13 13 0 9 6 1 11 4 8 13 4 2 12 13 11 0 9 0 0 2 0 11 7
split_gain=29.1225 5.9692 5.38218 3.61778 3.46704 2.98347 2.53452 2.53029 2.5176 2.20765 2.49715 2.1151 4.35128 2.962 3.85984 2.02603 3.66585 2.7363 3.03493 2.85161 2.07115 2.17442 2.58935 2.02402 4.02877 3.20618 1.99809 4.07896 3.36424 1.9144
threshold=0.65686276555061351 0.87867647409439098 0.33523347973823553 0.613141030073166 0.099877879023551955 0.84999999403953563 0.61817663908004772 0.096374459564685835 0.11144183948636056 0.65828254818916332 0.7110583782196046 0.75195086002349865 0.76858049631118786 0.057189542800188072 0.82843136787414562 0.94999998807907116 0.048887521028518684 0.93541666865348827 0.61269831657409679 0.025320513173937801 0.059319153428077705 0.028174603357911113 0.63574334979057323 0.68899333477020275 0.6615370810031892 0.70970851182937633 0.70617377758026134 0.56078696250915538 0.023532669059932235 0.66816964745521557
decision_type=2 2 2 2 2 2 2 2 2 2 2 2 2 2 2 2 2 2 2 2 2 2 2 2 2 2 2 2 2 2
left_child=-1 2 3 -2 7 23 -6 26 15 -8 -11 13 -13 14 -12 16 -3 18 -17 -19 -18 -22 -23 -4 -25 -26 27 -5 -29 -20
right_child=1 8 5 4 6 -7 9 -9 -10 10 11 12 -14 -15 -16 17 20 19 29 -21 21 22 -24 24 25 -27 -28 28 -30 -31
leaf_value=-0.050160648589395812 -0.040097420096223989 0.026695053059708797 0.04952169828687019 0.0027267519812256293 0.030231799784050585 -0.0031941217780111272 -0.021770590443542882 -0.038531265746549116 0.016504352350471575 0.028148628011566978 -0.050374786079911776 0.028729571224400785 -0.0035759101725555244 0.010259592244174364 -0.0057301280123005427 -0.031901880616838768 -0.042553480896184402 -0.0022452404525304969 0.027089784703022143 0.041637662676339934 0.019948367956101928 0.0029328721344206018 -0.038331268403475616 -0.018783123273450705 0.062935107586581537 0.014104088076449611 -0.0022821468398835894 -0.056560416576184061 -0.017321530936980408 0.0048646977111577892
leaf_weight=27.553496806962812 7.0169348590970904 6.7860309501411384 6.2323493673466173 22.39467249522022 7.9780731684331831 15.148391359005471 9.6614460738355756 6.7416614610101524 69.094130392593797 9.1441135622517304 6.9775358380347852 16.039282789681238 29.768949053716824 13.350402611402385 15.814025997766292 5.2632252188050179 5.2734825648367432 5.5765624106861678 10.678167512756771 11.013204118004067 5.3617598998826024 7.8393067074939591 7.3815359289292246 5.6962030327413258 5.075900243362411 9.9527575398678874 85.4099826810384 6.6252178282456944 31.126452062139833 104.61104755639099
leaf_count=198596 1874 163 79 4835 265 1240 411 477 1393 360 627 385 1068 504 284 95 86 87 96 82 51 88 99 132 39 105 15122 4679 3706 1292
internal_value=-1.44115e-10 0.00251734 -0.00205805 -0.00466855 -0.00371617 0.0145607 0.00310356 -0.00858515 0.00845792 0.000955488 0.00336581 0.000600512 0.00773552 -0.00844278 -0.0193979 0.00518341 -0.00601202 0.00784811 0.00522813 0.0268867 -0.0145961 -0.00743315 -0.0170787 0.0245378 0.0170247 0.0305967 -0.00719815 -0.0141791 -0.0242077 0.0069232
internal_weight=576.586 549.033 310.154 268.049 261.032 42.1056 108.734 152.298 238.878 100.756 91.0943 81.9502 45.8082 36.142 22.7916 169.784 32.6421 137.142 120.552 16.5898 25.8561 20.5826 15.2208 26.9572 20.7249 15.0287 145.556 60.1463 37.7517 115.289
internal_count=238320 39724 36192 34597 32723 1595 3904 28819 3532 3639 3228 2868 1453 1415 911 2139 487 1652 1483 169 324 238 187 355 276 144 28342 13220 8385 1388
is_linear=0
shrinkage=0.05


Tree=88
num_leaves=31
num_cat=0
split_feature=4 2 7 13 11 4 3 9 4 11 5 5 0 9 11 5 4 12 6 6 0 0 5 7 4 0 0 0 5 5
split_gain=27.5673 8.77251 6.01368 5.13655 5.19152 4.67427 3.69776 4.59729 3.06018 2.98133 2.37638 2.63186 2.58785 2.71711 2.26846 4.77767 2.25736 2.38295 2.35047 5.28821 2.16282 3.57983 2.33307 1.98506 1.92158 3.77549 4.683 3.09911 2.46563 2.12848
threshold=0.65686276555061351 0.56804457306861889 0.60133495926857006 0.10059626772999765 0.010050504934042694 0.88562092185020458 0.33523347973823553 0.67006355524063121 0.74342104792594921 0.01835016813129187 0.68193769454956066 0.66772973537445079 0.54792264103889476 0.73458057641983043 0.025320513173937801 0.73455375432968151 0.82843136787414562 0.054093567654490478 0.75089204311370861 0.76766964793205272 0.61988472938537609 0.54889056086540233 0.64492914080619823 0.72093877196311962 0.91987180709838878 0.55601415038108837 0.54580584168434154 0.57902663946151745 0.68305870890617382 0.77009305357933056
decision_type=2 2 2 2 2 2 2 2 2 2 2 2 2 2 2 2 2 2 2 2 2 2 2 2 2 2 2 2 2 2
left_child=-1 2 -2 4 -3 8 16 -8 -6 -7 11 20 13 -12 15 -11 17 -5 23 -20 21 -10 -23 -19 25 26 -16 -27 -26 -29
right_child=1 3 -4 6 5 9 7 -9 10 14 12 -13 -14 -15 24 -17 -18 18 19 -21 -22 22 -24 -25 28 27 -28 29 -30 -31
leaf_value=-0.050154197875473143 -0.079837235624351591 0.040025437976627339 -0.006575591929367703 0.022024009786435653 -0.040156925506488382 -0.022028575532790605 0.066071226752346987 0.015652129004226297 -0.030596690077693757 0.039244715459255952 0.02939336420697819 -0.043254965752929586 -0.0057296165136805216 -0.011648566467446837 0.0034101722889423834 -0.017486527221790359 0.01025520588245841 -0.0044251428912105133 0.037851100402907886 -0.015727968227776834 -0.037775039573257764 -0.0090171116426882494 0.036724282392518424 -0.0357584971504432 0.044146094321820671 -0.036213637875988691 0.058761358044262371 -0.005527004981038342 0.0082573192679074193 0.023094339928833085
leaf_weight=26.140476375049275 5.3265823256906497 7.6695337177661704 5.9078492709195416 8.2880582978459625 6.7957559952360489 9.590896239038555 5.8790448244981262 19.574964026169255 6.6410675914994597 13.119274146505633 11.391746043322202 7.8997404579895365 113.02278744241812 6.2424975492103831 12.624711025273429 5.1751090026227748 135.90241417160723 10.599955484963177 7.5053846521368568 11.918470481621624 5.3358891971038238 5.1555693123700603 6.0697321323605138 9.6624024318562061 5.6533779364544889 7.3642170899547628 5.4799913591705254 48.895209815353155 31.18353371694684 7.4909122339449814
leaf_count=198596 876 657 1019 499 18327 236 70 392 553 155 538 802 7880 465 159 132 2345 683 284 743 424 340 323 637 58 91 39 566 372 59
internal_value=4.71531e-10 0.00241284 -0.0413111 0.00333594 -0.000619952 -0.00160916 0.00943619 0.0272973 -0.00728779 0.00492091 -0.0059069 -0.0183282 -0.0029501 0.0148646 0.00680774 0.0231966 0.00696368 -0.00236063 -0.00745311 0.004975 -0.00984128 -0.00149871 0.0157161 -0.0193669 0.00428167 1.38377e-05 0.0201641 -0.0057087 0.0137652 -0.00172465
internal_weight=569.507 543.367 11.2344 532.132 322.802 315.132 209.331 25.454 168.555 146.577 161.759 31.102 130.657 17.6342 136.986 18.2944 183.877 47.9743 39.6862 19.4239 23.2023 17.8664 11.2253 20.2624 118.692 81.855 18.1047 63.7503 36.8369 56.3861
internal_count=238320 39724 1895 37829 32176 31519 5653 462 29652 1867 11325 2442 8883 1003 1631 287 5191 2846 2347 1027 1640 1216 663 1320 1344 914 198 716 430 625
is_linear=0
shrinkage=0.05


Tree=89
num_leaves=31
num_cat=0
split_feature=4 4 13 0 11 2 7 1 0 0 5 5 2 0 11 6 5 2 1 11 2 13 11 9 2 9 12 1 11 6
split_gain=26.0412 5.51649 3.13884 3.34347 2.97835 2.81574 3.47043 2.18377 2.20042 3.13046 3.2329 3.66916 3.70857 2.66744 2.94786 4.95222 3.6224 3.51266 2.85548 2.39136 2.22122 4.26785 3.2601 4.13853 2.44575 5.60712 2.19463 2.78513 1.87844 2.36528
threshold=0.65686276555061351 0.85164836049079906 0.15362762659788134 0.71675610542297374 0.064583335071802153 0.63442233204841625 0.66584035754203807 0.81489726901054393 0.6615370810031892 0.61557489633560192 0.74001616239547741 0.71869277954101574 0.70893505215644848 0.6659565567970277 0.040833333507180221 0.75576865673065197 0.69150957465171825 0.74390637874603283 0.7831026315689088 0.024695121683180336 0.62079733610153209 0.072899032384157195 0.042572464793920524 0.73157697916030895 0.72175660729408275 0.75572556257247936 0.021054964512586597 0.71988511085510265 0.051315790042281158 0.7614000439643861
decision_type=2 2 2 2 2 2 2 2 2 2 2 2 2 2 2 2 2 2 2 2 2 2 2 2 2 2 2 2 2 2
left_child=-1 2 7 -4 5 6 -3 8 9 20 11 12 -11 -10 15 16 -15 -17 28 -19 -2 22 24 -24 26 -26 27 -22 29 -16
right_child=1 4 3 -5 -6 -7 -8 -9 13 10 -12 -13 -14 14 18 17 -18 19 -20 -21 21 -23 23 -25 25 -27 -28 -29 -30 -31
leaf_value=-0.050146878790278175 -0.025446870515717781 -0.039106790480279409 0.050890713023025926 0.0023806439674934014 0.022183884768599449 0.0065591121488914206 0.003202501148039816 -0.037717788994264582 0.036225981872511637 -0.013792172543920659 -0.050828515114688215 0.010790239416934681 -0.060036689610906406 0.01394858364296489 -0.0035209644611920222 0.049387491298596549 -0.032106100469193849 0.02517311932740451 -0.037386114091125987 -0.016880596852703465 -0.0026834553870396021 0.02358818050747918 -0.0012942637663196054 -0.06111645204038927 0.049950368123237186 -0.015243096302163398 0.015255613877742227 -0.047725659032253794 0.0074482873908731781 -0.039561285287648074
leaf_weight=24.745047127618818 9.2605662614196245 7.7372438699821968 5.136560026570808 11.514389634243342 28.207284641976003 257.66719446028583 12.973799600615164 5.040207158100201 5.1420006686057596 19.101580676794132 7.0296705703576654 10.675388624231344 5.6082280616874405 7.8604340858210007 15.963837231019172 8.7269281779153989 9.3463357078853715 8.8732873772760268 7.5108172899927004 5.4609264099872226 8.6625202663976797 15.390721316128745 6.0754411351449544 5.5159256543620359 6.6813274204778264 6.5134407126734004 6.1092160759435492 5.6838880505356419 19.473712508970493 6.3685854661871408
leaf_count=198596 3239 268 148 308 557 3900 278 1868 693 2605 1826 1628 1318 923 559 932 2075 2155 425 922 3472 834 332 432 640 1881 2062 2497 721 226
internal_value=-3.55299e-10 0.00231806 -0.0035584 0.0173452 0.00670216 0.00513344 -0.0126034 -0.00519964 -0.00440799 -0.00914204 -0.0198579 -0.0137052 -0.024288 0.00120468 -0.000805479 0.009232 -0.0110673 0.0243781 -0.0090012 0.00915185 -0.00263908 0.000844414 -0.00689275 -0.0297615 0.000984738 0.0177684 -0.00984145 -0.0205287 -0.00390162 -0.0137987
internal_weight=560.057 535.311 228.726 16.6509 306.586 278.378 20.711 212.075 207.035 112.308 42.4149 35.3852 24.7098 94.7269 89.5849 40.2679 17.2068 23.0611 49.317 14.3342 69.893 60.6325 45.2418 11.5914 33.6504 13.1948 20.4556 14.3464 41.8061 22.3324
internal_count=238320 39724 34721 456 5003 4446 546 34265 32397 22766 7377 5551 3923 9631 8938 7007 2998 4009 1931 3077 15389 12150 11316 764 10552 2521 8031 5969 1506 785
is_linear=0
shrinkage=0.05


Tree=90
num_leaves=31
num_cat=0
split_feature=4 4 3 0 0 6 6 1 9 12 0 0 7 8 7 8 3 11 11 9 11 5 6 6 7 4 0 2 11 4
split_gain=24.6015 4.52731 2.73808 2.4398 2.38604 3.30614 2.61144 2.66974 3.637 3.02923 2.48393 2.01425 2.41881 1.88278 1.80741 1.78511 2.02765 1.74721 1.73886 2.02181 4.69265 4.56123 1.69108 1.70984 1.67297 1.61778 1.28134 1.26045 3.38209 2.76931
threshold=0.65686276555061351 0.87083333730697643 0.33523347973823553 0.67946308851242077 0.71936339139938366 0.8120408058166505 0.75195086002349865 0.77314829826354992 0.80305674672126781 0.074175827205181136 0.71424695849418651 0.66479745507240307 0.75945198535919201 0.84999999403953563 0.67286750674247753 1.3499999642372134 0.47756189107894903 0.057189542800188072 0.035098522901535041 0.82251605391502391 0.028174603357911113 0.72822001576423656 0.79984620213508617 0.78632295131683361 0.80350804328918468 0.74342104792594921 0.72501832246780407 0.66355168819427501 0.054093567654490478 0.90454545617103588
decision_type=2 2 2 2 2 2 2 2 2 2 2 2 2 2 2 2 2 2 2 2 2 2 2 2 2 2 2 2 2 2
left_child=-1 2 4 11 10 6 17 9 -9 -8 25 15 -13 14 26 16 27 -6 19 20 21 -5 23 -20 -24 -2 -4 29 -29 -3
right_child=1 3 13 18 5 -7 7 8 -10 -11 -12 12 -14 -15 -16 -17 -18 -19 22 -21 -22 -23 24 -25 -26 -27 -28 28 -30 -31
leaf_value=-0.050139988287332418 -0.028964740626622066 -0.02361120524656643 0.039917020471036527 0.036104134965140804 -0.020550297101956942 -0.03100202455366834 0.059365229273048603 -0.012583952116757639 0.02874146660563151 0.013653968986008095 -0.038351018007400914 0.0052635300863547322 -0.031509030067439769 -0.003598350213238065 -0.0021908602949056439 0.024553949624643166 0.026865286300440206 0.013959699196249967 0.016460623325626058 0.026518431331877319 -0.047961734412203402 -0.02032426204331984 -0.0046043753800754051 0.042441925152811665 0.024406269848487643 -0.0051644795632577499 0.0090711843931813984 0.00034873332287897778 0.031664281098699454 0.0072583175053337404
leaf_weight=23.424700491338172 7.4844410742007303 14.225864898529837 9.8570105678518321 7.0645017239730858 10.597349990123805 5.9978359782326143 5.9552866613594224 13.021800460357555 9.0065863717154553 9.2595755806632933 6.2620956009950524 8.8743963891174662 9.0143855450442043 14.295446663960318 6.5017814490711308 10.354974827263502 8.1761260573985037 5.6089791798131037 64.71429516695207 5.7279234245652324 5.1976907353382549 7.2629682838451117 17.291435357881713 7.0193207365227854 6.9737676840741178 155.13065280376213 5.1132426126860073 67.080854749772698 9.8935756278224272 14.848603002843445
leaf_count=198596 18796 303 141 58 755 639 279 913 544 314 488 146 129 1240 98 175 92 270 1288 95 65 132 136 86 42 11086 57 1040 88 229
internal_value=-3.01104e-10 0.00222525 -0.00240223 0.00685925 -0.00441727 0.00419765 0.00814758 0.0154381 0.00431247 0.0315459 -0.00744986 0.00242255 -0.0132666 0.0104609 0.0198212 0.0046754 0.00287333 -0.00860645 0.0120723 0.000397913 -0.00726483 0.00749911 0.0151433 0.019003 0.00373322 -0.0062599 0.0293813 0.00102361 0.00437374 -0.00784585
internal_weight=551.237 527.813 264.092 263.721 228.325 59.4474 53.4496 37.2432 22.0284 15.2149 168.877 142.469 17.8888 35.7675 21.472 124.58 114.225 16.2063 121.252 25.2531 19.5252 14.3275 95.9988 71.7336 24.2652 162.615 14.9703 106.049 76.9744 29.0745
internal_count=238320 39724 35620 4104 34084 3714 3075 2050 1457 593 30370 2202 275 1536 296 1927 1752 1025 1902 350 255 190 1552 1374 178 29882 198 1660 1128 532
is_linear=0
shrinkage=0.05


Tree=91
num_leaves=31
num_cat=0
split_feature=4 4 13 1 12 11 5 9 11 11 1 2 0 13 2 7 12 7 13 3 9 13 1 11 2 11 9 12 6 2
split_gain=23.2384 4.45955 2.59094 2.41595 2.99562 2.78264 3.23217 2.61205 2.36996 7.13999 3.59997 3.14799 2.9793 2.38105 2.26966 2.55174 2.01528 2.00448 1.80586 2.23992 2.38957 2.11672 2.45065 2.4306 2.3084 3.32073 3.67839 3.22526 2.11481 2.32083
threshold=0.65686276555061351 0.85164836049079906 0.16129703819751742 0.81771615147590648 0.080128207802772536 0.011299795936793091 0.69255232810974132 0.68899333477020275 0.060661764815449722 0.051315790042281158 0.72825241088867199 0.70617377758026134 0.57288816571235668 0.093270305544137969 0.63442233204841625 0.66700825095176708 0.010695492848753931 0.74506115913391124 0.076298922300338759 0.48983579874038702 0.68899333477020275 0.066682107746601119 0.81489726901054393 0.042572464793920524 0.79113039374351513 0.013423423748463394 0.74502429366111766 0.021980676800012592 0.70568695664405834 0.68810769915580761
decision_type=2 2 2 2 2 2 2 2 2 2 2 2 2 2 2 2 2 2 2 2 2 2 2 2 2 2 2 2 2 2
left_child=-1 3 14 4 5 -2 -7 -8 9 11 -10 12 -9 -11 15 -3 -13 -14 21 20 -20 22 24 -23 25 -16 27 -27 -22 -30
right_child=1 2 -4 -5 -6 6 7 8 10 13 -12 16 17 -15 18 -17 -18 -19 19 -21 28 23 -24 -25 -26 26 -28 -29 29 -31
leaf_value=-0.050134781243127757 0.029842720458491807 -0.032796676024546147 0.033920023771705159 -0.035059727416783891 0.0090384344976574046 -0.017264405759980055 0.023503236790668073 0.0053103179109968528 0.0015602146634083448 0.0075564976098697213 -0.049562874324408542 -0.030198915218056843 -0.021722872704789401 0.04919193620547252 0.040944688456970385 0.0026090898891657508 0.00082863750811719384 -0.06390126157003051 -0.014217970230390248 0.038935227483892602 0.028911191630000267 -0.031217571075535064 -0.026167834406904684 0.0017060696022610134 0.038307247404202979 0.0056859721691938734 -0.0074104547356866864 0.042667663177549976 -0.014930356860548758 0.010451456476331108
leaf_weight=22.17116588607314 5.4133572368982632 7.9249162464984719 8.143659721943548 5.8127405678183086 45.273853996008256 49.587773523126543 9.23586594316839 5.0360018545143275 7.0069555883965204 5.9743304485591571 6.7712131432353999 5.7712790854193363 6.1983041672192467 8.0752757383206681 5.9967484938679254 14.220794728084 56.146453233859575 5.1633477996929287 10.47428682510508 6.4378255864721714 14.090753701340871 9.4510631340090203 5.8034759926376855 13.778181001893243 5.6451530915219328 22.244724539690655 41.709103793138638 8.0216647584456933 9.7613271255977434 116.41008483816404
leaf_count=198596 1108 287 287 1699 1935 11084 874 1584 262 352 589 1292 1658 212 85 322 9998 2074 146 104 387 159 151 171 60 349 898 99 185 1313
internal_value=1.89919e-10 0.00213111 0.00610272 -0.00325088 -0.00239351 -0.00543123 -0.00658874 -0.00200054 -0.00421971 -0.0013341 -0.023564 -0.00722218 -0.0267018 0.0314873 0.00532683 -0.010061 -0.0020634 -0.040891 0.00658978 0.0100527 0.00881918 0.00175813 0.00525141 -0.0116893 0.00743207 0.00519672 0.00221833 0.0154874 0.0105395 0.00848778
internal_weight=543.752 521.581 300.114 221.467 215.654 170.38 164.967 115.379 106.143 92.365 13.7782 78.3154 16.3977 14.0496 291.97 22.1457 61.9177 11.3617 269.824 157.174 150.736 112.65 89.4209 23.2292 83.6174 77.9722 71.9755 30.2664 140.262 126.171
internal_count=238320 39724 5003 34721 33022 31087 29979 18895 18021 17170 851 16606 5316 564 4716 609 11290 3732 4107 2135 2031 1972 1642 330 1491 1431 1346 448 1885 1498
is_linear=0
shrinkage=0.05


Tree=92
num_leaves=31
num_cat=0
split_feature=4 4 0 1 12 11 5 11 9 7 7 7 0 3 11 11 1 11 13 6 6 1 2 0 12 12 5 12 13 5
split_gain=21.9308 4.65054 2.38894 2.37018 2.69844 2.59203 2.89392 2.26245 2.56877 5.54698 2.99554 2.62918 4.261 1.98258 2.37899 5.93362 2.69202 1.95052 3.15395 2.91279 2.01553 1.93249 1.75705 2.69595 3.56405 4.59595 4.43346 2.04066 2.14398 2.44688
threshold=0.65686276555061351 0.85164836049079906 0.67806375026702892 0.81771615147590648 0.080128207802772536 0.011299795936793091 0.69255232810974132 0.042572464793920524 0.83207157254219066 0.76958248019218456 0.81479325890541088 0.75524199008941661 0.70754933357238781 0.47950035333633428 0.060661764815449722 0.054093567654490478 0.72385805845260631 0.039230769500136382 0.14153297990560534 0.75822243094444286 0.70409640669822704 0.82860368490219127 0.7187023162841798 0.56078696250915538 0.020620748400688175 0.028991596773266796 0.72582313418388378 0.057189542800188072 0.080559108406305327 0.73622581362724315
decision_type=2 2 2 2 2 2 2 2 2 2 2 2 2 2 2 2 2 2 2 2 2 2 2 2 2 2 2 2 2 2
left_child=-1 3 -3 4 5 -2 -7 8 9 11 -11 12 -4 14 15 22 -16 19 -19 -6 -20 -9 23 -8 -25 -26 -27 28 29 -24
right_child=1 2 7 -5 17 6 13 21 -10 10 -12 -13 -14 -15 16 -17 -18 18 20 -21 -22 -23 27 24 25 26 -28 -29 -30 -31
leaf_value=-0.050128336947288743 0.028823789324453966 0.0018131781471324205 -0.032050864085537721 -0.035141254849665925 0.0029733218484421097 -0.016838244294953321 0.011085714757670855 0.018030871978180065 0.030700773152080647 -0.032758532546264603 0.0055492926373792249 0.037042392991428245 0.0188884736188288 0.017915682896348917 -0.002771229952594175 0.040420096543546731 -0.046963596438399646 -0.016348228895786326 0.042330268838637393 0.049704924167965361 0.0048184405615551316 -0.013054424448210707 0.012174459815952185 -0.059201742197370268 0.024441253116242151 -0.057174592538395103 0.0016466020007145381 0.019931669370472707 -0.031314747869903632 -0.015131378996208356
leaf_weight=20.965918614626389 5.3177047829885842 154.17428141005803 5.8195541260065573 5.7567162228765474 7.3409266705020837 48.834541716599688 7.6917870755660287 78.584684500820003 7.4211143326247102 14.592897588270718 7.8474372026976189 8.5717462119646353 13.936732292990198 10.966427949384522 7.2584431464683785 7.7266324935726507 6.5610326327032453 13.892520970453917 5.0148412361850232 6.1097050107437099 12.523436400722856 5.3394519712310275 18.837613517502177 5.2809587631163621 5.7622219166323729 6.760163647092666 6.0886407486304961 10.55291016936644 6.3980906046926966 14.534466638234333
leaf_count=198596 1108 2675 86 1699 548 11084 1933 1568 101 250 99 69 115 483 259 358 611 536 259 266 326 40 3665 1954 1263 1657 1034 840 368 4470
internal_value=4.70165e-10 0.00203878 0.00612368 -0.00348244 -0.00262862 -0.00552941 -0.0066484 0.0108 0.0032236 -0.000792902 -0.0193622 0.013917 0.00388342 -0.00229934 -0.00444222 -0.00146503 -0.0237523 0.00826654 0.00144778 0.0242003 0.0155445 0.0160532 -0.00541624 -0.0146601 -0.0229487 -0.0126617 -0.0293011 0.000385385 -0.00480117 0.00028201
internal_weight=536.464 515.498 296.288 219.21 213.453 168.572 163.254 142.114 58.1895 50.7684 22.4403 28.328 19.7563 114.419 103.453 89.6335 13.8195 44.8814 31.4308 13.4506 17.5383 83.9241 81.9069 31.5838 23.892 18.611 12.8488 50.3231 39.7702 33.3721
internal_count=238320 39724 5003 34721 33022 31087 29979 2328 720 619 349 270 201 18895 18412 17542 870 1935 1121 814 585 1608 17184 7841 5908 3954 2691 9343 8503 8135
is_linear=0
shrinkage=0.05


Tree=93
num_leaves=31
num_cat=0
split_feature=4 4 1 12 5 13 0 13 0 7 6 11 0 9 12 11 13 12 10 11 11 10 11 7 4 11 13 0 6 1
split_gain=20.7256 4.62452 2.12926 2.87243 2.14339 4.15646 5.99803 3.33275 4.18591 3.17721 2.73678 2.47051 1.97057 1.81221 3.32949 2.06406 4.47306 2.56914 2.79802 2.95883 3.77462 1.72466 1.71559 2.18238 1.63395 1.5823 5.57525 2.21574 1.4946 5.64152
threshold=0.65686276555061351 0.87083333730697643 0.81771615147590648 0.080128207802772536 0.69882836937904369 0.04864702187478543 0.54889056086540233 0.062234593555331237 0.62424683570861828 0.72093877196311962 0.73754718899726879 0.042572464793920524 0.67946308851242077 0.760115146636963 0.069047622382640853 0.01835016813129187 0.04818366467952729 0.021054964512586597 0.99999997019767772 0.03637566231191159 0.046536797657608993 0.99999997019767772 0.033908046782016761 0.77043777704238903 0.92582416534423839 0.03637566231191159 0.039014441892504699 0.62857139110565197 0.75747892260551464 0.76858049631118786
decision_type=2 2 2 2 2 2 2 2 2 2 2 2 2 2 2 2 2 2 2 2 2 2 2 2 2 2 2 2 2 2
left_child=-1 2 3 4 5 6 -2 -7 11 21 -8 -9 24 14 25 -15 -17 -18 -19 -20 -21 -10 23 -14 -3 26 -6 -28 -5 -30
right_child=1 12 -4 28 13 7 10 8 9 -11 -12 -13 22 15 -16 16 17 18 19 20 -22 -23 -24 -25 -26 -27 27 -29 29 -31
leaf_value=-0.050122087681768825 -0.031092211017159824 0.0002387912754350318 -0.029605132408967873 0.0016733739457417884 0.020179836219419545 -0.048119021810003805 0.0092755672864441221 0.028929690108988979 0.0028573084295810199 -0.05751084386023006 0.059276373096252714 -0.0074390596461203929 0.013806265426989529 0.014467969318037573 0.040248327172835607 -0.056243853579423901 0.017500121966467861 -0.034946496560859783 0.02685081578495023 -0.047876651732790432 0.003822674365702966 -0.027745385500042664 0.01450748780741778 -0.016545521264734356 0.014913250695858063 0.0069676685071465294 -0.056370576970754531 -0.011687100272420056 0.053241997393887422 -0.0012505969735692069
leaf_weight=19.854488042814864 5.6968485065717713 115.27859873732086 7.2007373840560822 32.784939239851155 8.4792784510709698 7.7978741505021381 5.9988814066514333 6.2885108087402868 7.0801272430790094 6.3782213891081474 5.032534285285692 18.136995732471405 12.534547119168566 8.9690230225205578 6.0459889345756883 5.0295535550158084 8.8867572181834458 9.9003064416710931 6.0404271100906071 5.4550535060752727 10.007489546100258 13.163598762484526 93.711204596736934 11.227222313056698 22.705796602880582 40.453891131018281 5.4601981411415164 5.6402299480514557 7.5404717784076665 12.832982267824262
leaf_count=198596 3273 1848 1743 1563 2186 2604 2268 905 644 685 908 946 141 3124 408 2829 942 1156 1258 405 457 1146 1565 196 354 1751 1800 2080 152 387
internal_value=2.24863e-10 0.00194457 -0.00280064 -0.0020258 -0.0048224 -0.0114222 0.0105705 -0.0176741 -0.0130234 -0.0267379 0.0320859 0.00192432 0.00670544 -0.000678712 0.00488212 -0.0074473 -0.0117845 -0.00623444 -0.012951 -0.00282398 -0.0144164 -0.0170423 0.0114648 -0.000534681 0.00265352 0.00132038 -0.0103476 -0.0336665 0.00828246 0.0189178
internal_weight=531.613 511.758 256.301 249.1 195.942 75.5736 16.7283 58.8453 51.0475 26.6219 11.0314 24.4255 255.457 120.368 66.0796 54.2886 45.3196 40.29 31.4033 21.503 15.4625 20.2437 117.473 23.7618 137.984 60.0336 19.5797 11.1004 53.1584 20.3735
internal_count=238320 39724 35620 33877 31775 13379 6449 6930 4326 2475 3176 1851 4104 18396 8225 10171 7047 4218 3276 2120 862 1790 1902 337 2202 7817 6066 3880 2102 539
is_linear=0
shrinkage=0.05


Tree=94
num_leaves=31
num_cat=0
split_feature=4 4 1 0 3 0 0 6 11 6 1 13 9 4 9 1 8 7 2 4 0 0 0 0 13 8 13 5 0 13
split_gain=19.6202 4.37984 2.85549 2.3451 2.25115 2.69781 2.91145 1.91532 2.66972 1.91257 3.05214 3.2145 1.79678 1.55454 1.52325 2.07889 1.38015 1.40351 2.24369 2.25903 2.16383 5.65983 4.32003 2.0608 3.08772 1.88054 1.76376 1.76043 2.28237 1.66772
threshold=0.65686276555061351 0.87083333730697643 0.81771615147590648 0.67946308851242077 0.33523347973823553 0.71936339139938366 0.70970851182937633 0.74702754616737377 0.032795699313282974 0.75195086002349865 0.77314829826354992 0.12439227476716043 0.80305674672126781 0.74342104792594921 0.67608711123466503 0.72465914487838756 1.3499999642372134 0.74780005216598522 0.66355168819427501 0.90454545617103588 0.56271344423294078 0.58700990676879894 0.54580584168434154 0.65406289696693432 0.083775423467159285 0.94999998807907116 0.076298922300338759 0.70565342903137218 0.63760834932327282 0.068235181272029891
decision_type=2 2 2 2 2 2 2 2 2 2 2 2 2 2 2 2 2 2 2 2 2 2 2 2 2 2 2 2 2 2
left_child=-1 2 4 16 5 6 13 8 -6 -7 11 -11 -12 -2 -10 -16 17 18 19 29 22 -22 -20 24 25 -19 -21 -23 -29 -3
right_child=1 3 -4 -5 7 9 -8 -9 14 10 12 -13 -14 -15 15 -17 -18 23 20 26 21 27 -24 -25 -26 -27 -28 28 -30 -31
leaf_value=-0.05011692415977137 -0.028599122481789876 -0.04422172851167816 -0.033066440345309943 0.011691441245250175 -0.029373757185010729 -0.0091249660574641046 -0.033794685936171236 0.028185336212519559 0.034839840828174061 0.046825617032616486 -0.012158277110525226 -0.00092459742027508089 0.01621384967177654 -0.0041803441459966739 -0.019026055593234861 0.022513995999550451 0.018632862555990438 -0.027121381166471739 0.0056178856997296861 0.030004147510085063 -0.041740125277791647 0.02184395018443833 0.060998925274132233 -0.025371451271325292 0.035045877296951349 0.0015938295521992409 -0.0068984430901575071 -0.026749807513481882 0.013267605430126034 -0.0078831756274473693
leaf_weight=18.828774878347303 6.829513936532293 5.2204571739421244 7.5642744148949523 117.01945941022132 5.1678308924065304 14.898448123405613 9.5324993154981694 10.308492582808865 5.0033915567401008 9.6358418929430609 12.62130420126414 5.557230147504014 10.002648391224282 142.75393169329618 5.9447650715128457 6.1048706062774727 11.513563102926126 8.1945430102059635 9.4293405303033051 5.1063022488378911 5.7753235225100061 19.207866247161292 5.6200907744932911 11.063922222238032 5.1695466133533037 18.742088500759564 8.8492195267463085 5.4826630007009944 10.176905580447054 7.9894954940536991
leaf_count=198596 17820 162 1743 1902 781 1024 867 247 86 445 923 148 671 10519 224 122 218 191 141 85 86 265 43 196 52 282 145 97 107 132
internal_value=-2.76112e-10 0.00186311 -0.00281075 0.00648858 -0.00187417 -0.00375478 -0.00700261 0.0103724 0.00210876 0.00604844 0.0120262 0.0293598 0.000385791 -0.00529523 0.0116494 0.00201995 0.00206201 0.000548137 0.00435678 -0.00742398 0.0101032 0.00410592 0.0262995 -0.0067619 -0.000348977 -0.00714178 0.00660415 0.0116997 -0.000743125 -0.0222439
internal_weight=525.315 506.486 251.925 254.561 244.361 211.831 159.116 32.5294 22.2209 52.7155 37.817 15.1931 22.624 149.583 17.053 12.0496 137.541 126.028 82.8577 27.1655 55.6922 40.6428 15.0494 43.1701 32.1062 26.9366 13.9555 34.8674 15.6596 13.21
internal_count=238320 39724 35620 4104 33877 32417 29206 1460 1213 3211 2187 593 1594 28339 432 346 2202 1984 1263 524 739 555 184 721 525 473 230 469 204 294
is_linear=0
shrinkage=0.05


Tree=95
num_leaves=31
num_cat=0
split_feature=4 4 0 1 0 3 4 11 11 2 13 13 13 0 12 12 5 7 12 12 12 12 13 0 1 5 11 11 9 7
split_gain=18.5587 3.83091 2.36293 2.3086 1.89861 1.67883 2.10097 2.15365 2.59054 3.25045 2.453 3.40542 3.76947 3.35065 1.81799 2.49792 1.86905 3.04157 2.61797 2.65624 2.29969 2.81861 1.81571 1.72597 5.56042 4.45319 1.64292 1.61884 2.38859 4.27874
threshold=0.65686276555061351 0.85164836049079906 0.6767459809780122 0.81771615147590648 0.66479745507240307 0.33523347973823553 0.74342104792594921 0.014599318150430919 0.025320513173937801 0.70617377758026134 0.058323483914136894 0.053060851991176612 0.047908006235957153 0.5300387740135194 0.017700501717627052 0.022474748082458976 0.70266237854957592 0.72287005186080944 0.039230769500136382 0.087121214717626586 0.080128207802772536 0.054093567654490478 0.038512213155627258 0.71936339139938366 0.77015841007232677 0.72314488887786876 0.046536797657608993 0.042572464793920524 0.83207157254219066 0.76958248019218456
decision_type=2 2 2 2 2 2 2 2 2 2 2 2 2 2 2 2 2 2 2 2 2 2 2 2 2 2 2 2 2 2
left_child=-1 3 4 5 -3 6 -2 -8 9 -9 11 12 -10 -12 -15 -16 17 18 -17 20 21 -20 -11 24 -18 -25 -6 28 29 -4
right_child=1 2 27 -5 26 -7 7 8 10 22 13 -13 -14 14 15 16 23 -19 19 -21 -22 -23 -24 25 -26 -27 -28 -29 -30 -31
leaf_value=-0.05011255162801026 -0.029695791366503341 0.0031140869984302446 0.012744683064421621 -0.034749031467144718 -0.026356967175739099 0.0088881050681829717 -0.032257828795767274 -0.014240422733663244 -0.037338807015805796 0.0010968751290442102 0.035141229452627105 -0.055459542893979932 0.019835548387606441 -0.029331669341918304 0.025823221897957483 -0.035063995119803459 0.0025693207551590221 -0.041066592198163526 0.026613350277323797 -0.026349848923331056 0.036183576192343053 -0.019290944867653204 0.032456011696026153 0.0486175440861022 -0.052911523745744607 -0.0018186043291038162 0.0070443564403861294 0.014719439441394739 0.029801481285780657 -0.016433631114464567
leaf_weight=17.841806443214864 7.7620827778787307 133.60043351075728 28.580322029418312 5.6897408897912092 10.763553849305028 28.129456892361304 6.104857094689577 8.7280216951421625 5.5054626362343715 6.8926121141048524 5.6595094397925996 5.4122665790564488 6.0516428101673228 6.8076265607705855 7.1678390401284551 6.3852653608846586 30.112285331866588 7.7751618862330352 5.5258877296437339 6.8147525140084317 5.8416665902113882 8.4691536707887263 13.974443363793396 6.0453925734836984 5.3128760223335112 15.853532403074494 5.5953730454202733 81.746192600607174 7.6955889892997211 22.420558149111457
leaf_count=198596 19818 2373 273 1699 175 1410 1252 1933 1229 1089 158 494 568 214 215 321 900 349 196 261 109 308 1238 176 331 453 102 1619 103 358
internal_value=-6.27136e-11 0.00177957 0.00551015 -0.00333013 0.00114541 -0.00246374 -0.00425564 -0.00309706 -0.00201377 0.0113811 -0.00495589 -0.0227287 -0.00740062 -0.00239505 -0.00428992 -0.00267103 -0.00475225 -0.0129301 -0.00630825 0.000581173 0.00983312 -0.00116581 0.0220978 0.00107 -0.0057514 0.0121047 -0.0149324 0.0101707 0.0038356 -8.24307e-05
internal_weight=520.265 502.424 290.402 212.022 149.959 206.332 178.202 170.44 164.335 29.5951 134.74 16.9694 11.5571 117.771 112.111 105.304 98.136 40.8119 33.0367 26.6515 19.8367 13.995 20.8671 57.3241 35.4252 21.8989 16.3589 140.443 58.6965 51.0009
internal_count=238320 39724 5003 34721 2650 33022 31612 11794 10542 4260 6282 2291 1797 3991 3833 3619 3404 1544 1195 874 613 504 2327 1860 1231 629 277 2353 734 631
is_linear=0
shrinkage=0.05


Tree=96
num_leaves=31
num_cat=0
split_feature=4 4 3 4 11 0 8 6 13 13 13 8 11 4 13 13 6 2 13 11 11 0 11 11 13 13 13 7 0 5
split_gain=17.5567 3.54078 1.8428 1.96542 2.63032 1.79157 1.70635 1.72257 1.59109 3.06338 2.66082 1.94993 2.30472 2.19354 2.1996 5.05273 2.01621 2.53942 1.63117 1.4502 1.39782 2.57294 2.22156 1.91274 2.3279 1.47986 2.36768 3.46854 2.89134 2.8151
threshold=0.65686276555061351 0.87083333730697643 0.33523347973823553 0.74342104792594921 0.014599318150430919 0.67946308851242077 0.84999999403953563 0.69455227255821239 0.037143779918551452 0.04583986476063729 0.049409948289394386 0.94999998807907116 0.051315790042281158 0.92582416534423839 0.053581949323415763 0.058323483914136894 0.7255285680294038 0.6795213818550111 0.033774262294173248 0.040833333507180221 0.01835016813129187 0.64424356818199169 0.020620748400688175 0.025320513173937801 0.047660695388913162 0.052531413733959205 0.057329760864377029 0.79050070047378551 0.5288124978542329 0.70123136043548595
decision_type=2 2 2 2 2 2 2 2 2 2 2 2 2 2 2 2 2 2 2 2 2 2 2 2 2 2 2 2 2 2
left_child=-1 2 3 -2 -5 8 7 -4 18 -10 -11 12 16 14 -13 -16 17 -12 -3 -9 21 -6 -22 -24 -25 -26 -27 28 -28 -30
right_child=1 5 6 4 20 -7 -8 19 9 10 11 13 -14 -15 15 -17 -18 -19 -20 -21 22 -23 23 24 25 26 27 -29 29 -31
leaf_value=-0.050108192527594964 -0.029066668696478722 0.0020911327174836267 -0.0067790513408655956 -0.031941994821680177 -0.012739495251210453 0.010479753460430147 -0.0054405227932132934 0.040773932077951006 -0.026653048707510441 0.029297853080797454 -0.022374615053022486 0.028109892977118814 0.014668050511996126 0.022561493166194033 -0.047438619812273534 0.0027334336993189989 -0.035582653993792804 0.017744538032401763 0.040615172281498052 0.008867947001391362 -0.036193246681614145 0.031948619006253919 0.014551724400985542 -0.03507895333192973 0.020952467820680207 -0.034235618422794788 0.032339479120813676 -0.025929311930088218 -0.010369380163019817 0.0048029814699282036
leaf_weight=16.905425885234308 7.6979377195657426 5.8444758905679901 5.238212919910441 7.7310581223446198 5.4948267895688314 114.92199165860075 13.222571140671787 8.0687841065810044 9.6605453423107956 8.6689872356364486 9.8314892507623934 6.545124885858967 7.5614740906748912 14.359267539635765 5.6183598183561108 46.971519596700091 9.1365111456252617 6.5869405590929082 5.1858175665256567 6.3754251375794402 5.0062941604392099 7.7834653772661113 15.187253169740869 5.8102951470427788 6.2689657010305373 6.1462641137277378 6.5630277115051276 14.311265710097357 53.560367006217348 71.230878550361012
leaf_count=198596 20839 171 141 1404 1023 1902 1240 93 294 120 167 70 92 210 84 677 171 43 103 62 1006 763 1878 1297 601 509 168 633 1920 2043
internal_value=-1.48069e-10 0.00170584 -0.0025606 -0.0042634 -0.00333244 0.00588392 0.00845115 0.0177835 0.00199953 0.000392448 0.00265889 0.000492753 -0.00958083 0.0050319 0.000775329 -0.00262662 -0.0167559 -0.00627914 0.0202029 0.0266912 -0.00221175 0.0134558 -0.00334187 -0.00242348 -0.00399652 -0.00285408 -0.00383715 -0.00255451 -7.78292e-06 -0.00170899
internal_weight=513.495 496.589 245.697 212.792 205.094 250.893 32.905 19.6824 135.971 124.94 115.28 106.611 33.1164 73.4943 59.135 52.5899 25.5549 16.4184 11.0303 14.4442 197.363 13.2783 184.085 179.078 163.891 158.081 151.812 145.666 131.354 124.791
internal_count=238320 39724 35620 34084 13245 4104 1536 296 2202 1928 1634 1514 473 1041 831 761 381 210 274 155 11841 1786 10055 9049 7171 5874 5273 4764 4131 3963
is_linear=0
shrinkage=0.05


Tree=97
num_leaves=31
num_cat=0
split_feature=4 11 4 8 12 5 11 9 12 0 1 12 6 4 13 12 11 11 13 12 4 1 2 8 0 0 12 7 11 12
split_gain=16.5944 3.43047 3.26239 5.75267 2.69092 2.56116 4.28097 4.88704 2.40709 2.79325 2.19304 1.96323 1.93956 2.0228 1.85796 5.46088 1.76186 1.89834 2.81087 3.2534 2.92614 2.32734 2.28151 2.09555 2.63411 1.92209 1.6565 1.61053 2.15677 2.17256
threshold=0.65686276555061351 0.010050504934042694 0.82843136787414562 1.1500000357627871 0.0087337908335030096 0.68870931863784801 0.060661764815449722 0.69246244430542003 0.009569597430527212 0.67549023032188427 0.79150468111038219 0.037749288603663451 0.78632295131683361 0.93541666865348827 0.077941548079252257 0.027402402833104137 0.018019480630755428 0.021054964512586597 0.041619256138801582 0.011299795936793091 0.83974358439445507 0.71496459841728222 0.76518371701240551 0.94999998807907116 0.63574334979057323 0.61988472938537609 0.012579114176332952 0.78301003575325023 0.042572464793920524 0.054093567654490478
decision_type=2 2 2 2 2 2 2 2 2 2 2 2 2 2 2 2 2 2 2 2 2 2 2 2 2 2 2 2 2 2
left_child=-1 -2 3 5 -4 6 7 11 -6 16 12 -3 13 27 15 -12 -10 -18 -19 -20 21 -21 23 24 25 -22 -7 -11 -29 -30
right_child=1 2 4 -5 8 26 -8 -9 9 10 14 -13 -14 -15 -16 -17 17 18 19 20 22 -23 -24 -25 -26 -27 -28 28 29 -31
leaf_value=-0.050103507545448768 0.036327462556381147 -0.021708375051357524 -0.031344379394196084 -0.053139956349429779 0.028951420719497391 -0.019147891511795342 0.017211667168467924 -0.03851902758134227 -0.02425702979579911 0.010443674879616591 0.0086696666513676416 0.017636880271560702 0.036484929261015556 0.029488718511006252 0.0048250156307919597 -0.057679064445276623 0.024658253370480131 -0.03388105836638039 0.02758806361491585 -0.002593414681909479 -0.0067297016693936562 -0.044690038929948182 -0.027617753767013493 0.0068400746416847893 -0.029406916389042706 0.028330457827416951 0.0036576083030069179 -0.031611749237770048 0.028159314417532069 -0.016222094646474602
leaf_weight=16.007001552320162 7.0199299357473128 5.4193654492964942 5.3944908836565437 6.0317164603620759 9.5840383258473576 8.8155381225978982 8.8057677494052751 18.772699071918851 7.8898593303747466 87.125776535540354 7.9914579679607396 7.6403285631586186 7.3256413837661958 11.891658328939227 37.432627985021099 5.0680045382468961 7.4104774686275041 6.3260652114113318 10.056956315384012 6.3692944545764458 16.942941512621477 6.7763622357160784 6.7452791393734506 76.735946745146066 10.16905168071389 5.0816428680554955 82.292547040659883 5.6571350147714865 5.6138183088041824 5.4194547456281725
leaf_count=198596 679 1223 134 15173 147 1650 378 4817 435 1868 182 444 92 138 391 205 259 325 152 222 275 209 107 1329 159 64 8258 151 58 200
internal_value=-1.84009e-10 0.00162413 0.00112368 -0.00539105 0.0036955 -0.00320497 -0.0136433 -0.0221787 0.0042456 0.00353674 0.00793411 0.00130983 0.011535 0.0099554 -0.000840161 -0.0170784 -0.0012174 -2.62918e-05 -0.00128607 0.000198678 -0.0019396 -0.0242935 0.00060077 0.00234815 -0.00835867 0.00135959 0.00145097 0.00771795 -0.00651066 0.00635952
internal_weight=509.813 493.806 486.786 137.778 349.008 131.746 40.6382 31.8324 343.613 334.029 173.526 13.0597 123.033 115.708 50.4921 13.0595 160.504 152.614 145.204 138.877 128.821 13.1457 115.675 108.93 32.1936 22.0246 91.1081 103.816 16.6904 11.0333
internal_count=238320 39724 39045 31943 7102 16770 6862 6484 6968 6821 3285 1667 2507 2415 778 387 3536 3101 2842 2517 2365 431 1934 1827 498 339 9908 2277 409 258
is_linear=0
shrinkage=0.05


Tree=98
num_leaves=31
num_cat=0
split_feature=4 2 4 0 0 7 13 7 1 3 11 4 1 13 13 12 13 7 11 11 13 8 0 1 13 4 1 8 0 11
split_gain=15.6866 3.25188 3.33924 1.72251 1.77805 2.52838 2.37579 1.90541 1.7784 1.60446 1.83151 2.50205 1.5372 1.79151 1.94902 2.57303 5.08702 3.7047 2.93327 2.77003 1.77101 1.62663 1.49346 2.22948 2.9952 2.76609 2.58706 2.30016 2.21147 1.46478
threshold=0.65686276555061351 0.57044413685798656 0.87083333730697643 0.67946308851242077 0.69462543725967418 0.7531307339668275 0.078600231558084502 0.76609027385711681 0.79770383238792431 0.33523347973823553 0.014599318150430919 0.74342104792594921 0.70635208487510692 0.09472751617431642 0.10259784013032915 0.069047622382640853 0.12161172181367876 0.76520562171936046 0.046536797657608993 0.064583335071802153 0.089706104248762145 1.0500000119209292 0.71936339139938366 0.81257101893424999 0.13058059662580493 0.83974358439445507 0.76939964294433605 1.2500000000000002 0.70970851182937633 0.057189542800188072
decision_type=2 2 2 2 2 2 2 2 2 2 2 2 2 2 2 2 2 2 2 2 2 2 2 2 2 2 2 2 2 2
left_child=-1 -2 9 -4 5 -5 8 -7 -6 10 -3 -12 -8 20 -15 17 -17 -16 -18 21 -14 -20 28 24 27 26 -26 -24 29 -13
right_child=1 2 3 4 6 7 12 -9 -10 -11 11 22 13 14 15 16 18 -19 19 -21 -22 -23 23 -25 25 -27 -28 -29 -30 -31
leaf_value=-0.050098865943319686 -0.028695594062616049 -0.026149028807408312 0.0023248287100076656 0.0037313458773615398 0.0054717582096764569 0.062440159289663379 0.034863995611120337 0.020796079291038105 -0.034368438183182713 0.0082722509335243066 -0.036015291861817685 -0.0052424504011732431 0.0097992863886218994 -0.020927732650646954 0.058545739988548201 -0.042024500188533237 0.028481033174178778 0.0023597717580797926 -0.031397419337598813 0.025163437774446459 0.046645973154751753 -5.7899893381694661e-05 0.02974267993282145 -0.025974454751861317 0.0011119252894099677 0.023547537931028741 -0.040499555833465262 -0.0050152508701892962 -0.028855646956492315 0.0089760638136451385
leaf_weight=15.154541294494264 8.7255528364230468 8.7423553800381324 131.07138021185528 8.3150285235024075 5.8267886764369887 5.1528201407054421 6.1644123454461797 5.8825213375384919 5.3942074290243909 32.061399242775224 5.4963943115428711 108.11688301858339 7.6393284897785616 6.346550647285766 5.5957256712717918 5.5418100488604969 13.05255591397872 6.1674393881112337 6.4309606847236926 7.3652603188529602 5.6901369311381131 11.624619280977639 18.412905172164759 5.0802997097343896 9.065641435983709 6.1847557837027116 6.3527105474204282 6.4192239777676141 8.731497377411868 21.759081353287911
leaf_count=198596 1957 4323 2086 150 91 33 350 105 118 1471 16754 8792 67 60 51 67 171 60 90 162 44 217 482 239 312 194 96 301 342 539
internal_value=5.1383e-10 0.00155448 0.00210474 0.00621741 0.0107651 0.0245526 0.0078914 0.0402413 -0.0136804 -0.00212689 -0.00375837 -0.00275771 0.0108571 0.00889581 0.0053271 0.00831442 0.0027628 0.0290874 0.00921408 -0.000678709 0.0255286 -0.0112203 -0.00179625 0.00547274 0.00891326 -0.00470145 -0.0160329 0.0207576 -0.00449788 -0.00286032
internal_weight=503.565 488.41 479.685 243.262 112.19 19.3504 92.8398 11.0353 11.221 236.423 204.362 195.619 81.6188 75.4544 62.1249 55.7784 44.0152 11.7632 38.4734 25.4208 13.3295 18.0556 190.123 51.5155 46.4352 21.6031 15.4184 24.8321 138.607 129.876
internal_count=238320 39724 37767 3922 1836 288 1548 138 209 33845 32374 28051 1339 989 878 818 707 111 640 469 111 307 11297 1624 1385 602 408 783 9673 9331
is_linear=0
shrinkage=0.05


Tree=99
num_leaves=31
num_cat=0
split_feature=4 4 2 12 0 6 3 4 11 3 11 11 11 5 5 1 12 12 13 5 2 9 5 7 11 11 0 5 12 5
split_gain=14.8405 2.96751 1.69582 2.84678 1.64266 1.60741 2.36218 2.21003 2.28809 1.66038 1.37451 1.32638 2.50858 4.18954 4.57648 3.09046 2.50658 2.50431 2.89721 2.09448 1.86536 1.67711 1.65406 1.59435 2.40552 1.71879 3.91956 1.58321 1.66357 2.45667
threshold=0.65686276555061351 0.87083333730697643 0.63442233204841625 0.032795699313282974 0.62071934342384349 0.64616894721984874 0.42709626257419592 0.74342104792594921 0.014599318150430919 0.51215034723281871 0.04446640424430371 0.037749288603663451 0.054093567654490478 0.70879006385803234 0.6408827304840089 0.67802834510803234 0.013793759513646366 0.021507862955331806 0.091208070516586318 0.7453875243663789 0.67252266407012951 0.75516271591186535 0.69409710168838512 0.75945198535919201 0.020620748400688175 0.026671408675611023 0.6963615119457246 0.7460523545742036 0.037749288603663451 0.72058409452438366
decision_type=2 2 2 2 2 2 2 2 2 2 2 2 2 2 2 2 2 2 2 2 2 2 2 2 2 2 2 2 2 2
left_child=-1 5 3 -3 -5 10 7 -7 -9 -8 -2 20 13 14 -13 -14 -15 -18 21 -20 -10 -19 -16 24 -22 26 -25 28 -17 -30
right_child=1 2 -4 4 -6 6 9 8 11 -11 -12 12 15 16 22 27 17 18 19 -21 23 -23 -24 25 -26 -27 -28 -29 29 -31
leaf_value=-0.050095519010623812 -0.03515996236103483 -0.031529745243249169 0.0065692375037936096 0.027267506439005149 -0.010881551811198372 -0.033775752984616457 0.022962274546116254 -0.030353339695004256 -0.02206716575091202 -0.0018794976346438537 -0.0056823067070905058 0.01704616870281174 0.039708308624269016 -0.032045632124858774 -0.04202970374126027 -0.013638091423492461 0.030955318379485931 -0.0044781718144410098 -0.0040174643184699996 0.028263967733319691 -0.0095679835328734246 -0.041765910992344828 -0.016074608076435154 -0.018294422405961748 0.022806577584220264 -0.020867348214729797 0.036380937960746478 -0.017401030906527178 0.0010488186049423351 0.036138703888015447
leaf_weight=14.357546596527753 6.6291617788010653 8.069868524384221 225.72466146547231 5.4031743768136931 5.9062068491475657 5.7750729791068798 15.74736065491925 7.0349215449423346 5.7717798878984459 11.741917158877184 9.8018149683498432 5.6963261965429437 5.635697352277929 5.3637189994151404 16.523682605515209 8.1049251402582758 7.2448686081661426 6.9089903832827968 11.584220163480497 8.873684676957053 7.5535008858096289 5.3512325957381108 9.7663127872783644 6.7008742988564354 23.868835662951824 8.0768501833736064 6.4168254502692434 9.7186410903523193 14.897802843144747 7.4985666603170094
leaf_count=198596 3489 184 3520 80 320 18402 361 1311 1345 737 613 174 114 221 635 227 215 167 314 163 929 247 313 1525 1943 996 490 219 326 144
internal_value=7.08152e-11 0.00148792 0.00535063 -0.0088434 0.00734456 -0.00248528 -0.0013677 -0.00330796 -0.00237498 0.0123512 -0.0175752 -0.00129088 -0.00423335 -0.00972881 -0.0235843 0.00503204 4.87802e-05 0.0043564 -0.00153347 0.00998471 0.00491614 -0.0207532 -0.0323878 0.00787606 0.0150242 -0.0027215 0.00845129 0.000173135 0.0057728 0.0127973
internal_weight=497.749 483.391 245.104 19.3792 11.3094 238.288 221.857 194.367 188.592 27.4893 16.431 181.557 123.169 77.313 31.9863 45.8556 45.3267 39.963 32.7181 20.4579 58.3887 12.2602 26.29 52.6169 31.4223 21.1945 13.1177 40.2199 30.5013 22.3964
internal_count=238320 39724 4104 584 400 35620 31518 30420 12018 1098 4102 10707 3479 2449 1122 1030 1327 1106 891 477 7228 414 948 5883 2872 3011 2015 916 697 470
is_linear=0
shrinkage=0.05


end of trees

feature_importances:
rrf_score=497
lexical_score=482
bm25_rank_score=331
query_token_count=257
query_max_node_sim=215
node_profile_sim=205
dense_rank_score=202
avg_top5_desc_sim=161
sibling_coherence=154
sibling_max_sim=137
parent_sim=135
path_score=115
max_desc_sim=103
query_embedding_norm=6

parameters:
[boosting: gbdt]
[objective: lambdarank]
[metric: ndcg]
[tree_learner: serial]
[device_type: cpu]
[data_sample_strategy: bagging]
[data: ]
[valid: ]
[num_iterations: 100]
[learning_rate: 0.05]
[num_leaves: 31]
[num_threads: 0]
[seed: 0]
[deterministic: 0]
[force_col_wise: 0]
[force_row_wise: 0]
[histogram_pool_size: -1]
[max_depth: -1]
[min_data_in_leaf: 5]
[min_sum_hessian_in_leaf: 5]
[bagging_fraction: 1]
[pos_bagging_fraction: 1]
[neg_bagging_fraction: 1]
[bagging_freq: 0]
[bagging_seed: 3]
[bagging_by_query: 0]
[feature_fraction: 1]
[feature_fraction_bynode: 1]
[feature_fraction_seed: 2]
[extra_trees: 0]
[extra_seed: 6]
[early_stopping_round: 0]
[early_stopping_min_delta: 0]
[first_metric_only: 0]
[max_delta_step: 0]
[lambda_l1: 0]
[lambda_l2: 0]
[linear_lambda: 0]
[min_gain_to_split: 0]
[drop_rate: 0.1]
[max_drop: 50]
[skip_drop: 0.5]
[xgboost_dart_mode: 0]
[uniform_drop: 0]
[drop_seed: 4]
[top_rate: 0.2]
[other_rate: 0.1]
[min_data_per_group: 100]
[max_cat_threshold: 32]
[cat_l2: 10]
[cat_smooth: 10]
[max_cat_to_onehot: 4]
[top_k: 20]
[monotone_constraints: ]
[monotone_constraints_method: basic]
[monotone_penalty: 0]
[feature_contri: ]
[forcedsplits_filename: ]
[refit_decay_rate: 0.9]
[cegb_tradeoff: 1]
[cegb_penalty_split: 0]
[cegb_penalty_feature_lazy: ]
[cegb_penalty_feature_coupled: ]
[path_smooth: 0]
[interaction_constraints: ]
[verbosity: -1]
[saved_feature_importance_type: 0]
[use_quantized_grad: 0]
[num_grad_quant_bins: 4]
[quant_train_renew_leaf: 0]
[stochastic_rounding: 1]
[linear_tree: 0]
[max_bin: 255]
[max_bin_by_feature: ]
[min_data_in_bin: 3]
[bin_construct_sample_cnt: 200000]
[data_random_seed: 1]
[is_enable_sparse: 1]
[enable_bundle: 1]
[use_missing: 1]
[zero_as_missing: 0]
[feature_pre_filter: 1]
[pre_partition: 0]
[two_round: 0]
[header: 0]
[label_column: ]
[weight_column: ]
[group_column: ]
[ignore_column: ]
[categorical_feature: ]
[forcedbins_filename: ]
[precise_float_parser: 0]
[parser_config_file: ]
[objective_seed: 5]
[num_class: 1]
[is_unbalance: 0]
[scale_pos_weight: 1]
[sigmoid: 1]
[boost_from_average: 1]
[reg_sqrt: 0]
[alpha: 0.9]
[fair_c: 1]
[poisson_max_delta_step: 0.7]
[tweedie_variance_power: 1.5]
[lambdarank_truncation_level: 30]
[lambdarank_norm: 1]
[label_gain: 0,1,3]
[lambdarank_position_bias_regularization: 0]
[eval_at: 5]
[multi_error_top_k: 1]
[auc_mu_weights: ]
[num_machines: 1]
[local_listen_port: 12400]
[time_out: 120]
[machine_list_filename: ]
[machines: ]
[gpu_platform_id: -1]
[gpu_device_id: -1]
[gpu_device_id_list: ]
[gpu_use_dp: 0]
[num_gpu: 1]

end of parameters

pandas_categorical:null
