tree
version=v4
num_class=1
num_tree_per_iteration=1
label_index=0
max_feature_idx=13
objective=lambdarank
feature_names=node_profile_sim max_desc_sim avg_top5_desc_sim sibling_coherence lexical_score path_score sibling_max_sim parent_sim query_token_count query_max_node_sim query_embedding_norm bm25_rank_score dense_rank_score rrf_score
feature_infos=[0.066131226718425751:0.9218367338180542] [0:0.9218367338180542] [0:0.83403784036636353] [0:0.72187483310699463] [0:1] [0.14148348569869995:0.81596225500106812] [0:0.9218367338180542] [0.13815738260746002:0.86889761686325073] [0.5:1.7000000476837158] [0.57094758749008179:0.9218367338180542] [0.99999988079071045:1.0000001192092896] [0:0.016393441706895828] [0:0.016393441706895828] [0.0083333337679505348:0.032786883413791656]
tree_sizes=3441 3447 3440 3438 3435 3432 3436 3442 3428 3431 3445 3448 3434 3423 3430 3439 3446 3436 3439 3436 3433 3436 3429 3427 3438 3433 3430 3441 3430 3429 3425 3421 3441 3424 3439 3437 3435 3416 3420 3434 3432 3435 3429 3420 3450 3425 3448 3447 3438 3442 3431 3452 3443 3454 3450 3452 3457 3443 3465 3445 3457 3456 3445 3482 3456 3469 3459 3451 3465 3450 3481 3469 3448 3468 3456 3458 3485 3455 3476 3452 3460 3468 3489 3471 3477 3470 3466 3479 3487 3493 3474 3470 3476 3493 3495 3506 3489 3488 3493 3479

Tree=0
num_leaves=31
num_cat=0
split_feature=4 4 11 11 8 4 4 13 13 12 11 7 0 0 13 7 13 4 13 9 5 5 11 8 9 13 7 11 0 0
split_gain=17988.3 230.618 181.18 180.606 56.9497 85.6768 45.2011 29.5784 20.6439 27.6653 18.019 16.2363 13.7985 14.2664 12.2559 10.3652 8.40281 4.79309 9.76389 4.94436 4.47008 9.96124 4.4696 2.78735 3.60061 3.17265 2.70428 2.67121 2.03944 1.68341
threshold=0.77350428700447094 0.74166667461395275 0.012739370577037336 0.013986697886139156 0.75000000000000011 0.59411767125129711 0.86190477013587963 0.015038444194942715 0.010582306887954475 0.015504807699471714 0.012422839645296337 0.70353165268898021 0.66444262862205516 0.6492234766483308 0.013072453904896976 0.66230726242065441 0.02944979723542929 0.81534090638160717 0.025651025585830215 0.76771712303161632 0.70527929067611705 0.67817404866218578 0.015504807699471714 1.2500000000000002 0.7686828374862672 0.011696306522935631 0.64767864346504223 0.013423423748463394 0.70979717373847973 0.66009971499443065
decision_type=2 2 2 2 2 2 2 2 2 2 2 2 2 2 2 2 2 2 2 2 2 2 2 2 2 2 2 2 2 2
left_child=1 4 6 15 5 -1 8 26 -2 10 12 28 13 20 -4 -3 -9 18 19 -16 21 -10 -13 24 29 -26 -7 -19 -5 -8
right_child=2 3 14 11 -6 7 23 16 9 -11 -12 22 -14 -15 17 -17 -18 27 -20 -21 -22 -23 -24 -25 25 -27 -28 -29 -30 -31
leaf_value=-0.10000000000000001 0.090996279903204358 -0.022558294220822436 0.04355741794816894 0.065583370552791634 -0.10000000000000001 -0.029214504136537547 0.055418935762423994 0.017213160035341336 -0.077369085626218123 0.061259763509587464 0.043160193100104327 -0.013279345781490518 -0.090048478520394826 0.046409720930290194 0.076235997506395925 -0.10000000000000001 0.084937189699262894 0.091038467740254869 0.095352456300789673 0.030084617159414614 -0.080378865191905888 0.018534128560079435 0.049764931495577952 0.086952712134117982 0.066150182724352385 0.014431182284503859 -0.080520018154263309 0.099055189099058916 0.098308548466001539 0.090430092974645368
leaf_weight=41.768182387022534 5.5400524996221057 5.0361642859643316 10.391368540440451 6.2776053965790224 2310.4205602929578 5.0010734664974752 5.8025419305777204 9.3484100710484217 5.0812215621117556 10.621137105161322 7.0758174656657493 5.5792539832764287 11.165839215886079 5.6854506655363357 23.593105343141364 30.420400600385619 8.9795878538861853 109.41291302302852 164.68656770489179 7.6965655935928217 5.8789333177264771 5.7962382277473807 5.6668845937820151 13.761937157076316 5.618055210914461 6.2797643344383687 5.2801172597683035 2065.6897600879893 19.70500289555639 8.4087555080186558
leaf_count=2337 24 183 238 64 130960 233 124 190 275 116 148 178 753 112 225 1867 25 427 281 173 358 161 53 85 68 170 274 2516 22 40
internal_value=-3.8588e-09 -0.0959719 0.0950152 -0.0082389 -0.0986503 -0.0543422 0.0279292 0.0123162 -0.000698108 -0.0105996 -0.0293597 0.0686781 -0.0446282 -0.0220295 0.0977397 -0.0890004 0.0503938 0.0979771 0.0904878 0.0648838 -0.045251 -0.0262654 0.0184884 0.0687434 0.0591454 0.0388525 -0.0555635 0.0986519 0.0904019 0.0761349
internal_weight=4931.67 2453.48 2478.19 72.6853 2380.8 70.3774 96.7157 28.6092 56.8447 51.3046 40.6835 37.2287 33.6077 22.4418 2381.47 35.4566 18.328 2371.08 195.976 31.2897 16.7564 10.8775 11.2461 39.8711 26.1091 11.8978 10.2812 2175.1 25.9826 14.2113
internal_count=142680 136386 6294 2367 134019 3059 2434 722 1947 1923 1807 317 1659 906 3860 2050 215 3622 679 398 794 436 231 487 402 238 507 2943 86 164
is_linear=0
shrinkage=0.05


Tree=1
num_leaves=31
num_cat=0
split_feature=4 11 13 4 4 8 8 11 3 4 8 13 13 12 9 0 7 11 0 13 1 12 7 8 3 5 4 5 6 13
split_gain=26970.2 414.217 358.276 157.737 145.278 253.736 81.461 72.1772 53.4057 52.6071 145.886 47.164 43.7732 37.9677 50.6894 34.6026 32.9337 28.5891 28.4911 26.6084 25.3235 29.0108 25.4474 25.2612 29.6491 24.5288 22.9144 19.6205 18.5089 26.7025
threshold=0.77350428700447094 0.013423423748463394 0.032138252630829818 0.83974358439445507 0.71008405089378368 1.0500000119209292 1.3499999642372134 0.013245614245533945 0.4733238965272904 0.83974358439445507 1.3499999642372134 0.028443573974072937 0.010929288342595102 0.016261236742138866 0.77374282479286205 0.4811863005161286 0.78831565380096447 0.012739370577037336 0.62580662965774547 0.010471491608768703 0.77517423033714306 0.010811126790940763 0.74716487526893627 0.55000001192092907 0.43571209907531744 0.66721826791763317 0.65686276555061351 0.65659096837043773 0.79028216004371654 0.025005836039781574
decision_type=2 2 2 2 2 2 2 2 2 2 2 2 2 2 2 2 2 2 2 2 2 2 2 2 2 2 2 2 2 2
left_child=2 3 4 6 23 7 11 8 -6 10 13 12 -2 14 -3 -5 20 19 -16 -17 21 22 27 24 -1 -21 -4 -14 -22 -30
right_child=1 9 26 15 5 -7 -8 -9 -10 -11 -12 -13 16 -15 18 17 -18 -19 -20 25 28 -23 -24 -25 -26 -27 -28 -29 29 -31
leaf_value=-0.097479860653403028 0.067711747077720277 0.075839218694565683 -0.021824252707450004 -0.05322210744437781 -0.09311344497990158 -0.091589600535258012 -0.096188145519777335 0.054500914471473552 0.072380746168810448 0.086248778223128167 -0.099386058423834578 0.067700887079746766 -0.054576162128692055 0.088742201080663274 -0.047335729422552569 0.094726617765207008 -0.096173508832983479 0.069210635927502068 0.049320609061498419 -0.049237071784477178 0.055760060866227951 -0.075916050019937981 -0.065492378886396987 -0.090952670748684364 0.055554383760648973 0.039159335135270722 0.080665414177098452 0.024455984939260871 -0.0950938632845756 0.045555595051651007
leaf_weight=6.269642847357316 22.526611539535224 674.04281177558005 6.5570307699963442 6.9206531327217808 18.06738394359127 127.24769304646179 18.207376590929925 54.538406306877732 6.6762038273736826 3369.6839472148567 11.988137744367121 34.220790263265371 9.3390368040418235 390.95384696871042 8.0305027868598682 20.482616186141968 9.7229785767849517 268.99425674742088 150.65391412936151 8.4024957725778204 27.103884102543816 16.360793025931343 12.975768257863818 4399.2898786738515 6.3915559137240052 118.87642830121331 32.409422079101205 49.357820950448513 5.9618016686290485 7.7759891729801893
leaf_count=233 69 556 216 69 594 4041 392 228 29 1921 84 40 155 199 57 11 238 374 222 98 156 310 204 130943 58 594 44 360 165 20
internal_value=-2.48505e-11 0.0777848 -0.0875573 0.040002 -0.0888311 -0.0478443 0.00496287 0.0223671 -0.0484605 0.0830127 0.0741879 0.0143908 0.00306838 0.0758884 0.0698537 0.0576633 -0.00743824 0.0595047 0.0444291 0.0418354 -0.000743604 -0.0158401 -0.00212645 -0.0907497 -0.020226 0.0333237 0.0634191 0.0118815 0.0317965 -0.0154822
internal_weight=9900.03 5242.58 4657.45 637.229 4618.48 206.53 213.553 79.282 24.7436 4605.35 1235.67 195.345 161.125 1223.68 832.727 423.676 138.598 416.756 158.684 147.762 128.875 88.0334 71.6726 4411.95 12.6612 127.279 38.9665 58.6969 40.8417 13.7378
internal_count=142680 6294 136386 3255 136126 4892 2109 851 623 3039 1118 1717 1677 1034 835 1146 1608 1077 279 703 1370 1029 719 131234 291 692 260 515 341 185
is_linear=0
shrinkage=0.05


Tree=2
num_leaves=31
num_cat=0
split_feature=4 11 13 4 8 13 8 4 13 8 2 8 4 11 13 8 13 12 13 11 9 9 0 5 6 9 2 1 9 9
split_gain=21757.9 266.717 263.694 111.122 203.197 55.9228 54.8406 52.0275 49.1451 42.2697 46.1806 28.271 27.7139 49.3896 24.4163 22.2643 20.6997 20.189 29.628 30.4353 18.9794 18.3076 19.2611 16.9304 16.7142 16.1141 27.5965 14.9811 14.5286 16.8582
threshold=0.77350428700447094 0.013072453904896976 0.032138252630829818 0.71008405089378368 1.0500000119209292 0.02746168710291386 0.84999999403953563 0.82843136787414562 0.013245614245533945 0.94999998807907116 0.77224183082580578 1.3499999642372134 0.85164836049079906 0.013606071937829258 0.010471491608768703 0.55000001192092907 0.012121656909585001 0.015504807699471714 0.011428944766521456 0.012422839645296337 0.79805386066436779 0.79132017493247997 0.70670887827873241 0.71799755096435558 0.8121628761291505 0.71857696771621715 0.70474669337272655 0.83793300390243541 0.70998886227607738 0.80448052287101757
decision_type=2 2 2 2 2 2 2 2 2 2 2 2 2 2 2 2 2 2 2 2 2 2 2 2 2 2 2 2 2 2
left_child=2 7 3 15 8 9 -4 11 -5 10 20 17 13 25 -9 -1 28 18 -2 -20 -3 -18 -23 -10 -24 -11 -27 -7 -16 -30
right_child=1 5 6 4 -6 27 -8 14 23 12 -12 -13 -14 -15 16 -17 21 -19 19 -21 -22 22 24 -25 -26 26 -28 -29 29 -31
leaf_value=-0.019249188722202146 0.036204789379320985 0.05534943169046086 0.076345445523094815 -0.085932211408735248 -0.084828616023814279 0.080314051951026963 -0.08933957422995073 0.088432946984162555 0.044017038802506764 0.059134278368207643 -0.099613604315835463 -0.086834971412163231 0.07637356430821382 0.067120688825346456 0.060389461044967334 -0.084452789624474514 0.051838092973915575 0.053454196058446361 -0.073881107747862218 0.011501217004596167 -0.01075886911262462 -0.055718907166589553 -0.0076931618130826086 -0.041980260591784148 0.0709105331534918 -0.097643351636462053 0.017258843481455417 0.032244948056312277 -0.044432860116571798 0.033861375150767661
leaf_weight=13.133930954616515 25.245473084505647 208.12194008380175 31.785820698365569 9.5691415732726437 124.97258326271549 2706.4998366981745 5.9253211021423331 24.473877549171448 57.929167001508176 13.885142130777238 5.1470020562410346 9.0825315029360336 1052.7009556405246 520.88073725625873 8.2938015628606063 4101.6173458651174 129.99753287411295 17.716923497617245 21.483725202269852 20.298462544102222 11.45457563921809 8.2360016554594022 13.525031740777196 6.3505983026698223 13.526987290941177 6.4749042326584449 27.083837963175029 16.306443259119987 18.050676757935438 11.10513494722545
leaf_count=291 214 303 35 386 4041 1627 225 13 328 30 28 359 720 535 32 130943 499 74 750 197 49 128 127 137 36 66 124 23 268 92
internal_value=-3.64904e-09 0.0723759 -0.0813297 -0.0824806 -0.0459723 0.0754715 0.0503124 0.0283233 0.0197833 0.0687527 0.0484305 -0.00299929 0.0715699 0.0626722 0.0412582 -0.0842447 0.0355633 0.00598583 -0.00656113 -0.032401 0.0519008 0.0431682 0.0112292 0.0355208 0.0316115 0.013833 -0.00491066 0.0800262 0.00199869 -0.0146114
internal_weight=9240.88 4889.59 4351.28 4313.57 198.821 4568.56 37.7111 321.036 73.8489 1845.75 224.724 93.8271 1621.03 568.325 227.209 4114.75 202.735 84.7446 67.0277 41.7822 219.577 165.286 35.288 64.2798 27.052 47.4439 33.5587 2722.81 37.4496 29.1558
internal_count=142680 6294 136386 136126 4892 3505 260 2789 851 1855 380 1594 1475 755 1195 131234 1182 1235 1161 947 352 790 291 465 163 220 190 1650 392 360
is_linear=0
shrinkage=0.05


Tree=3
num_leaves=31
num_cat=0
split_feature=4 13 11 4 8 4 13 13 13 13 7 4 12 7 4 8 7 8 4 11 11 6 6 8 3 12 13 2 4 6
split_gain=18339.2 232.265 200.642 93.5583 163.799 48.3842 44.0288 39.3057 51.3725 39.1769 30.5796 29.7796 28.48 25.4877 22.8594 22.6236 21.4051 19.3648 17.4269 17.3859 17.1909 15.726 13.2616 13.0528 19.6676 13.763 16.9002 12.0839 11.8416 12.6961
threshold=0.77350428700447094 0.032138252630829818 0.013072453904896976 0.71008405089378368 1.0500000119209292 0.87083333730697643 0.015504807699471714 0.025005836039781574 0.010695492848753931 0.013793759513646366 0.66326463222503673 0.83974358439445507 0.016261236742138866 0.78063941001892101 0.71008405089378368 0.84999999403953563 0.80050483345985424 0.55000001192092907 0.79285714030265819 0.012579114176332952 0.013606071937829258 0.80057698488235485 0.69509834051132213 0.94999998807907116 0.35708010196685797 0.012422839645296337 0.014389234129339458 0.76249739527702343 0.85164836049079906 0.81386277079582225
decision_type=2 2 2 2 2 2 2 2 2 2 2 2 2 2 2 2 2 2 2 2 2 2 2 2 2 2 2 2 2 2
left_child=1 3 5 17 6 7 10 8 -2 15 22 12 20 18 -3 -4 -17 -1 27 -8 -11 -13 -5 24 25 26 -22 -10 29 -23
right_child=2 14 9 4 -6 -7 19 -9 13 11 -12 21 -14 -15 -16 16 -18 -19 -20 -21 23 28 -24 -25 -26 -27 -28 -29 -30 -31
leaf_value=-0.016977987567950988 0.067430483376847525 -0.020065176570670744 -0.041645571839306568 -0.032061393659488603 -0.079642769463309185 0.049211913140537904 -0.036443724272076282 0.052681233358323712 -0.085741735662645757 0.018530022525871919 -0.086305861776373671 0.074941967477041835 0.076000091392199348 -0.08596492381660864 0.072615333648371555 0.056798045054148961 -0.023252899622660358 -0.07935684835909762 0.0012239924600189727 0.056294652645744847 0.032897695020899731 -0.04155155685270337 0.071965780440635049 0.062827733762483434 0.071807651229872857 0.042531659493233995 -0.060490871307129594 0.00025407151679849351 0.063193397910657687 0.053426289294134045
leaf_weight=12.481171149061991 20.325960299465805 8.8033287189900857 6.2987779113464049 5.9322987273335475 118.55181732401252 144.63678650627844 5.7681179069913915 39.221310003427789 11.227640157565476 25.509672341868281 14.090587520506231 2870.6200814833865 360.71420752257109 12.699363504070787 27.239612817764282 259.39191658981144 8.6284968256950361 3927.3170446287841 68.99727943004109 40.810026513412595 10.478893588297071 5.7854489386081687 6.3356622168794274 626.10277818609029 34.114822298288345 33.627896010875702 9.0097057605162245 6.421258349902927 146.31279893592 8.9799224659800512
leaf_count=291 42 232 39 123 4041 562 142 176 374 94 442 1754 206 475 28 420 38 130943 1041 123 33 12 21 632 24 48 67 119 129 9
internal_value=-3.34201e-09 -0.0763978 0.0676084 -0.0775004 -0.0433706 0.0282884 0.0155865 0.00924222 -0.00499454 0.0703174 -0.0360546 0.0715324 0.0644835 -0.0198126 0.0499785 0.0520197 0.0542209 -0.0791592 -0.0101169 0.0448102 0.0588609 0.0740889 0.0216624 0.0603032 0.042183 0.0231562 -0.0102764 -0.0544536 0.0588868 0.0162115
internal_weight=8876.43 4167.33 4709.11 4131.29 191.489 303.53 72.9367 158.893 119.672 4405.58 26.3585 4131.26 1099.56 99.3455 36.0429 274.319 268.02 3939.8 86.6462 46.5781 738.844 3031.7 12.268 713.334 87.2313 53.1165 19.4886 17.6489 161.078 14.7654
internal_count=142680 136386 6294 136126 4892 2789 851 2227 2051 3505 586 3008 1104 2009 260 497 458 131234 1534 265 898 1904 144 804 172 148 100 493 150 21
is_linear=0
shrinkage=0.05


Tree=4
num_leaves=31
num_cat=0
split_feature=4 13 11 4 8 4 11 13 4 3 8 4 13 11 8 13 3 7 4 9 2 11 0 9 13 11 7 9 6 4
split_gain=15914.5 199.847 187.5 83.5203 149.519 39.7597 39.6767 36.2152 28.4452 22.876 22.406 20.1258 19.8513 19.3678 16.9381 15.287 18.7009 27.2353 19.0341 23.9319 18.765 14.7658 13.6803 21.717 14.5252 22.1467 12.9869 12.7393 12.6887 14.0004
threshold=0.77350428700447094 0.032138252630829818 0.013072453904896976 0.71008405089378368 1.0500000119209292 0.82843136787414562 0.013793759513646366 0.028131763450801376 0.90454545617103588 0.4733238965272904 1.3499999642372134 0.65686276555061351 0.010471491608768703 0.013606071937829258 0.55000001192092907 0.025651025585830215 0.44864048063755041 0.66882127523422252 0.91987180709838878 0.77631914615631115 0.76803660392761242 0.012739370577037336 0.76265743374824535 0.79805386066436779 0.011428944766521456 0.012422839645296337 0.80050483345985424 0.76135915517807018 0.76671573519706737 0.88562092185020458
decision_type=2 2 2 2 2 2 2 2 2 2 2 2 2 2 2 2 2 2 2 2 2 2 2 2 2 2 2 2 2 2
left_child=1 3 5 14 6 10 9 8 13 -5 22 -3 -7 26 -1 16 17 -14 19 21 -21 -19 23 24 -2 -26 -4 -15 -9 -30
right_child=2 11 7 4 -6 12 -8 28 -10 -11 -12 -13 15 27 -16 -17 -18 18 -20 20 -22 -23 -24 -25 25 -27 -28 -29 29 -31
leaf_value=-0.016501765791526454 0.038614177699841871 -0.039223161849194242 0.040881094695494384 -0.062266526888653653 -0.075547844593847863 0.081223450596746571 0.045964143541889588 0.072106780766936232 0.069016117348244296 0.049626639515302301 -0.077678604201422044 0.063043055827751729 -0.091679242348328124 0.062190640815563074 -0.075274721814738974 0.057072347693208764 0.071611365245531217 0.0097226571866935382 0.059969915751012626 -0.070850563685806819 0.0076997947228505522 0.059938142591120624 0.053729197085792081 -0.0821662386148867 -0.054219325732456004 0.024680915987672962 -0.03708830111096769 0.049743276586460737 0.05011957222846869 0.069852969529266604
leaf_weight=12.298549535218624 22.458492601290345 5.7533972845412782 113.84652877226472 17.931250905618075 113.90558577235788 22.936208844184875 44.406177601311356 2062.640712405555 717.52010195888579 6.1292375344783059 8.9682594165205938 29.368504686281085 5.5134202288463703 700.04515883885324 3797.0715216682293 45.780970467254519 17.907146072015166 36.784576225327328 25.822329309768975 12.712980215437712 18.916007598862052 24.316724534612149 12.490123308030887 7.7151791299693278 16.908133784774691 18.764031518017873 5.603537553921341 291.00536967767403 147.60980204865336 229.83477795869112
leaf_count=291 168 216 357 657 4041 13 162 1255 524 32 359 44 115 603 130943 104 36 338 78 246 195 70 56 267 580 164 40 420 159 147
internal_value=-3.04633e-09 -0.0724577 0.0639007 -0.0735025 -0.0404479 0.0255555 0.0179467 0.066578 0.0612568 -0.0337625 -0.00281662 0.0462906 0.0373121 0.0562433 -0.075085 0.0319479 0.0238462 0.016952 0.022004 0.0114318 -0.0238728 0.0297071 0.00575392 -0.00334638 0.0071147 -0.0127168 0.0372235 0.0585357 0.0705644 0.0621357
internal_weight=8592.96 4026.86 4566.1 3991.74 182.372 297.995 68.4667 4268.11 1828.02 24.0605 87.3042 35.1219 210.69 1110.5 3809.37 187.754 141.973 124.066 118.553 92.7303 31.629 61.1013 78.336 65.8458 58.1307 35.6722 119.45 991.051 2440.09 377.445
internal_count=142680 136386 6294 136126 4892 2789 851 3505 1944 689 1594 260 1195 1420 131234 1182 1078 1042 927 849 441 408 1235 1179 912 744 397 1023 1561 306
is_linear=0
shrinkage=0.05


Tree=5
num_leaves=31
num_cat=0
split_feature=4 13 11 4 8 4 8 12 4 11 13 13 12 3 7 8 8 6 8 9 4 9 4 13 8 13 13 9 2 9
split_gain=14047.3 173.861 149.104 75.8106 133.165 39.4718 34.2916 32.2492 34.1614 29.3607 25.4699 38.393 21.6831 19.5573 17.2367 15.7892 14.7863 14.4117 12.2317 10.9509 10.6769 15.2184 10.3886 10.4769 11.21 9.03534 11.4892 8.65592 28.6241 12.5857
threshold=0.77350428700447094 0.032138252630829818 0.013072453904896976 0.71008405089378368 1.0500000119209292 0.86190477013587963 0.84999999403953563 0.011050061322748663 0.81534090638160717 0.013793759513646366 0.025005836039781574 0.010695492848753931 1.0000000180025095e-35 0.4733238965272904 0.78063941001892101 0.75000000000000011 0.55000001192092907 0.778570055961609 1.3499999642372134 0.72202044725418102 0.81534090638160717 0.80891317129135143 0.90454545617103588 0.013793759513646366 0.94999998807907116 0.010811126790940763 0.011428944766521456 0.69257113337516796 0.6832232177257539 0.71448105573654186
decision_type=2 2 2 2 2 2 2 2 2 2 2 2 2 2 2 2 2 2 2 2 2 2 2 2 2 2 2 2 2 2
left_child=1 3 5 16 9 10 -3 8 12 13 11 -2 27 -5 18 19 -1 -9 -13 -10 21 -19 23 24 -17 -7 -27 -4 29 -29
right_child=2 6 7 4 -6 25 -8 17 15 -11 -12 14 -14 -15 -16 22 -18 20 -20 -21 -22 -23 -24 -25 -26 26 -28 28 -30 -31
leaf_value=-0.017156681506745413 0.05906958060969713 0.063111491263130259 0.061767240435328497 -0.058052459067372157 -0.072217123789169543 0.079032041517846541 -0.077876280130870459 0.067589951254159467 0.039371777550073817 0.040270766786555362 0.044388431516749954 -0.0041333933326292791 -0.054225537309080266 0.04579261039691903 -0.076695021638146815 -0.009649964423872677 -0.071931942652340028 -0.04620745796975393 -0.077203910879048751 -0.042657307046447407 0.058551421837092138 0.048753778452530649 0.065178580226395028 0.058470273218852065 0.046629640718091836 -0.033502928459321235 0.043242189984345036 0.0087588455237747245 0.041272870093967504 -0.092685148971495046
leaf_weight=12.361958713736383 19.687879485078156 29.477933757472783 23.508173908106983 16.466849745018411 110.32006881968118 16.941829151008278 5.0520031615160397 2473.3941696351394 13.165489410050215 44.972116134129465 35.747742713196203 73.075324652949348 7.254763511940836 6.256661567836999 10.983259055763481 9.7442704997956735 3677.2354301894084 5.9490293152630356 6.214258915744721 5.8885002983734003 281.23389580007643 14.508706644177435 532.9919611364603 618.59168881317601 96.188086851499975 5.0832524374127379 120.02137207915075 6.0142079291399551 58.613673199201003 6.2192096468061209
leaf_count=291 42 35 29 657 4041 16 225 1628 21 162 174 1293 52 32 463 44 130943 32 233 27 245 25 403 521 188 68 500 23 185 82
internal_value=-1.247e-09 -0.0692136 0.0608151 -0.0702108 -0.0383414 0.0260089 0.0424839 0.0632266 0.0569746 0.0168642 0.00772478 -0.00419441 0.0290724 -0.0294599 -0.0179918 0.0591955 -0.0717484 0.0663315 -0.00986024 0.0140213 0.0560145 0.0211394 0.05988 0.0559821 0.0414527 0.0447644 0.0401239 0.035477 0.0267534 -0.0428131
internal_weight=8343.16 3902.14 4441.02 3867.61 178.016 287.755 34.5299 4153.27 1378.18 67.6956 145.708 109.961 101.61 22.7235 90.2728 1276.57 3689.6 2775.09 79.2896 19.054 301.692 20.4577 1257.52 724.524 105.932 142.046 125.105 94.3553 70.8471 12.2334
internal_count=142680 136386 6294 136126 4892 2789 260 3505 1575 851 2205 2031 371 689 1989 1204 131234 1930 1526 48 302 57 1156 753 232 584 568 319 290 105
is_linear=0
shrinkage=0.05


Tree=6
num_leaves=31
num_cat=0
split_feature=4 4 11 11 4 8 4 8 12 4 1 9 9 7 13 11 13 7 13 6 3 12 8 9 0 2 2 13 13 2
split_gain=12489.6 157.51 146.169 119.377 52.9029 46.9722 72.7361 30.9072 24.0725 30.7851 23.0656 18.3389 15.7871 14.5437 17.1061 16.6942 14.0502 18.9936 17.6831 14.4623 12.2365 15.3267 10.4681 11.9401 9.89555 9.855 9.70131 11.5247 13.875 19.1076
threshold=0.77350428700447094 0.74166667461395275 0.013423423748463394 0.013793759513646366 0.85164836049079906 0.75000000000000011 0.59411767125129711 1.3499999642372134 0.016261236742138866 0.83974358439445507 0.67258098721504223 0.78838467597961437 0.77322176098823558 0.64030545949935924 0.028618008829653267 0.015749008394777778 0.010256679728627207 0.799217849969864 0.025005836039781574 0.79028216004371654 0.47780127823352819 0.011173533275723459 0.84999999403953563 0.80042317509651195 0.65794783830642711 0.74942752718925487 0.73600563406944286 0.010811126790940763 0.013072453904896976 0.76803660392761242
decision_type=2 2 2 2 2 2 2 2 2 2 2 2 2 2 2 2 2 2 2 2 2 2 2 2 2 2 2 2 2 2
left_child=1 5 4 -3 7 6 -1 16 9 12 -8 -12 -4 -5 15 -15 -2 18 19 20 21 -18 23 -11 25 -14 -6 -28 29 -29
right_child=2 3 8 13 26 -7 10 -9 -10 22 11 -13 24 14 -16 -17 17 -19 -20 -21 -22 -23 -24 -25 -26 -27 27 28 -30 -31
leaf_value=-0.072023513775926626 0.072989956191784042 -0.064632908541800482 0.053343684669378569 0.068160579983431488 0.051375620777813061 -0.069271766941593579 -0.058745913867533722 -0.072821766199616972 0.067454985958805821 0.052319942777038879 0.046322831810261027 -0.043905563007547575 -0.048193344866698372 -0.081804930086099875 0.044764232327768494 0.029061387820472292 0.011342391638455891 -0.079161327543103399 0.040759206268440012 -0.055227977110716364 0.059549831283216725 -0.05702730451153664 0.062864019900981491 -0.004457964603898185 0.039734072006367777 0.027214866643689092 0.075486073249158112 -0.088848142079838377 0.035704509152650943 0.023638634655694993
leaf_weight=59.412543135695159 10.50624732300639 51.348771597491577 567.58955454500392 24.839888084679842 216.52446624566801 3553.0600769226439 9.3003006083890778 10.142700386000795 1138.6727735437453 103.91467997431755 29.960069373017177 6.9350950873922548 6.6846909727901247 6.7358195902779681 23.148186827078462 6.8471639207564294 84.205848212353885 5.3662151219323269 51.405612152069807 9.0470308410003764 11.406046153046189 9.0811179014854115 1860.8499501561746 10.165379289537666 110.99547264538705 12.314215725287793 13.824351144023238 5.7107880041003254 75.330129672307521 11.138632038608192
leaf_count=2337 7 2005 603 27 519 130960 310 392 689 98 248 164 84 211 98 26 974 198 169 246 36 307 1304 31 195 35 16 108 216 67
internal_value=8.12229e-10 -0.0664999 0.0579925 -0.00833816 0.0329551 -0.068295 -0.0354339 0.0121128 0.0613672 0.0587733 0.0116243 0.0293628 0.049744 0.0386103 0.0186266 -0.0259174 0.0168718 0.0134141 0.0164222 0.00542292 0.0106641 0.00468687 0.0619627 0.0472606 0.0340267 0.000682783 0.0453081 0.0329146 0.0265301 -0.0144866
internal_weight=8096.46 3771.59 4324.88 112.92 513.689 3658.67 105.608 191.161 3811.19 2672.51 46.1955 36.8952 697.584 61.5711 36.7312 13.583 181.018 170.512 165.146 113.74 104.693 93.287 1974.93 114.08 129.994 18.9989 322.528 106.004 92.1795 16.8494
internal_count=142680 136386 6294 2367 3255 134019 3059 2329 3039 2350 722 412 917 362 335 237 1937 1930 1732 1563 1317 1281 1433 129 314 119 926 407 391 175
is_linear=0
shrinkage=0.05


Tree=7
num_leaves=31
num_cat=0
split_feature=4 11 4 8 4 4 8 0 13 13 4 7 1 13 3 4 11 9 12 13 9 5 1 9 12 12 13 0 9 7
split_gain=11276.2 230.492 101.002 42.8256 62.8204 36.5826 59.1331 28.424 27.928 24.7767 21.6366 23.7927 18.4755 17.9421 15.6894 15.6474 14.7961 14.4927 13.1164 11.1678 11.0605 10.5277 12.2664 10.5785 9.94296 11.7525 10.2691 10.0679 9.43186 9.27122
threshold=0.74166667461395275 0.013072453904896976 0.79285714030265819 0.75000000000000011 0.59411767125129711 0.79285714030265819 1.1500000357627871 0.76661264896392833 0.028198256157338623 0.010471491608768703 0.86190477013587963 0.78831565380096447 0.67258098721504223 0.027301321737468246 0.31973551213741308 0.90454545617103588 0.013606071937829258 0.78838467597961437 0.016001024283468727 0.010929288342595102 0.68734732270240795 0.676313877105713 0.69754892587661754 0.77204152941703807 0.012739370577037336 0.013793759513646366 0.014389234129339458 0.72787249088287365 0.76135915517807018 0.80050483345985424
decision_type=2 2 2 2 2 2 2 2 2 2 2 2 2 2 2 2 2 2 2 2 2 2 2 2 2 2 2 2 2 2
left_child=3 2 7 4 -1 6 14 19 15 -4 11 13 -6 21 18 16 29 -14 20 -2 -3 23 -23 -11 26 -26 -22 -27 -18 -7
right_child=1 5 9 -5 12 8 -8 -9 -10 10 -12 -13 17 -15 -16 -17 28 -19 -20 -21 24 22 -24 -25 25 27 -28 -29 -30 -31
leaf_value=-0.069192938323001454 0.0073630212157768122 0.061281285169791568 0.071964943267157244 -0.066937154524965445 -0.055303052291770516 0.035273895067949861 -0.07452937240664502 0.040822164350241906 0.062559192419084683 -0.081409616902393456 0.035987133691093999 -0.072644767114836695 0.040547696840619651 0.05387385986937844 0.063499051884495089 0.059847807960704061 0.055289135990536954 -0.040802094503524483 0.058380765982340294 -0.066232959594692539 0.0078451027141124719 0.042924609905068467 -0.0054732157292220422 0.011731994529274113 0.064997626204366887 -0.034824366371156094 -0.059596042782239844 0.041123674277278588 0.044048932367634019 -0.03362038781298838
leaf_weight=56.424995052162558 5.7924424407538018 12.732805164530872 27.529043944552541 3443.5228589761537 8.7576155760325474 94.861711603123695 11.467437974177299 8.4186664619483036 2136.7871209047735 7.0466137034818512 121.91809551697224 9.0290789648424816 29.744647775078192 20.366465221624821 58.971189465373755 669.44381043594331 637.43613359704614 6.7099519807379684 30.529838787391782 46.816531752934679 18.768044953932989 18.869292100891471 42.759970800252631 5.3727336032316089 13.130518995225431 8.9064086712896842 8.0721715446561557 8.5551495999097806 263.89962685154751 5.1482900995761147
leaf_count=2337 104 15 19 130960 310 286 486 103 1455 224 575 374 248 40 51 530 553 164 31 2181 120 148 703 86 15 31 115 17 362 37
internal_value=6.90947e-10 0.0545018 0.0132541 -0.065993 -0.0340056 0.0577562 0.0351414 -0.0444795 0.0587726 0.0271864 0.0217165 0.00489731 0.00990825 0.0123128 0.0430181 0.0539299 0.0499736 0.0255742 0.0310236 -0.0581298 0.0191201 0.000881762 0.00934495 -0.0411156 0.00977289 0.0292596 -0.0124378 0.00238576 0.0519981 0.0317274
internal_weight=7837.79 4292.63 313.919 3545.16 101.637 3978.71 171.134 61.0276 3807.58 252.891 225.362 103.444 45.2122 94.4151 159.666 1670.79 1001.35 36.4546 100.695 52.609 70.1651 74.0486 61.6293 12.4193 57.4323 30.5921 26.8402 17.4616 901.336 100.01
internal_count=142680 8661 4557 134019 3059 4104 881 2388 3223 2169 2150 1575 722 1201 395 1768 1238 412 344 2285 313 1161 851 310 298 63 235 48 915 323
is_linear=0
shrinkage=0.05


Tree=8
num_leaves=31
num_cat=0
split_feature=4 11 4 8 4 13 4 0 8 13 11 1 6 4 8 4 1 11 5 7 8 9 11 3 7 13 8 13 9 11
split_gain=10200.3 210.862 87.554 39.5132 55.5736 34.5081 29.3808 24.7144 23.832 21.5513 21.5997 18.859 18.0173 23.4588 24.828 16.2478 15.2154 14.4123 30.0774 14.0032 12.8799 12.1325 12.9064 11.6717 10.0077 9.74856 9.86163 9.67684 8.96799 8.60509
threshold=0.74166667461395275 0.013072453904896976 0.79285714030265819 0.75000000000000011 0.59411767125129711 0.014389234129339458 0.82843136787414562 0.76661264896392833 1.1500000357627871 0.010471491608768703 0.012422839645296337 0.66691711544990551 0.7221667766571046 0.81534090638160717 1.1500000357627871 0.82843136787414562 0.67258098721504223 0.013986697886139156 0.71016162633895885 0.75352591276168834 1.0500000119209292 0.74129235744476329 0.015268065501004459 0.47780127823352819 0.7418610453605653 0.019269575364887718 1.2500000000000002 0.010929288342595102 0.72574403882026683 0.014599318150430919
decision_type=2 2 2 2 2 2 2 2 2 2 2 2 2 2 2 2 2 2 2 2 2 2 2 2 2 2 2 2 2 2
left_child=3 2 7 4 -1 6 8 27 17 -4 11 -11 -7 14 24 19 -6 -3 -19 -13 -8 -18 -23 25 -14 26 -17 -2 29 -15
right_child=1 5 9 -5 16 12 20 -9 -10 10 -12 15 13 28 -16 23 21 18 -20 -21 -22 22 -24 -25 -26 -27 -28 -29 -30 -31
leaf_value=-0.067003876619869784 0.0058264899699047024 0.036710438797090787 0.067996957026762631 -0.064954969292962836 -0.052451434962443449 0.061398065723468037 0.033563036720737405 0.03745149346664163 -0.071198925336614968 -0.080666446406698677 0.038910369691301287 0.0028160339220208025 0.048976199007377534 0.067060482148630945 -0.073941471269399567 -0.026221831718534275 0.049498535043812554 0.034861146918040764 -0.0960826556778938 -0.071692160912554093 0.05337751814375942 -0.049514607831692876 0.037773121319527085 0.064665334743005259 0.018161199663024066 0.032082522102732262 0.022373376257394086 -0.063709410922834095 0.056213578394600172 -0.0051998607565674421
leaf_weight=53.919296347536147 5.6408242681063703 84.330251260427758 26.705936327576637 3317.7180543070426 8.3506454862654191 1726.2912553274073 98.173859458882362 8.2742524584755284 6.4574978919699779 5.8262059250846496 92.345218860078603 19.224607859505344 69.92739885346964 6.4103602170944241 5.244158425834029 21.454438494518399 19.325342019321397 12.448391546960922 6.7706170193850985 9.3843091812450421 498.24927600566298 8.9940433450974542 8.0031579663045687 13.371335694566367 42.278566094115376 39.439840501174331 20.335631215013564 44.268223773920909 1287.9222940923646 11.531099826097487
leaf_count=2337 104 265 19 130960 310 1373 166 103 229 173 468 335 124 4 196 347 90 34 35 395 479 294 28 27 137 232 173 2181 1051 11
internal_value=8.02671e-10 0.0525525 0.0126206 -0.064028 -0.0328348 0.0557241 0.0457367 -0.0425819 0.0219937 0.0255671 0.0204487 0.00723649 0.0579642 0.0537994 0.0323954 0.0113931 0.0084064 0.0278054 -0.0112687 -0.0216242 0.050116 0.0223978 -0.00841505 0.0213781 0.0373653 0.0142525 -0.00257473 -0.0558503 0.0557245 0.0206183
internal_weight=7578.62 4162.31 306.271 3416.31 98.5925 3856.04 706.43 58.1833 110.007 248.088 221.382 129.036 3149.61 1423.31 117.45 123.21 44.6732 103.549 19.219 28.6089 596.423 36.3225 16.9972 94.6012 112.206 81.2299 41.7901 49.909 1305.86 17.9415
internal_count=142680 8661 4557 134019 3059 4104 1208 2388 563 2169 2150 1682 2896 1523 457 1509 722 334 69 730 645 412 322 779 261 752 520 2285 1066 15
is_linear=0
shrinkage=0.05


Tree=9
num_leaves=31
num_cat=0
split_feature=4 11 4 4 8 4 4 8 8 12 9 1 12 13 11 12 0 9 4 2 2 13 2 3 4 11 10 8 6 1
split_gain=9281.02 195.963 99.1479 41.5159 37.1258 50.7914 25.1979 46.6734 21.1729 18.2883 15.3662 13.209 13.2004 16.0233 13.2663 10.838 10.7764 10.1204 10.0534 9.47318 22.8604 9.64537 9.42745 8.68629 10.1756 8.77265 8.02 7.89087 7.48142 7.30603
threshold=0.74166667461395275 0.013423423748463394 0.77350428700447094 0.85164836049079906 0.75000000000000011 0.59411767125129711 0.83974358439445507 1.2500000000000002 1.3499999642372134 0.016261236742138866 0.80828797817230236 0.67258098721504223 0.015268065501004459 0.010695492848753931 0.012422839645296337 0.013423423748463394 0.66444262862205516 0.78838467597961437 0.91987180709838878 0.74501496553421032 0.76349362730979931 0.022604892961680893 0.75447747111320507 0.30834107100963598 0.79285714030265819 0.013793759513646366 0.99999997019767772 0.84999999403953563 0.60604742169380199 0.81787559390068065
decision_type=2 2 2 2 2 2 2 2 2 2 2 2 2 2 2 2 2 2 2 2 2 2 2 2 2 2 2 2 2 2
left_child=4 2 -2 8 5 -1 7 9 12 10 23 -7 13 -4 16 27 26 -13 19 21 -21 -5 -12 24 25 -3 -15 28 -8 -17
right_child=1 6 3 18 -6 11 15 -9 -10 -11 22 17 -14 14 -16 29 -18 -19 -20 20 -22 -23 -24 -25 -26 -27 -28 -29 -30 -31
leaf_value=-0.065129187540995129 -0.058660812378763055 -0.038737209990228928 0.052317912047450205 0.027274286341498491 -0.063255811358001457 -0.049914664723497038 -0.016049899688733299 -0.078030237500161193 -0.066015855145023714 0.059326581236282941 -0.031834770584746042 0.033371850460041222 0.037292905046754816 -0.048467145151894514 0.013027000014168875 0.060999212321228458 -0.05778466035919777 -0.036561299641596837 0.053603090376269175 -0.059642792161891604 0.02997291676857259 0.051695018154504259 0.02860982256052488 0.059500734158621719 0.046124178824321425 0.03004022930874365 0.0083078970833579905 0.054892984665635837 0.042245923981378664 0.038784873703562081
leaf_weight=51.778880790341645 35.428038442740217 5.069444127380847 15.668362469878046 81.770968168973923 3191.6476197044249 8.0240048633422685 6.0976839773356906 7.2543639279901972 8.9431937171611917 308.84113879408687 9.4132354189641791 29.432839871384203 41.855533770285547 8.3145743198692781 64.949545151321217 1473.5620257854462 14.437097827903925 6.2765756407752624 88.122009502723813 8.6209324691444618 40.77378195617348 79.98294979846105 20.498465831391513 103.6694629820995 475.189736854285 54.273155196104199 24.692816311959177 954.16746181808412 56.491705861873925 37.966665163636208
leaf_count=2337 1931 63 33 378 130960 310 11 213 392 220 69 248 163 254 490 1006 567 164 160 105 165 118 58 87 558 286 430 785 82 37
internal_value=2.01146e-10 0.0508961 0.0220472 0.0280274 -0.0623366 -0.0316198 0.055114 0.0483265 0.00896939 0.0492647 0.0446136 0.00805409 0.012916 0.00494878 -0.00165474 0.0577563 -0.0217534 0.0210798 0.0394175 0.0334972 0.0143322 0.0393497 0.00958786 0.0462552 0.0436863 0.0241648 -0.00599376 0.0537648 0.0365665 0.0604412
internal_weight=7313.21 4026.05 513.56 478.132 3287.16 95.5123 3512.49 984.209 178.861 976.955 668.114 43.7334 169.918 128.062 112.394 2528.29 47.4445 35.7094 299.271 211.149 49.3947 161.754 29.9117 638.202 534.532 59.3426 33.0074 1016.76 62.5894 1511.53
internal_count=142680 8661 5186 3255 134019 3059 3475 1554 2329 1341 1121 722 1937 1774 1741 1921 1251 412 926 766 270 496 127 994 907 349 684 878 93 1043
is_linear=0
shrinkage=0.05


Tree=10
num_leaves=31
num_cat=0
split_feature=4 11 4 8 4 13 4 13 0 8 13 4 4 13 13 7 7 8 6 11 11 9 9 2 11 4 11 13 12 6
split_gain=8481.76 183.455 70.534 34.5389 46.0416 30.5268 31.1852 21.249 20.5048 20.1833 19.3406 15.2108 13.9001 12.1977 11.9403 11.5684 11.0475 10.5644 10.3853 10.0033 9.72695 9.39785 9.1199 12.1184 8.80227 8.63318 10.9831 7.89237 7.67509 7.60604
threshold=0.74166667461395275 0.013072453904896976 0.79285714030265819 0.75000000000000011 0.59411767125129711 0.027209012769162658 0.79285714030265819 0.010471491608768703 0.76661264896392833 1.1500000357627871 0.022604892961680893 0.87083333730697643 0.90454545617103588 0.013606071937829258 0.014389234129339458 0.68716380000114452 0.78063941001892101 1.3499999642372134 0.82724830508232128 0.015504807699471714 0.010811126790940763 0.76135915517807018 0.77631914615631115 0.76803660392761242 0.013986697886139156 0.85164836049079906 0.013606071937829258 0.010929288342595102 0.016261236742138866 0.69811809062957775
decision_type=2 2 2 2 2 2 2 2 2 2 2 2 2 2 2 2 2 2 2 2 2 2 2 2 2 2 2 2 2 2
left_child=3 2 8 4 -1 6 9 -4 27 15 11 16 13 17 29 -3 -9 -8 25 -20 -12 -15 -13 -24 -17 26 -7 -2 -28 -6
right_child=1 5 7 -5 14 18 12 10 -10 -11 20 22 -14 21 -16 24 -18 -19 19 -21 -22 -23 23 -25 -26 -27 28 -29 -30 -31
leaf_value=-0.063522680772108139 0.0037111727780305623 0.044738663097448651 0.066541483190910744 -0.06179384866762494 -0.071351375483877225 0.023704499330694743 0.0092500765979611748 -0.0030964094563582004 0.034016571410365647 -0.065461037845735842 -0.022060644848124016 0.036008858073251056 0.054537428577540958 0.049706904966976828 0.026631234748901431 0.017536131370157856 -0.067012998342579261 0.052082161197486612 -0.015786008763098137 0.050003240283412881 0.043915391396824377 0.037705118350971296 -0.055475254464880754 0.0202533848296442 -0.052018223767548791 0.059071953397949517 0.048646739672313088 -0.060367388197300309 0.058721268348610724 -0.00026786099480976102
leaf_weight=50.344993924722075 5.4456134121865025 25.008310887031257 25.148592293262482 3063.2385016625049 6.1466426115948698 31.799202173948288 43.421044872608036 58.091359516838565 7.9648657613433889 7.7247789890971026 6.0847937113139769 46.329823452048004 543.47751079220325 530.60602993145585 27.562360795447603 13.398901263950394 7.6508520799688986 21.536487089470029 9.6481542652472871 14.404086930677293 68.227036436088383 235.50196810113266 7.326711475383493 18.937066192738712 6.8865444189868859 1355.0302763246 376.8386403825134 40.868505705264397 379.36496602697298 9.7050768104381842
leaf_count=2337 104 68 19 130960 268 82 203 965 103 364 103 208 478 534 266 91 361 35 30 18 278 382 131 104 109 982 445 2181 283 188
internal_value=1.47202e-10 0.049449 0.0113403 -0.0608789 -0.0309858 0.0525454 0.0468684 0.0230794 -0.0400888 0.00924027 0.0179394 0.00688753 0.0483198 0.0442537 0.00674548 0.0219805 -0.0105348 0.0234509 0.0562852 0.023613 0.0385131 0.0460175 0.0226655 -0.000872361 -0.00607632 0.0566519 0.0524904 -0.052833 0.0537008 -0.0278311
internal_weight=7043.72 3886.72 292.075 3157 93.7591 3594.65 1427.56 237.796 54.279 53.0185 212.648 138.336 1374.54 831.066 43.4141 45.2938 65.7422 64.9575 2167.09 24.0522 74.3118 766.108 72.5936 26.2638 20.2854 2143.03 788.003 46.3141 756.204 15.8517
internal_count=142680 8661 4557 134019 3059 4104 2264 2169 2388 632 2150 1769 1632 1154 722 268 1326 238 1840 48 381 916 443 235 200 1792 810 2285 728 456
is_linear=0
shrinkage=0.05


Tree=11
num_leaves=31
num_cat=0
split_feature=4 11 4 8 8 4 4 8 12 12 11 1 4 7 9 12 0 8 13 13 6 9 7 5 7 11 13 11 13 6
split_gain=7751.53 176.39 82.2884 40.5469 32.66 42.6268 24.0037 31.6708 16.862 16.2253 12.5007 11.5647 11.463 13.4125 11.326 11.0427 10.327 10.2612 10.0562 13.7337 11.7536 9.80235 9.71668 18.8216 10.4522 8.61816 8.14997 6.74298 10.2628 6.58281
threshold=0.74166667461395275 0.013423423748463394 0.82843136787414562 1.1500000357627871 0.75000000000000011 0.59411767125129711 0.83974358439445507 1.2500000000000002 0.015268065501004459 0.016261236742138866 0.0093025267124176043 0.67258098721504223 0.91987180709838878 0.81902742385864269 0.77374282479286205 0.013423423748463394 0.62580662965774547 0.84999999403953563 0.010471491608768703 0.022917212918400768 0.73878011107444774 0.74129235744476329 0.77918288111686718 0.70064309239387523 0.79108995199203502 0.015268065501004459 0.010582306887954475 0.012422839645296337 0.011428944766521456 0.80930072069168102
decision_type=2 2 2 2 2 2 2 2 2 2 2 2 2 2 2 2 2 2 2 2 2 2 2 2 2 2 2 2 2 2
left_child=4 2 3 8 5 -1 7 9 10 14 -2 -7 13 18 -3 29 -16 -12 -4 20 -20 -13 23 -22 -24 -23 -19 28 -28 -8
right_child=1 6 12 -5 -6 11 15 -9 -10 -11 17 21 -14 -15 16 -17 -18 26 19 -21 22 25 24 -25 -26 -27 27 -29 -30 -31
leaf_value=-0.062237635600094723 -0.066918106449803866 0.044882736045963198 0.071668316552895059 -0.061639995361961221 -0.060527058383692135 -0.047965334504931872 0.05149757640341053 -0.071092305685965168 0.036956133890032182 0.056016088945515602 -0.066330835839289379 0.044435344815473413 0.049225854242993548 -0.047820513864894311 -0.041433926004555408 0.057746547477490279 0.030898372183684544 0.051025840993349107 0.027847193279652502 0.040220741184650938 0.018712936566235613 -0.044872388431446544 0.047469923473562679 -0.068172908701736062 -0.019612168991281476 0.028088370315584338 0.010692858944221778 0.010220554237395152 -0.054934577978362265 0.027536205732309079
leaf_weight=47.940622923430055 8.3131387988105399 509.48391091264784 13.511679053306578 31.97044527658727 2929.8698533040588 7.8804503220599136 917.79145171120763 5.7997193788178256 26.64884726353921 284.97863208688796 5.7710039408411822 18.14412397518754 83.823698287131265 5.7064857305958858 5.1573264321777961 1392.7081592418253 114.25605969631579 7.8523887880146495 83.478085095528513 112.27307425858453 12.424923479557039 8.2501238915137964 14.039047460537406 12.507381438044829 9.9026904627680761 7.9452048856765023 11.328853657003494 37.218593514058739 12.563222466735168 29.587481666356325
leaf_count=2337 410 741 9 1869 130960 310 831 213 139 220 325 90 160 82 94 1043 286 11 469 254 92 294 50 226 146 28 158 310 476 47
internal_value=-5.75639e-10 0.0480219 0.0200299 -0.0120908 -0.0596149 -0.0299742 0.0522239 0.0453798 0.00235009 0.046119 -0.00875458 0.00666077 0.0331184 0.028001 0.0416343 0.0549137 0.0277744 -0.00228468 0.0296771 0.0273578 0.0164462 0.0191967 -0.00302693 -0.0248737 0.0197237 -0.00907885 0.00307486 -0.00308658 -0.0238162 0.0507492
internal_weight=6769.13 3749.1 489.334 141.666 3020.03 90.1605 3259.76 919.676 109.696 913.876 83.0472 42.2199 347.667 263.843 628.897 2340.09 119.413 74.7341 258.137 244.625 132.352 34.3395 48.874 24.9323 23.9417 16.1953 68.9631 61.1107 23.8921 947.379
internal_count=142680 8661 5186 3698 134019 3059 3475 1554 1829 1341 1690 722 1488 1328 1121 1921 380 1280 1246 1237 983 412 514 318 196 322 955 944 634 878
is_linear=0
shrinkage=0.05


Tree=12
num_leaves=31
num_cat=0
split_feature=4 11 4 8 4 4 11 12 13 0 13 13 8 4 9 1 1 0 7 6 9 8 13 4 11 6 9 11 9 0
split_gain=7100.96 161.277 56.1416 31.5407 39.5448 31.2987 34.8111 19.4766 18.5866 18.278 15.7168 13.9562 14.7202 13.6635 11.8513 10.3858 9.41208 12.88 9.01333 8.75338 7.79326 10.5447 7.57848 10.6457 10.4499 11.1098 8.30326 7.97294 7.25076 9.51744
threshold=0.74166667461395275 0.013072453904896976 0.79285714030265819 0.75000000000000011 0.59411767125129711 0.83974358439445507 0.013606071937829258 0.016261236742138866 0.010471491608768703 0.76661264896392833 0.022604892961680893 0.013793759513646366 0.94999998807907116 0.87083333730697643 0.75762459635734569 0.67258098721504223 0.73224136233329784 0.532810539007187 0.78063941001892101 0.70193475484848034 0.77631914615631115 1.0500000119209292 0.026861490681767467 0.79285714030265819 0.014185110572725536 0.7631957232952119 0.79355257749557506 0.015504807699471714 0.80733639001846325 0.73079112172126781
decision_type=2 2 2 2 2 2 2 2 2 2 2 2 2 2 2 2 2 2 2 2 2 2 2 2 2 2 2 2 2 2
left_child=3 2 9 4 -1 6 28 14 -4 -2 13 12 -7 18 -8 -6 -13 -18 -10 -17 -15 -22 23 -16 25 -25 -27 -26 29 -3
right_child=1 5 8 -5 15 11 7 -9 10 -11 -12 16 -14 20 22 19 17 -19 -20 -21 21 -23 -24 24 27 26 -28 -29 -30 -31
leaf_value=-0.061006944335525337 -0.050367684404143021 -0.00025216721661131501 0.063274320631051317 -0.059421500241081837 -0.046169854420205561 -0.017120621306516988 0.044495309263824168 0.055961704721725104 -0.0041733623728504926 0.031649996806894995 0.034941105048312375 0.056626534743932311 0.042752207207953648 0.033808073066437759 -0.031554540326413846 0.046965532678637803 -0.014637613416301314 0.050576029026675143 -0.064036107703765652 -0.0043278019108688717 -0.05412462478485263 0.018732020721599303 0.038611316493076961 -0.059198970312849181 0.046001722908298563 0.039734587080879541 -0.028800728466582326 -0.0079983737721740691 -0.04960784082107126 0.04497418827993363
leaf_weight=45.357018656097353 42.69591589999618 43.968805194366723 23.1577008664608 2796.4812957097893 7.5962948459200552 11.012423498556016 412.87548692990094 266.18822517478839 56.904696760000661 8.078089935705064 71.473119473783299 1298.0307525601238 151.41741889901459 44.44684424623847 9.4291464583948237 15.017089716158806 7.6339089050889006 925.22810021229088 7.0691377294715485 18.643751306692138 6.8151875836774733 18.306687958538532 103.45139401871711 6.2567199543118504 44.071108744479716 13.406314034014942 6.5926047638058654 8.0902977688238007 5.2434382636565706 15.81729991477914
leaf_count=2337 2285 400 19 130960 310 54 627 221 965 103 381 1044 213 208 199 95 13 847 361 317 110 125 199 31 88 22 23 22 69 32
internal_value=-2.83524e-10 0.0467517 0.0102326 -0.0585011 -0.0287853 0.049812 0.0420567 0.0446933 0.0208139 -0.0373188 0.0160178 0.0528431 0.0386929 0.00588988 0.0397286 0.00663835 0.0538733 0.0500424 -0.0107882 0.0185557 0.0212267 -0.00103289 0.0294407 0.018641 0.0246766 -0.00105002 0.0171421 0.0376262 0.00676872 0.0117131
internal_weight=6490.76 3607.66 278.947 2883.1 86.6142 3328.71 935.391 870.361 228.173 50.774 205.016 2393.32 162.43 133.543 604.173 41.2571 2230.89 932.862 63.9738 33.6608 69.5687 25.1219 191.298 87.8462 78.417 26.2556 19.9989 52.1614 65.0295 59.7861
internal_count=142680 8661 4557 134019 3059 4104 1933 1432 2169 2388 2150 2171 267 1769 1211 722 1904 860 1326 412 443 235 584 385 186 76 45 110 501 432
is_linear=0
shrinkage=0.05


Tree=13
num_leaves=31
num_cat=0
split_feature=4 11 4 8 4 13 4 8 8 13 12 13 4 13 6 4 11 3 1 0 8 5 7 13 9 2 2 9 8 9
split_gain=6530.83 157.065 51.407 31.4087 36.9843 27.7874 26.1916 23.5445 23.085 14.1364 11.7337 11.6773 11.6097 10.0321 9.61671 12.1853 9.4631 17.6319 9.43464 9.73441 9.41705 9.07893 8.91521 8.35293 7.97843 17.1334 7.13063 8.596 7.07724 13.5274
threshold=0.74166667461395275 0.013072453904896976 0.82843136787414562 0.75000000000000011 0.59411767125129711 0.02746168710291386 0.81534090638160717 1.1500000357627871 1.1500000357627871 0.010811126790940763 0.015504807699471714 0.010582306887954475 0.89444443583488475 0.012121656909585001 0.76671573519706737 0.88562092185020458 0.013245614245533945 0.43571209907531744 0.72983172535896312 0.5744001865386964 0.94999998807907116 0.67437368631362926 0.81656259298324596 0.023320143111050132 0.69257113337516796 0.65713217854499828 0.66265010833740245 0.77763929963111889 0.84999999403953563 0.73411965370178234
decision_type=2 2 2 2 2 2 2 2 2 2 2 2 2 2 2 2 2 2 2 2 2 2 2 2 2 2 2 2 2 2
left_child=3 2 8 4 -1 6 7 24 10 -4 11 -2 18 -11 -7 -16 17 -6 28 -20 -13 -18 -21 -24 -3 -26 -22 -28 29 -8
right_child=1 5 9 -5 16 14 12 -9 -10 13 -12 20 -14 -15 15 -17 21 -19 19 22 26 -23 23 -25 25 -27 27 -29 -30 -31
leaf_value=-0.05996861019099451 0.042377951931772087 0.05075728304888092 0.064189024702093186 -0.058457532591874639 -0.066564000381981875 0.054330576109568388 0.037902100946878903 -0.063915929145243244 -0.059452529050629692 -0.0077131361589412271 0.03438852531504847 -0.055030168337083379 0.050599551251974212 0.026294460183684518 0.032651000164212081 0.052807966294161984 -0.0081236636230844674 0.028819570030334602 -0.00046701536945586677 0.038350018142213317 0.024209386562383889 0.057342830791976523 0.03223098328318371 -0.054472860482931762 -0.05410088972365884 0.026189574834638296 -0.0035246742614020881 -0.068416892716377117 0.048155327038303518 -0.046375321132668706
leaf_weight=42.583766714902595 7.6882714182138434 26.727912509348243 21.042833094019443 2666.8574374051532 9.6780828048940766 1563.5054260075558 31.180860989261419 7.6218086811713865 26.30045546265319 26.158359142951667 15.120764481136574 16.31451586750336 576.54340526368469 126.84135089861229 125.25430581346154 186.78374449163675 9.264972247648986 9.7018775399774295 19.772378308698535 216.92595128482208 11.038704987382514 12.361950598191468 6.075758249498902 5.1175107629969716 7.243649606476537 80.315985646098852 15.726719626691194 7.5548329292796543 328.47014487348497 5.6194763686507931
leaf_count=2337 15 37 35 130960 459 1414 50 399 1713 370 99 803 589 790 217 164 121 80 53 322 135 62 14 11 96 345 297 300 363 30
internal_value=4.54444e-10 0.045705 0.00936307 -0.0575116 -0.0273319 0.0488269 0.0432441 0.0211718 -0.0192562 0.0257649 -0.00486176 -0.0150377 0.0455059 0.0204802 0.0527311 0.0447168 0.00655977 -0.0188137 0.0407164 0.0331877 -0.0237556 0.029297 0.0361047 -0.00740961 0.0268462 0.0195473 -0.0088889 -0.0245821 0.0458258 0.0250328
internal_weight=6211.39 3460.95 273.787 2750.45 83.5906 3187.16 1311.61 121.909 99.7443 174.043 73.4438 58.323 1189.71 153 1875.54 312.038 41.0069 19.38 613.162 247.892 50.6348 21.6269 228.119 11.1933 114.288 87.5596 34.3203 23.2816 365.27 36.8003
internal_count=142680 8661 4557 134019 3059 4104 2309 877 3362 1195 1649 1550 1432 1160 1795 381 722 539 843 400 1535 183 347 25 478 441 732 597 443 80
is_linear=0
shrinkage=0.05


Tree=14
num_leaves=31
num_cat=0
split_feature=4 11 4 8 4 4 4 8 12 8 3 2 4 11 3 12 13 11 1 12 1 11 7 9 2 11 5 5 11 7
split_gain=5998.07 151.592 59.5779 30.2615 34.9333 30.0867 23.0577 34.7758 13.7473 12.5264 11.3699 11.0255 10.7445 9.34865 15.2799 9.09621 10.5885 11.0899 8.42846 8.41033 6.91757 6.37732 6.56465 6.22654 18.6085 6.14586 5.9437 5.93815 5.69924 6.51116
threshold=0.74166667461395275 0.013423423748463394 0.77350428700447094 0.75000000000000011 0.59411767125129711 0.85164836049079906 0.81534090638160717 1.1500000357627871 0.013423423748463394 1.3499999642372134 0.30834107100963598 0.61576613783836376 0.90454545617103588 0.013245614245533945 0.43571209907531744 0.016261236742138866 0.010695492848753931 0.012422839645296337 0.78855741024017345 0.011050061322748663 0.81787559390068065 0.015504807699471714 0.78950223326683056 0.68734732270240795 0.67683044075965892 0.014389234129339458 0.74449223279953014 0.67437368631362926 0.013986697886139156 0.81245803833007824
decision_type=2 2 2 2 2 2 2 2 2 2 2 2 2 2 2 2 2 2 2 2 2 2 2 2 2 2 2 2 2 2
left_child=3 2 -2 4 -1 9 7 10 12 15 18 -7 25 14 -6 16 -4 -18 19 23 -10 22 -22 -3 -25 28 -20 -15 29 -8
right_child=1 6 5 -5 13 11 8 -9 20 -11 -12 -13 -14 27 -16 -17 17 -19 26 -21 21 -23 -24 24 -26 -27 -28 -29 -30 -31
leaf_value=-0.059064162444929007 -0.052026603183930181 0.05036468645368275 0.046793313249762769 -0.057604024535297019 -0.064882479380556704 -0.018020634145686953 0.042040520229830305 -0.065846969736844146 0.053953074786298384 -0.059925794328511243 0.055237353975693848 0.034938246854913452 0.052054809266672955 -0.002719344501549033 0.024198045462608772 0.045067289252263221 -0.018198032273185488 0.012157472466798717 -0.04648839420806597 0.042303301124755298 -0.0086724945682280698 0.055398101407446748 0.05156739645086527 -0.059679110481787194 0.025251770437961535 0.04762868578589681 0.019195055786916406 0.051111000556102515 0.025113384619477028 -0.0024470468505979263
leaf_weight=41.292518323753029 28.730859005474485 12.84260683506727 13.234000681433825 2532.5860595103877 9.3287764356937277 10.22901778668165 284.84711144678295 8.2341664931736869 1476.0391926914454 7.0332593923667437 73.834304425865412 250.60830314317718 436.60489813424647 8.6434362481813896 9.9464782632421684 15.168863822706042 50.880994113394991 73.625258190673776 5.2485585706308475 130.74656708259135 12.746552161872389 15.69155879318714 7.0095862932503215 7.7490663728676727 38.454034416936338 266.84861567616463 10.018343448638914 12.578951866948044 72.651724920142442 8.4692605249583703
leaf_count=2337 1931 16 33 130960 459 74 353 364 1278 392 75 852 421 121 80 39 1338 527 49 181 21 15 9 94 155 293 25 62 108 18
internal_value=-6.21859e-10 0.0446327 0.0176354 -0.0566373 -0.0267034 0.0223919 0.0488641 0.035423 0.0503594 0.00531799 0.0384129 0.0328614 0.0460211 0.00629245 -0.0189149 0.00831896 0.004272 -0.000247674 0.0323551 0.0352301 0.0534289 0.0316016 0.0127009 0.0195677 0.0110074 0.0418582 -0.00338604 0.029187 0.0376506 0.040756
internal_weight=5931.92 3317.55 449.511 2614.38 81.7902 420.78 2868.04 287.128 2580.91 159.942 278.893 260.837 1069.42 40.4976 19.2753 152.909 137.74 124.506 205.059 189.792 1511.49 35.4477 19.7561 59.0457 46.2031 632.817 15.2669 21.2224 365.968 293.316
internal_count=142680 8661 5186 134019 3059 3255 3475 959 2516 2329 595 926 1193 722 539 1937 1898 1865 520 446 1323 45 30 265 249 772 74 183 479 371
is_linear=0
shrinkage=0.05


Tree=15
num_leaves=31
num_cat=0
split_feature=4 11 4 8 4 4 4 8 12 8 3 2 4 1 13 1 0 3 5 13 13 9 3 7 2 2 5 12 13 4
split_gain=5510.15 143.631 54.9145 31.2391 34.376 27.6586 24.1454 30.1042 13.9429 11.6701 11.4556 10.9291 9.27005 8.71883 8.60248 8.52959 8.3789 13.9429 9.61313 8.31782 10.1428 7.71859 8.99325 7.38181 7.46742 11.4296 6.76336 6.54336 7.37397 9.62297
threshold=0.74166667461395275 0.013423423748463394 0.77350428700447094 0.75000000000000011 0.59411767125129711 0.85164836049079906 0.81534090638160717 1.1500000357627871 0.013423423748463394 1.3499999642372134 0.30834107100963598 0.61576613783836376 0.89444443583488475 0.78855741024017345 0.02944979723542929 0.5887746810913087 0.66582989692687999 0.43571209907531744 0.67437368631362926 0.028443573974072937 0.010695492848753931 0.70884180068969738 0.48073503375053411 0.78831565380096447 0.71355423331260692 0.66265010833740245 0.70487606525421154 0.016001024283468727 0.010471491608768703 0.92582416534423839
decision_type=2 2 2 2 2 2 2 2 2 2 2 2 2 2 2 2 2 2 2 2 2 2 2 2 2 2 2 2 2 2
left_child=3 2 -2 4 -1 9 7 10 12 19 13 -7 -8 15 16 -3 17 18 -6 20 -4 -22 23 24 25 26 -23 28 -13 -30
right_child=1 6 5 -5 14 11 8 -9 -10 -11 -12 27 -14 -15 -16 -17 -18 -19 -20 -21 21 22 -24 -25 -26 -27 -28 -29 29 -31
leaf_value=-0.058232549832667825 -0.051580445842422266 -0.026805181342516932 0.045133286684502213 -0.056853863391802421 -0.064685994514688885 -0.018855715248332735 0.040458982351531253 -0.064051985513586124 0.052646843009705895 -0.058879837286693486 0.054000642536664915 0.066940286069923569 0.049988044777027119 -0.0056522455818112452 0.045340238498596142 0.035486958452368378 -0.053648611593838581 0.067301541925205891 0.015826695305483546 0.036106970568221784 0.027333093038115965 -0.028016046689851332 0.037257096300532838 -0.064738576911253218 0.0044316807526268275 -0.056060043193794207 0.036375531523907552 0.052088494659586072 0.021498546680944686 0.047855460920823212
leaf_weight=39.357700641499832 27.314306514337659 5.6706354692578307 12.841026077046989 2400.9747904182877 6.4277683121617946 10.237568534910677 534.65937240142375 7.6287225148407733 1435.5338264405727 6.8289630441577165 70.41750100068748 12.807649135589598 488.33520478289574 15.360688154585658 10.934203238692133 177.861262883991 7.1596815199591211 6.9387931139208368 8.7602692944928986 22.322062235325575 19.015952010639012 8.5031361426226812 10.009351182729004 6.3429258485557503 45.626563314814121 16.580432861112058 7.8359875418245784 41.047623153077438 145.95537894684821 45.403382628690451
leaf_count=2337 1931 25 33 130960 321 74 692 364 1323 392 75 10 501 74 25 421 224 22 130 47 152 200 41 298 691 420 55 53 696 93
internal_value=3.31904e-10 0.0436323 0.0170724 -0.0558323 -0.0250118 0.021631 0.0478916 0.0338952 0.0494682 0.0050352 0.0366697 0.0317596 0.0450078 0.0305337 0.00749622 0.0335623 -0.00663295 0.00858013 -0.0182473 0.00796303 0.00300679 -0.00174193 -0.00756805 -0.0128534 -0.00866349 -0.0268134 0.00286514 0.0338728 0.0302105 0.0277522
internal_weight=5654.69 3174.14 438.672 2480.55 79.5784 411.358 2735.47 276.939 2458.53 155.906 269.31 255.452 1022.99 198.893 40.2207 183.532 29.2865 22.1268 15.188 149.077 126.755 113.914 94.8984 84.889 78.5461 32.9196 16.3391 245.214 204.166 191.359
internal_count=142680 8661 5186 134019 3059 3255 3475 959 2516 2329 595 926 1193 520 722 446 697 473 451 1937 1890 1857 1705 1664 1366 675 255 852 799 789
is_linear=0
shrinkage=0.05


Tree=16
num_leaves=31
num_cat=0
split_feature=4 11 4 8 4 4 11 12 13 13 0 13 3 8 4 3 4 3 11 7 8 1 0 4 11 9 11 9 11 7
split_gain=5059.81 134.573 36.6802 29.5715 32.0163 27.6506 25.33 19.2233 16.7177 16.4463 14.4852 13.8803 12.7035 11.5027 10.4311 10.2283 12.9515 8.51382 14.6861 7.08447 6.91165 6.84071 7.17334 8.4883 6.61434 6.36612 6.10993 15.5353 5.87592 8.72781
threshold=0.74166667461395275 0.013072453904896976 0.79285714030265819 0.75000000000000011 0.59411767125129711 0.83974358439445507 0.013606071937829258 0.016261236742138866 0.013793759513646366 0.010471491608768703 0.76661264896392833 0.022604892961680893 0.44864048063755041 0.94999998807907116 0.91987180709838878 0.30834107100963598 0.79285714030265819 0.43571209907531744 0.013245614245533945 0.80050483345985424 0.94999998807907116 0.73224136233329784 0.65209203958511364 0.86190477013587963 0.010811126790940763 0.75236189365386974 0.012422839645296337 0.77476269006729137 0.011299795936793091 0.74665778875350963
decision_type=2 2 2 2 2 2 2 2 2 2 2 2 2 2 2 2 2 2 2 2 2 2 2 2 2 2 2 2 2 2
left_child=3 2 10 4 -1 6 -3 15 13 -4 -2 12 14 -7 26 16 -8 18 -6 -15 -18 -10 23 25 -13 -23 28 -28 -11 -30
right_child=1 5 9 -5 17 8 7 -9 21 11 -12 24 -14 19 -16 -17 20 -19 -20 -21 -22 22 -24 -25 -26 -27 27 -29 29 -31
leaf_value=-0.057529601465096829 -0.046932126172508713 0.0056626681992869368 0.059995203087441711 -0.056189271567511037 -0.062954734832693454 -0.019053079000335149 0.0099792449989879288 0.052897032728447757 0.052827138569738169 -0.0067299623938557032 0.030251493877603786 -0.023007898600682565 0.046924232814725075 0.038658050800876698 0.030666932314929691 0.051493755331937265 -0.02057178593822287 0.035568891420655606 0.019394854566244363 -0.021802131945140295 0.03629114941616815 -0.02880063927177344 0.048893243510215789 0.041686005204056603 0.035555159273632342 0.027746775660297332 0.023359018185476241 -0.072728292182987209 -0.072472110593057124 -0.012411214690320173
leaf_weight=37.348694352782331 36.2209513723501 56.560040947515517 19.649575427174568 2269.3032048823952 8.7710373513400572 10.086937891319392 57.222000695299357 216.68681667931378 1064.4521008711308 37.692836626432836 7.3046343869063994 5.2471162211149922 14.184810572769491 126.73302297480404 18.830562249757349 81.060517731122673 5.4208248527720562 15.816135989036409 14.145816781325264 5.0377670116722575 376.87990857707337 7.7192681878805187 642.55017232568935 117.08374365977943 59.435880974633619 14.011812163516877 26.213151127099994 5.0106668777298173 10.569882171694191 14.140991705702616
leaf_count=2337 2285 501 19 130960 459 54 509 221 1044 748 103 103 54 191 72 93 41 90 173 22 568 15 686 137 278 22 178 129 306 282
internal_value=1.13238e-10 0.0426134 0.00781231 -0.0551613 -0.0244989 0.0457976 0.0379091 0.0403829 0.048948 0.0164341 -0.0339789 0.0119603 0.00233557 0.0324073 -0.00328859 0.0351741 0.0321643 0.00735136 -0.0121231 0.0363466 0.0354849 0.0502192 0.0466665 0.0363593 0.0308045 0.00766012 -0.0101178 0.00793933 -0.0191527 -0.0381018
internal_weight=5381.39 3036.01 254.501 2345.38 76.0817 2781.5 793.83 737.27 1987.67 210.975 43.5256 191.326 126.643 141.858 112.458 520.583 439.523 38.733 22.9169 131.771 382.301 1845.82 781.365 138.815 64.683 21.7311 93.6275 31.2238 62.4037 24.7109
internal_count=142680 8661 4557 134019 3059 4104 1933 1432 2171 2169 2388 2150 1769 267 1715 1211 1118 722 632 213 609 1904 860 174 381 37 1643 307 1336 588
is_linear=0
shrinkage=0.05


Tree=17
num_leaves=31
num_cat=0
split_feature=4 11 4 8 4 13 4 8 8 13 3 8 6 12 4 6 13 11 9 1 13 5 5 1 6 12 8 11 8 7
split_gain=4647.42 127.253 33.4323 28.979 30.2513 27.8825 26.7651 17.339 17.3114 13.0808 9.7347 9.51027 11.0066 9.2314 9.20751 11.9361 8.90518 9.94599 8.38182 13.053 8.14806 11.4357 10.3311 7.74937 8.05408 7.12392 6.72089 6.00081 5.90673 5.965
threshold=0.74166667461395275 0.013072453904896976 0.82843136787414562 0.75000000000000011 0.59411767125129711 0.027209012769162658 0.82843136787414562 1.1500000357627871 1.1500000357627871 0.010471491608768703 0.47780127823352819 0.84999999403953563 0.60440585017204296 0.015504807699471714 0.85164836049079906 0.76671573519706737 0.011428944766521456 0.012422839645296337 0.69157475233078014 0.65277060866355907 0.022604892961680893 0.66963025927543651 0.70824605226516735 0.67258098721504223 0.72780677676200878 0.016001024283468727 1.5500000119209292 0.013793759513646366 0.94999998807907116 0.67678478360176098
decision_type=2 2 2 2 2 2 2 2 2 2 2 2 2 2 2 2 2 2 2 2 2 2 2 2 2 2 2 2 2 2
left_child=3 2 8 4 -1 6 7 18 13 -4 20 12 -8 16 15 25 -2 -18 -3 -20 21 -11 -23 -6 -25 -7 -24 -13 29 -21
right_child=1 5 9 -5 23 14 11 -9 -10 10 -12 27 -14 -15 -16 -17 17 -19 19 28 -22 22 26 24 -26 -27 -28 -29 -30 -31
leaf_value=-0.056858746135283571 0.013725969257704107 0.045530785323190666 0.065444236177758283 -0.05560156405935477 -0.04339389021775978 0.039600555827766747 -0.03913064338718128 -0.05995747667574939 -0.056496373312176933 -0.054813686743325089 0.054004673647811113 0.036717473285766994 0.030400640345741487 0.031766846749169846 0.052088055819154017 0.02661453523286423 -0.054101841538392793 0.00045201059272714333 -0.057107160758083947 0.035483643767796801 0.028592722121029392 0.028613414516252642 -0.017384550359751963 0.032870556884605315 -0.024385459689486359 0.051867057469326364 0.03820194081687707 0.046282781944848035 0.027038515035807748 -0.014637733695618894
leaf_weight=35.243627948220819 18.268441376043484 38.118181034456939 14.971786081790922 2140.7163200038194 6.2261504644993684 194.07549267890863 6.4415098428726187 6.2646196654532096 21.477502532099606 7.8744407640770069 15.358711177483199 224.24316742364317 48.889322889968753 13.675890064798294 985.75806618994102 83.138415007386357 18.608746867626905 15.162269755965097 5.393165848683565 8.6899748034775275 46.83230955991894 34.571417640196159 34.239749611355364 23.113754463149238 8.3648643149062973 303.40543091343716 6.4645451493561259 609.97519609821029 116.48292127531022 18.732080477522686
leaf_count=2337 291 56 13 130960 310 299 17 392 1713 169 35 395 113 99 1006 191 998 261 65 26 216 216 534 209 203 344 12 697 294 209
internal_value=2.36999e-10 0.0416779 0.00739172 -0.0545455 -0.0235551 0.0448806 0.0387128 0.0218691 -0.0175258 0.0209441 0.0163601 0.0423801 0.0223059 -0.00478917 0.049146 0.044151 -0.014396 -0.0296086 0.0246043 0.0192614 0.0119121 0.00251707 0.00851432 0.00757475 0.0176558 0.0470817 -0.00855646 0.0437116 0.0221235 0.00124559
internal_weight=5110.78 2897.11 247.506 2213.66 72.9484 2649.61 1083.23 193.681 87.1929 160.313 145.341 889.549 55.3308 65.7153 1566.38 580.619 52.0395 33.771 187.416 149.298 129.982 83.1502 75.2757 37.7048 31.4786 497.481 40.7043 834.218 143.905 27.4221
internal_count=142680 8661 4557 134019 3059 4104 2264 1042 3362 1195 1182 1222 130 1649 1840 834 1550 1259 650 594 1147 931 762 722 412 643 546 1092 529 235
is_linear=0
shrinkage=0.05


Tree=18
num_leaves=31
num_cat=0
split_feature=4 11 4 8 4 4 8 12 3 4 8 13 12 13 11 3 0 11 1 9 6 8 9 0 5 4 2 1 0 11
split_gain=4269.44 119.035 42.7067 28.1073 28.2885 24.3964 23.103 20.3828 11.0654 13.6328 10.4756 10.4028 10.3726 9.10709 11.0696 9.9405 9.2568 7.69475 7.26561 7.55957 7.07636 6.90261 6.68881 6.26874 6.68096 6.2076 8.10859 7.00561 6.03334 5.89591
threshold=0.74166667461395275 0.013423423748463394 0.82843136787414562 0.75000000000000011 0.59411767125129711 0.83974358439445507 1.1500000357627871 0.016261236742138866 0.30834107100963598 0.79285714030265819 1.1500000357627871 0.016001024283468727 0.015268065501004459 0.010471491608768703 0.012422839645296337 0.47780127823352819 0.65503630042076122 0.0093025267124176043 0.67258098721504223 0.74129235744476329 0.80057698488235485 1.0500000119209292 0.77204152941703807 0.58834731578826915 0.73977065086364757 0.92582416534423839 0.7433968484401704 0.78675484657287609 0.71619215607643139 0.015268065501004459
decision_type=2 2 2 2 2 2 2 2 2 2 2 2 2 2 2 2 2 2 2 2 2 2 2 2 2 2 2 2 2 2
left_child=3 2 6 4 -1 7 12 8 9 10 -3 21 17 -4 15 16 -15 -2 -6 -20 -13 -7 -11 -19 -25 26 -16 -28 -29 -21
right_child=1 5 13 -5 18 11 -8 -9 -10 22 -12 20 -14 14 25 -17 -18 23 19 29 -22 -23 -24 24 -26 -27 27 28 -30 -31
leaf_value=-0.056254389323065347 -0.060528225525194157 0.012731565456308311 0.064862454794468227 -0.055076436549277623 -0.042547025790499023 0.029556554718122102 -0.056069318639876797 0.050768154123959346 0.049599638830180308 0.035691688187124114 -0.060290724227740525 0.051545746132333869 0.031088414192302662 -0.022913754127085531 0.031228391703569676 0.052583478457672132 0.014830631302009274 -0.026191407586164835 0.040327055774855812 -0.04127776633808624 0.035441122927805421 0.044957932697162369 0.019207938091504201 0.015049976453137232 -0.044488507270465411 0.049793375743542707 -0.051238882856624535 -0.027630672501584533 0.032823813622678562 0.02235505559121503
leaf_weight=33.528136859531514 6.4835473356069988 50.640859278384596 14.207408547401426 2014.9406475572177 6.1404752037487915 93.710469951387495 22.293825870990986 196.71393291698769 73.721158442087471 285.18799634836614 5.438918065512552 1179.9498873054981 21.484191167051904 24.849913212703541 128.96661019930616 11.110354052856563 46.906160603743047 20.319083409849554 16.355178750120107 7.2221383925061655 72.395076477900147 325.25572076160461 78.478122902102768 37.359155953046866 5.3917732865083954 34.15815951814875 5.2700404571369317 6.0142406527884331 13.152481483295558 7.3397201960906386
leaf_count=2337 410 257 13 130960 310 164 1869 230 95 424 318 1263 139 409 396 27 437 515 90 294 105 389 230 555 210 65 55 53 33 28
internal_value=-1.21138e-10 0.0408042 0.0155074 -0.05399 -0.0229769 0.0450673 -0.0104501 0.037159 0.0317338 0.028596 0.00564947 0.0483332 0.000721337 0.0258428 0.0237928 0.00857361 0.00175934 -0.00865866 0.00713117 0.0169978 0.0506148 0.0415131 0.0321345 -0.00332651 0.00754095 0.0305168 0.0262245 -0.000183899 0.0138541 -0.00920445
internal_weight=4844.99 2759.46 397.967 2085.53 70.5856 2361.49 113.332 690.181 493.467 419.746 56.0798 1671.31 91.0378 284.635 270.428 82.8664 71.7561 69.5536 37.0575 30.917 1252.34 418.966 363.666 63.07 42.7509 187.562 153.403 24.4368 19.1667 14.5619
internal_count=142680 8661 5186 134019 3059 3475 3698 1554 1324 1229 575 1921 1829 1488 1475 873 846 1690 722 412 1368 553 654 1280 765 602 537 141 86 322
is_linear=0
shrinkage=0.05


Tree=19
num_leaves=31
num_cat=0
split_feature=4 11 4 4 8 11 4 12 13 13 0 6 8 9 13 0 4 9 3 11 2 9 7 9 2 1 0 6 0 0
split_gain=3914.56 112.419 28.3229 27.7082 27.4666 27.0162 26.4619 19.6376 14.3742 11.7545 11.562 11.3951 10.2584 10.0161 9.98197 8.13655 8.1101 7.19435 6.87629 12.2933 6.51889 5.91242 5.70992 5.54161 7.76089 5.69961 5.42344 5.17975 5.65283 4.92618
threshold=0.74166667461395275 0.013072453904896976 0.85164836049079906 0.79285714030265819 0.75000000000000011 0.013606071937829258 0.59411767125129711 0.016261236742138866 0.010471491608768703 0.013793759513646366 0.76661264896392833 0.72780677676200878 0.94999998807907116 0.82743275165557872 0.022604892961680893 0.60015058517456066 0.87083333730697643 0.74389386177062999 0.43571209907531744 0.013245614245533945 0.71935972571372997 0.80293262004852306 0.78063941001892101 0.77631914615631115 0.76803660392761242 0.68232339620590221 0.67528727650642406 0.7221667766571046 0.60859623551368724 0.73079112172126781
decision_type=2 2 2 2 2 2 2 2 2 2 2 2 2 2 2 2 2 2 2 2 2 2 2 2 2 2 2 2 2 2
left_child=4 3 5 10 6 21 -1 11 -5 12 -2 -7 -4 15 16 17 22 -13 19 -8 -19 29 -10 25 -25 -18 -20 -11 -29 -3
right_child=1 2 9 8 -6 7 18 -9 14 27 -12 13 -14 -15 -16 -17 23 20 26 -21 -22 -23 -24 24 -26 -27 -28 28 -30 -31
leaf_value=-0.055699328015056976 -0.044712736305309177 0.0018146038427123601 -0.018792531269339136 0.05850478353794239 -0.05460817873237217 0.039584951610473873 -0.060802490012597556 0.050641515230008788 -0.0065627622469007834 0.051562584276697569 0.027295245039183166 0.027624983728032272 0.036323308801694265 -0.034495877524936498 0.026811324030039264 0.030200721839084607 -0.022690780973033727 -0.065680952229263498 0.055580924816424994 0.018031698251671831 0.006947195543600875 -0.038946537860212412 -0.059252303756907113 -0.051666302451322511 0.012965893628994214 0.033547300267754501 -0.0070792890661594797 0.030072497733331101 0.046807113085528304 0.036929863738993748
leaf_weight=31.454933409462683 31.649473390338244 43.269510045880452 9.1785404216498119 16.894421577453613 1891.6141004968376 337.07878343877383 7.8789262666832682 236.15038599446416 50.641692395787686 709.69323814194649 6.766362002817913 11.799362308811398 105.26289612893015 6.7641909150406709 60.229697182192467 220.67521582078189 5.209813365712761 5.7861156021244806 9.5648835990577918 13.280533507466314 6.6296357200480998 6.9551937832729882 5.7229443467222145 6.435535661410543 16.69065080024302 33.316455662250519 5.4044892448000601 54.887493187561631 626.04330334439874 12.984679336193947
leaf_count=2337 2285 416 54 19 130960 662 459 284 965 833 103 30 178 53 381 538 45 46 35 173 43 95 361 131 104 163 55 82 756 34
internal_value=-5.3139e-11 0.0398962 0.0431276 0.00678516 -0.0534892 0.0360465 -0.0221687 0.0384605 0.0144263 0.0473059 -0.0320296 0.0335745 0.0319029 0.0255238 0.0102485 0.0271817 0.00179571 -0.000331323 0.00702423 -0.011323 -0.0268997 0.00454298 -0.0119126 0.0143282 -0.0050199 0.0259424 0.0329583 0.0485735 0.0454582 0.00991996
internal_weight=4585.91 2626.72 2393.16 233.557 1959.2 888.093 67.5838 824.884 195.141 1505.07 38.4158 588.733 114.441 251.655 178.247 244.89 118.017 24.2151 36.1288 21.1595 12.4158 63.2094 56.3646 61.6525 23.1262 38.5263 14.9694 1390.62 680.931 56.2542
internal_count=142680 8661 4104 4557 134019 2201 3059 1656 2169 1903 2388 1372 232 710 2150 657 1769 119 722 632 89 545 1326 443 235 208 90 1671 838 450
is_linear=0
shrinkage=0.05


Tree=20
num_leaves=31
num_cat=0
split_feature=4 11 4 8 4 4 4 12 3 4 13 8 2 8 6 13 13 8 1 9 0 0 9 7 5 1 9 7 7 7
split_gain=3585.87 107.42 36.3114 27.3636 25.4155 24.7897 19.5746 17.1492 12.6804 14.075 10.8148 8.76358 8.49917 7.80199 7.63924 7.59334 8.06291 6.65204 6.63192 6.82272 6.04451 14.3175 6.01076 7.53566 5.96493 8.53626 5.46562 5.43306 6.1565 6.50936
threshold=0.74166667461395275 0.013423423748463394 0.77350428700447094 0.75000000000000011 0.59411767125129711 0.83974358439445507 0.85164836049079906 0.016261236742138866 0.30834107100963598 0.79285714030265819 0.015038444194942715 1.1500000357627871 0.61576613783836376 0.94999998807907116 0.80057698488235485 0.028443573974072937 0.010695492848753931 0.94999998807907116 0.67258098721504223 0.74129235744476329 0.63431081175804149 0.59795561432838451 0.70884180068969738 0.78831565380096447 0.69709193706512462 0.77517423033714306 0.77204152941703807 0.71851545572280895 0.7418610453605653 0.74716487526893627
decision_type=2 2 2 2 2 2 2 2 2 2 2 2 2 2 2 2 2 2 2 2 2 2 2 2 2 2 2 2 2 2
left_child=3 2 -2 4 -1 7 15 8 9 11 13 -3 -8 20 -12 16 -4 -11 -6 -20 21 -7 -18 24 25 -24 -19 -26 -29 -30
right_child=1 5 6 -5 18 10 12 -9 -10 17 14 -13 -14 -15 -16 -17 22 26 19 -21 -22 -23 23 -25 27 -27 -28 28 29 -31
leaf_value=-0.055222666795217396 -0.048407463435356471 0.0093199632595472974 0.040080848178024382 -0.054191799378578098 -0.041449866760618584 0.023070940923921632 -0.020519122115032259 0.048354558789784917 0.050165386004757596 -0.025248559662345522 0.050173903894385544 -0.059122128768743398 0.029507369641304723 0.041727337244339482 0.033012312758921414 0.033033309004543744 0.021692244396810428 0.034617119788961856 0.040233650332261381 -0.0081147495452599926 0.047567876345890249 -0.06777246088183525 -0.047045032280333153 -0.059802380187711057 0.028206366553646518 0.01785240773929038 0.019152158494832986 -0.049134401486945298 0.037793959994607926 -0.010744710882447009
leaf_weight=29.504017809289508 21.725842994987033 48.575498202349991 10.65424337889999 1772.8397389197344 5.7231499657500526 21.683559706434611 8.849530768580733 174.5099128629081 66.13113896548748 5.3066672491841009 1087.1120109502226 5.1753952172584823 209.07561330264434 298.35676442831755 68.958074659109116 18.544287432916462 17.036828835029155 257.02778932265937 15.450232503935696 13.827030158368869 11.963926769793032 5.4218312371522179 16.74887484358624 7.1887484155595294 14.936802952317519 7.2648485236568368 73.461384091060609 7.1562157412990919 9.2609695112332684 27.176747713703662
leaf_count=2337 1931 257 40 130960 310 52 74 230 95 44 1321 318 852 404 108 50 169 403 90 322 16 20 536 428 150 92 207 191 72 601
internal_value=4.60028e-10 0.0389831 0.0143355 -0.0530279 -0.0210388 0.0433425 0.0181874 0.0350262 0.0299219 0.0264853 0.0468516 0.00273003 0.0274759 0.0389761 0.0491502 0.00330014 -0.00139548 0.0302878 0.00777684 0.0173997 0.0179657 0.00489974 -0.00553427 -0.0107035 -0.00642753 -0.0274117 0.0311796 0.00218174 -0.0067352 0.00159182
internal_weight=4336.65 2499.3 375.62 1837.34 64.5044 2123.68 353.894 630.188 455.678 389.547 1493.5 53.7509 217.925 337.426 1156.07 135.969 117.424 335.796 35.0004 29.2773 39.0693 27.1054 106.77 89.7332 82.5445 24.0137 330.489 58.5307 43.5939 36.4377
internal_count=142680 8661 5186 134019 3059 3475 3255 1554 1324 1229 1921 575 926 492 1429 2329 2279 654 722 412 88 72 2239 2070 1642 628 610 1014 864 673
is_linear=0
shrinkage=0.05


Tree=21
num_leaves=31
num_cat=0
split_feature=4 11 4 8 4 4 12 8 13 13 13 11 3 8 8 6 1 13 12 9 1 6 4 1 7 11 12 2 12 2
split_gain=3279.93 102.438 28.2609 28.0448 23.7866 23.0434 19.464 16.0785 14.8649 14.0695 16.3186 12.7953 10.1803 9.69538 8.48129 8.30037 7.84308 6.43557 5.93869 9.4312 5.91314 5.9867 5.90004 5.49341 5.3471 6.75494 6.2949 7.05859 5.20693 4.75931
threshold=0.74166667461395275 0.013072453904896976 0.83974358439445507 0.75000000000000011 0.59411767125129711 0.86190477013587963 0.016261236742138866 1.2500000000000002 0.015038444194942715 0.025005836039781574 0.010929288342595102 0.013606071937829258 0.30834107100963598 1.0500000119209292 0.94999998807907116 0.778570055961609 0.68155094981193554 0.010811126790940763 0.012422839645296337 0.68734732270240795 0.67258098721504223 0.72780677676200878 0.77350428700447094 0.72928604483604442 0.73883977532386791 0.010811126790940763 0.010471491608768703 0.69889798760414135 0.013793759513646366 0.67954149842262279
decision_type=2 2 2 2 2 2 2 2 2 2 2 2 2 2 2 2 2 2 2 2 2 2 2 2 2 2 2 2 2 2
left_child=3 5 6 4 -1 9 7 11 13 10 -2 -3 14 -4 18 -10 -7 -18 19 -13 -6 -22 -12 -11 26 -26 27 -19 -20 -24
right_child=1 2 8 -5 20 16 -8 -9 15 23 22 12 -14 -15 -16 -17 17 24 28 -21 21 -23 29 -25 25 -27 -28 -29 -30 -31
leaf_value=-0.054708327233144928 0.029971030068394206 0.00095219166471155264 0.020547957799674096 -0.053817754352752524 -0.040280589514896444 -0.033279444686008741 0.047162945493887581 -0.060668589878089242 0.049632573191049752 -0.02215658884810854 -0.054794160607052368 0.038472878685926498 0.049423340847510676 0.040531742395496333 0.030684935764573224 0.037349705874847407 0.064313901394980208 0.040661621161090136 0.055870622661400318 -0.031027764635954049 0.029589174783192774 -0.021619542463312661 -0.0015804961402660442 0.035214196427389717 -0.0340987288728066 0.019053838767933311 0.054924467376293355 -0.029030077261254169 0.0092858727272874964 -0.030138953302635857
leaf_weight=27.29869373573456 14.982252530986441 39.173719309153967 76.527998548466712 1657.995048443554 5.4688676035730159 5.7822110371198496 167.83524943352677 5.1356260932516298 988.15487476764247 5.2257350455038276 15.31676788558252 6.9929507002234486 62.660102349705994 293.35487077478319 310.19996984489262 159.78332167305052 10.159286189824341 8.9756545084528607 8.8651803601533192 16.164142409805208 21.986540436511863 7.7084331274963906 22.286779147572815 20.703234228305519 6.9301294283941379 43.480107623385265 20.696375973289832 6.1041564829647532 18.549172127619386 42.235166802245658
leaf_count=2337 167 371 183 130960 310 65 237 292 1291 118 1562 13 91 451 670 246 15 43 15 183 209 203 479 196 83 247 56 75 61 1451
internal_value=3.66224e-10 0.0380677 0.0414076 -0.0525787 -0.0196893 0.00579908 0.0325559 0.0273145 0.0451142 -0.00898651 -0.0179115 0.0282913 0.0308205 0.0363971 0.0275895 0.0479229 0.0232807 0.0266751 0.00860268 -0.01004 0.00749695 0.0162961 -0.0268969 0.0236517 0.0222384 0.0117467 0.0370218 0.0124511 0.0243503 -0.0202745
internal_weight=4096.73 2376.28 2153.4 1720.46 62.4625 222.878 635.576 467.741 1517.82 120.75 94.821 462.605 423.432 369.883 360.771 1147.94 102.128 96.3457 50.5714 23.1571 35.1638 29.695 79.8387 25.929 86.1864 50.4102 35.7762 15.0798 27.4144 64.5219
internal_count=142680 8661 4104 134019 3059 4557 1933 1696 2171 3973 3659 1404 1033 634 942 1537 584 519 272 196 722 412 3492 314 504 330 174 118 76 1930
is_linear=0
shrinkage=0.05


Tree=22
num_leaves=31
num_cat=0
split_feature=4 11 4 8 4 4 4 12 3 13 4 13 13 4 13 13 6 2 4 0 8 1 0 13 4 6 5 11 1 11
split_gain=3009.35 94.454 43.2056 26.089 21.794 21.0847 17.9373 13.7276 10.2936 9.20718 8.54235 8.2048 7.66248 6.96508 8.64372 10.4077 14.9091 6.29867 6.27789 5.97065 8.79354 8.07716 6.69182 5.93379 6.35127 5.47455 8.10619 8.07205 5.43783 5.30837
threshold=0.74166667461395275 0.013606071937829258 0.85164836049079906 0.75000000000000011 0.59411767125129711 0.83974358439445507 0.77350428700447094 0.016261236742138866 0.30834107100963598 0.015038444194942715 0.79285714030265819 0.028377328999340538 0.010695492848753931 0.92582416534423839 0.022917212918400768 0.010811126790940763 0.73878011107444774 0.74501496553421032 0.90454545617103588 0.65933576226234447 1.1500000357627871 0.71104663610458385 0.55565205216407787 0.012579114176332952 0.91287881135940563 0.73270660638809215 0.64644062519073497 0.015038444194942715 0.801141917705536 0.015268065501004459
decision_type=2 2 2 2 2 2 2 2 2 2 2 2 2 2 2 2 2 2 2 2 2 2 2 2 2 2 2 2 2 2
left_child=3 2 6 4 -1 7 -2 8 10 18 -3 12 -8 14 15 -4 19 -16 -7 20 21 22 -17 -18 -25 -11 27 -27 -19 -6
right_child=1 5 13 -5 29 9 11 -9 -10 25 -12 -13 -14 -15 17 16 23 28 -20 -21 -22 -23 -24 24 -26 26 -28 -29 -30 -31
leaf_value=-0.054496379058419003 -0.047994703514000113 0.0063995333073662355 0.062304147200660333 -0.053486158611102119 -0.0087655868064032763 0.02985513154415553 0.038643897287177341 0.046993447658616343 0.048555460360181456 0.051100269958100721 0.029165224656934927 0.02766474753256189 -0.0072515667448026927 0.045225489628538555 0.041251143566218548 -0.031888862299872825 -0.056925147494345477 -0.03433498532876253 0.044747018823073602 0.059270638556541903 0.040421376620269976 -0.04380251076721689 0.0358210770328364 0.006417912874965466 -0.050332109946114416 0.044935574675700307 0.044750560758281543 -0.038900662919327381 0.02706293733403577 0.032006389602479868
leaf_weight=26.242546566936653 20.356825715804007 47.726673580007628 10.382588740438221 1548.5364338971267 22.186481351731345 132.77345574786887 9.9228057758882624 150.46722243539989 59.484903479926288 584.41161867976189 301.57422608626075 25.845527201890945 108.92149421499926 51.510903229238465 80.063385768793523 5.1047315087635132 7.0170208786148569 5.3093005279079106 151.5496592996642 10.498874995857475 22.70095030660741 8.0453158561140281 12.796336676925419 23.022535694763068 6.2737588579766443 5.6256151050329191 395.71676496788859 5.8640423230826855 11.242767379619179 12.47032033302821
leaf_count=2337 1978 509 20 130960 656 231 40 221 93 808 609 72 2307 121 160 69 153 37 217 31 75 71 47 148 44 9 548 9 34 66
internal_value=3.09427e-10 0.0372861 0.0158666 -0.0522237 -0.0201229 0.0421767 -0.0040498 0.0340815 0.0293289 0.0457248 0.0260546 0.00213294 -0.00341956 0.0288097 0.0246331 0.0147624 0.00959159 0.0354464 0.0377928 0.0250746 0.0176946 -0.00218954 0.0165127 -0.0156268 -0.00573502 0.0479991 0.0435485 0.00214759 0.00736872 0.00590512
internal_weight=3863.65 2254.21 419.015 1609.44 60.8993 1835.19 165.047 559.253 408.786 1275.94 349.301 144.69 118.844 253.968 202.458 105.842 95.4595 96.6155 284.323 59.1462 48.6473 25.9464 17.9011 36.3133 29.2963 991.618 407.206 11.4897 16.5521 34.6568
internal_count=142680 8661 5407 134019 3059 3254 4397 1432 1211 1822 1118 2419 2347 1010 889 658 638 231 448 293 262 187 116 345 192 1374 566 18 71 722
is_linear=0
shrinkage=0.05


Tree=23
num_leaves=31
num_cat=0
split_feature=4 11 4 8 4 12 4 4 9 3 4 0 1 12 13 11 13 13 9 7 3 11 5 13 13 13 1 3 8 2
split_gain=2753.31 88.3026 27.8308 25.7817 25.6945 22.9469 20.3832 15.2873 12.0278 7.61777 6.7893 6.01711 11.5632 5.7373 6.0408 6.7998 5.39604 7.41192 6.60969 6.11533 5.14989 10.5173 4.9706 5.86783 16.4274 5.49438 4.91607 4.73396 4.68462 4.61496
threshold=0.74166667461395275 0.013423423748463394 0.77350428700447094 0.75000000000000011 0.88562092185020458 0.016261236742138866 0.59411767125129711 0.85164836049079906 0.75203993916511547 0.49006333947181707 0.81534090638160717 0.60968875885009777 0.71104663610458385 0.016261236742138866 0.010695492848753931 0.012422839645296337 0.010471491608768703 0.012121656909585001 0.80448052287101757 0.81498607993125927 0.43571209907531744 0.013245614245533945 0.72069671750068676 0.030507040210068229 0.031408416107296951 0.030348325148224834 0.7201620638370515 0.29291357100009924 1.4499999880790713 0.62155610322952282
decision_type=2 2 2 2 2 2 2 2 2 2 2 2 2 2 2 2 2 2 2 2 2 2 2 2 2 2 2 2 2 2
left_child=3 2 -2 6 5 8 -1 13 -3 10 -10 12 -6 14 -4 -16 -9 18 -18 27 21 -8 -12 25 -25 28 -14 29 -24 -19
right_child=1 4 7 -5 11 -7 20 16 9 -11 22 -13 26 -15 15 -17 17 19 -20 -21 -22 -23 23 24 -26 -27 -28 -29 -30 -31
leaf_value=-0.054172802950676294 -0.046661904285219449 0.036047047151608058 0.037656776686714098 -0.053188704727770576 0.050919123045013198 0.048061110672131105 -0.059525746280061721 0.063651936802182993 0.0047999069819500582 0.051808749347448182 0.01303775660796504 0.048814651753233539 -0.018522564650029046 0.037741102877035353 -0.018560785954359678 0.007150920985832321 -0.029488055474721858 -0.019008341059167311 0.039018002337688706 -0.006219140595687369 0.028161131769416949 0.016464506799025027 0.026179473143525533 -0.050128173503855317 0.044239299847804975 0.08077289694760359 0.025881670369540911 0.05484127989241782 0.050574069257832768 0.028092851548867606
leaf_weight=24.534242587047629 18.405405827506911 395.23802902200259 9.5616905074566585 1443.924834071222 67.517518323846161 251.01173873338848 7.1447517622727927 8.7253801822662336 55.599857015360612 20.735361798666418 65.917459100717679 738.13368428684771 7.1259504705667487 10.793328727595506 44.958433775696903 60.074009229429066 11.495640162844213 5.4046630496159187 5.0755556817166498 13.18579404754564 14.504205158911644 12.553771961713208 96.471793396398425 8.1135749816894549 10.685068935155867 5.8488073348999015 49.752269230782986 16.187557131052017 24.723659474402666 137.65893382695504
leaf_count=2337 1931 867 40 130960 108 391 459 10 482 33 148 1069 12 41 1635 613 189 46 47 66 90 173 201 13 17 6 94 32 34 536
internal_value=1.88054e-10 0.0364477 0.0131421 -0.0518678 0.0408773 0.0351326 -0.0193956 0.0165487 0.0303835 0.0226138 0.0203495 0.0471003 0.0369274 0.00289132 -0.000391093 -0.0038548 0.0252091 0.0234344 -0.00850548 0.0265038 0.00555072 -0.0110975 0.0244322 0.0295823 0.0035099 0.0334402 0.0203185 0.0292133 0.0311559 0.0263135
internal_weight=3641.06 2138.4 341.526 1502.66 1796.87 934.345 58.737 323.121 683.334 288.096 267.36 862.529 124.396 125.387 114.594 105.032 197.734 189.008 16.5712 172.437 34.2027 19.6985 211.76 145.843 18.7986 127.044 56.8782 159.251 121.195 143.064
internal_count=142680 8661 5186 134019 3475 2192 3059 3255 1801 934 901 1283 214 2329 2288 2248 926 916 236 680 722 632 419 271 30 241 106 614 235 582
is_linear=0
shrinkage=0.05


Tree=24
num_leaves=31
num_cat=0
split_feature=4 11 8 4 4 12 4 4 9 9 13 13 1 13 4 2 0 0 2 2 0 13 7 8 13 4 9 1 2 11
split_gain=2520.65 83.3642 25.8024 25.6026 25.0356 21.4279 19.5686 12.962 12.8558 8.91051 9.09677 7.90914 7.34768 6.74745 7.31483 6.98216 9.91216 7.40525 7.31186 6.42436 6.42107 6.40984 5.66472 5.5381 5.18644 6.26654 5.24888 5.18549 4.84966 24.3258
threshold=0.74166667461395275 0.013423423748463394 0.75000000000000011 0.83974358439445507 0.87867647409439098 0.015749008394777778 0.59411767125129711 0.77350428700447094 0.82900404930114757 0.74389386177062999 0.030787452124059204 0.028443573974072937 0.77858489751815807 0.010471491608768703 0.92582416534423839 0.74412479996681224 0.70670887827873241 0.56054857373237621 0.76803660392761242 0.64791762828826915 0.60015058517456066 0.010929288342595102 0.76095092296600353 1.1500000357627871 0.014389234129339458 0.90454545617103588 0.71815159916877758 0.73138618469238292 0.67153507471084606 0.015268065501004459
decision_type=2 2 2 2 2 2 2 2 2 2 2 2 2 2 2 2 2 2 2 2 2 2 2 2 2 2 2 2 2 2
left_child=2 3 6 7 5 8 -1 -2 9 -3 20 21 -7 -5 15 17 -17 19 -18 -15 23 -9 -23 -11 25 26 -6 -25 29 -22
right_child=1 4 -4 13 24 12 -8 11 -10 10 -12 -13 -14 14 -16 16 18 -19 -20 -21 28 22 -24 27 -26 -27 -28 -29 -30 -31
leaf_value=-0.053856677236032824 -0.045656370395965498 0.034829140294168094 -0.052919764152634066 0.06504283232988757 0.046354078282377857 0.04678086041419921 0.0062133859226211298 0.031290045931987691 -0.043405968632284478 -0.031409352650930117 -0.033093274036888727 0.035133156819660775 0.02359567996102814 0.021256817663883432 0.041026056844022794 -0.037295841313207914 -0.03541933590877671 0.027523728732200905 0.028938689771850958 -0.039204334432304672 -0.058906911572036175 -0.0025932983502765473 -0.035623582501430599 0.048873714398773672 0.048389918804199086 0.043120337958000216 0.0021015060172759697 -0.010604154332911059 0.028585239927835307 0.061484612865558314
leaf_weight=22.914553211419843 17.398363477084786 287.96001680660993 1345.4745227100211 9.2127862572669965 10.277388263493778 300.11780175589956 33.201804271084256 10.858490920742041 6.2193136247806242 9.2202193052507955 7.3232091241516164 14.578015564009545 38.562732454389334 9.2491591461002844 38.123233441496268 13.008135820506139 5.5466872979886856 106.81374702882022 21.59808187186718 8.3690672549419087 8.4950628895312565 59.771112165995874 16.581620189885143 7.0680019885767233 665.38116226904094 124.48256389144808 19.255252305418253 7.6101763653568923 191.33773646585178 8.2906165029853565
leaf_count=2337 1931 678 130960 11 17 522 722 84 59 79 23 43 77 72 107 206 48 478 120 104 40 1216 766 30 1028 202 50 62 592 16
internal_value=5.2465e-11 0.0357095 -0.0515343 0.0127662 0.0402004 0.0343046 -0.0183156 -0.00577336 0.0280606 0.0289035 0.0217742 0.00104366 0.044141 0.0231931 0.0212911 0.0167198 -0.00140934 0.0225699 0.0157879 -0.00746364 0.023506 -0.00465466 -0.00976653 -0.00104028 0.0464761 0.0382079 0.0175014 0.0180363 0.0263246 0.000555678
internal_weight=3424.3 2022.71 1401.59 331.109 1691.6 872.205 56.1164 119.188 533.524 527.305 239.345 101.789 338.681 211.921 202.708 164.585 40.1529 124.432 27.1448 17.6182 232.022 87.2112 76.3527 23.8984 819.396 154.015 29.5326 14.6782 208.123 16.7857
internal_count=142680 8661 134019 5186 3475 2178 3059 4040 1579 1520 842 2109 599 1146 1135 1028 374 654 168 176 819 2066 1982 171 1297 269 67 92 648 56
is_linear=0
shrinkage=0.05


Tree=25
num_leaves=31
num_cat=0
split_feature=4 11 4 8 4 4 8 12 4 4 3 6 2 4 12 9 13 13 13 11 2 12 3 5 1 0 8 0 2 5
split_gain=2300.34 78.6102 35.8017 26.889 23.1937 19.1244 16.6918 15.317 13.1632 10.1685 9.73439 6.55831 6.64325 6.4948 6.5285 7.26616 10.0835 6.38073 6.21269 5.50956 6.10494 5.32415 5.40639 5.49479 5.16091 5.12819 5.99575 4.84228 7.05644 5.00423
threshold=0.74166667461395275 0.013606071937829258 0.85164836049079906 0.75000000000000011 0.81534090638160717 0.59411767125129711 1.1500000357627871 0.013423423748463394 0.77350428700447094 0.89444443583488475 0.30834107100963598 0.7221667766571046 0.56784984469413768 0.91987180709838878 0.015038444194942715 0.77683988213539135 0.010811126790940763 0.028377328999340538 0.010695492848753931 0.012739370577037336 0.72532829642295849 0.015038444194942715 0.43571209907531744 0.67437368631362926 0.74036693572998058 0.71191784739494335 1.3499999642372134 0.58012717962265026 0.69825604557991039 0.70908358693122875
decision_type=2 2 2 2 2 2 2 2 2 2 2 2 2 2 2 2 2 2 2 2 2 2 2 2 2 2 2 2 2 2
left_child=3 2 8 5 6 -1 10 9 -2 24 11 12 -3 14 15 19 -17 18 -10 -4 -21 22 23 -7 -6 26 -18 28 -11 -30
right_child=1 4 13 -5 7 21 -8 -9 17 27 -12 -13 -14 -15 -16 16 25 -19 -20 20 -22 -23 -24 -25 -26 -27 -28 -29 29 -31
leaf_value=-0.053601996705516741 -0.045229636600030175 -0.024389768162168687 0.0063181916838637277 -0.052675693271829152 0.03469619744225582 -0.062207919802541117 -0.059974156638930722 0.046784313257632645 0.036326970425478569 0.043339562281200471 0.046933424201962837 0.0068036232641862926 0.033678339082006611 0.040031297452969045 0.040643874708668114 0.065644395626965446 -0.05039709543789448 0.024938019566579886 -0.0073958399065247359 0.040231800667762413 -0.013976509532793436 0.034796108003224011 0.026465509035660015 0.00092227560324790569 0.021431153532484835 0.0080374659404501992 0.0095440870690671892 0.046397815549448024 -0.033459619621489904 0.024168357291900328
leaf_weight=21.431996250874363 17.382145006675273 5.3250972889363757 26.133376980433241 1251.0630793595483 215.33975911140442 5.9729673493420732 5.8723637445364139 769.35404748935252 8.8213175258133543 27.686827644705772 41.219692737795413 59.422248094109818 65.627942092716694 67.861011761706322 34.873346915701404 5.1286744764074674 11.413357028737666 23.075742703862488 102.87328893179074 47.679420260246843 5.8287954451516262 11.342825246974824 7.6262461806181809 8.1497911426704359 111.18282282771543 20.633572358405218 6.5753578678704789 219.93585226032883 6.2207244336605063 9.5509709380567056
leaf_count=2337 1978 28 230 130960 404 353 316 1276 40 49 74 260 189 185 82 11 184 72 2307 127 25 83 66 220 243 114 52 382 13 20
internal_value=-7.14261e-11 0.034891 0.0144729 -0.0511777 0.0399171 -0.016806 0.0229171 0.0421366 -0.00427931 0.0360753 0.0257538 0.0190577 0.0293203 0.0270905 0.0215418 0.0161432 -0.000227055 0.0010023 -0.00394274 0.0251361 0.0343267 0.00702497 -0.0074586 -0.0257775 0.0301794 -0.00897416 -0.028487 0.0433842 0.0281331 0.00143854
internal_weight=3220.6 1915.02 378.279 1305.59 1536.74 54.5238 177.467 1359.27 152.152 589.917 171.595 130.375 70.953 226.127 158.266 123.393 43.751 134.77 111.695 79.6416 53.5082 33.0918 21.749 14.1228 326.523 38.6223 17.9887 263.394 43.4585 15.7717
internal_count=142680 8661 5407 134019 3254 3059 867 2387 4397 1111 551 477 217 1010 825 743 361 2419 2347 382 152 722 639 573 647 350 236 464 82 33
is_linear=0
shrinkage=0.05


Tree=26
num_leaves=31
num_cat=0
split_feature=4 11 4 8 4 4 12 8 4 4 11 6 1 9 0 4 13 13 2 5 13 13 13 7 11 7 2 9 3 4
split_gain=2097.2 75.0236 31.8089 25.9718 21.6164 17.8526 14.7263 14.6936 12.1186 11.9147 9.69879 8.09354 7.64153 10.8255 6.94883 6.19171 6.59143 7.15499 8.29033 6.41115 5.91589 5.7413 5.63135 5.28417 5.12803 5.0654 4.35902 4.19056 5.19931 4.37499
threshold=0.74166667461395275 0.013606071937829258 0.85164836049079906 0.75000000000000011 0.81534090638160717 0.59411767125129711 0.016001024283468727 1.1500000357627871 0.87867647409439098 0.77350428700447094 0.016261236742138866 0.7221667766571046 0.77428463101387035 0.78180271387100231 0.532810539007187 0.91987180709838878 0.022917212918400768 0.010811126790940763 0.72532829642295849 0.72308278083801281 0.028377328999340538 0.010695492848753931 0.012739370577037336 0.68132147192955028 0.015268065501004459 0.68384826183319103 0.67807528376579296 0.70884180068969738 0.48073503375053411 0.82843136787414562
decision_type=2 2 2 2 2 2 2 2 2 2 2 2 2 2 2 2 2 2 2 2 2 2 2 2 2 2 2 2 2 2
left_child=3 2 9 5 7 -1 8 10 -6 -2 11 14 -8 -14 -3 16 17 -4 22 -20 21 -11 23 -19 25 -7 -22 29 -29 -23
right_child=1 4 15 -5 6 24 12 -9 -10 20 -12 -13 13 -15 -16 -17 -18 18 19 -21 26 27 -24 -25 -26 -27 -28 28 -30 -31
leaf_value=-0.053355332530356916 -0.044392246116527645 -0.020341877551483915 0.060675340628468404 -0.05245851829690415 0.031073746787611239 0.0085048858058865019 0.051528899805314346 -0.058988512594779698 0.043100439658729763 0.035480774215472355 0.051389056789048641 0.0054867071981250159 -0.034042883977792919 0.039172590912238799 0.034595121508949361 0.038762324056074604 0.031834278471360271 0.026034985131224816 -0.061195929739198518 -0.002615510825456217 -0.012653173188306577 -0.008491440181622234 0.029012349994304455 -0.037620950636641996 0.032903385375280113 -0.0450858258007533 0.037644037535317532 -0.015379601718848971 0.027681454944548808 0.045483259823588751
leaf_weight=20.129745518614072 16.337266354530584 6.2670419774949542 6.6794819706119588 1160.7993564187491 394.31034993054345 13.876908627222294 373.01691481843591 5.3760418568272135 446.80105829052627 8.5328189202118647 28.759757336229086 58.938454599585384 5.5134547352790824 59.898325696587563 70.58909628726542 65.51664298819378 69.252155255060643 5.9084421186707896 5.9404390007257488 21.849164692917839 5.8464742004871395 7.9210172211751324 36.689284858992323 7.2735638071317226 11.806091004516928 6.4629364594584322 16.366152969188988 77.989096649049316 7.702292072121053 7.1372569259256124
leaf_count=2337 1978 47 17 130960 796 351 679 316 814 40 55 258 6 92 191 185 203 58 71 216 23 142 154 106 66 305 49 2076 57 32
internal_value=-3.1448e-11 0.0339971 0.013801 -0.050906 0.0391099 -0.0164309 0.041335 0.0223547 0.0374624 -0.00412123 0.0250122 0.0194259 0.0487647 0.0330014 0.0301154 0.025893 0.0204035 0.0110176 0.00674667 -0.0151379 0.000882139 -0.0038992 0.0189414 -0.00908907 0.00669121 -0.00852343 0.0244056 -0.00723442 -0.0115091 0.0170913
internal_weight=3029.49 1816.41 366.942 1213.08 1449.47 52.2757 1279.54 169.93 841.111 147.832 164.554 135.795 438.429 65.4118 76.8561 219.109 153.593 84.3404 77.6609 27.7896 131.495 109.282 49.8713 13.182 32.1459 20.3398 22.2126 100.75 85.6914 15.0583
internal_count=142680 8661 5407 134019 3254 3059 2387 867 1610 4397 551 496 777 98 238 1010 825 622 605 287 2419 2347 318 164 722 656 72 2307 2133 174
is_linear=0
shrinkage=0.05


Tree=27
num_leaves=31
num_cat=0
split_feature=4 11 4 8 13 4 4 4 4 9 6 4 2 11 13 11 7 13 13 0 6 11 4 3 11 13 0 5 11 2
split_gain=1911.27 66.6123 28.7127 25.6524 22.798 17.9634 16.7393 10.9944 9.23301 8.78029 7.92248 8.48139 6.12971 6.09469 5.67505 6.03872 7.42761 5.31025 5.12999 5.11166 6.44875 11.1383 4.95748 5.2174 5.64926 10.4021 6.28359 5.88785 8.61238 5.05099
threshold=0.74166667461395275 0.013606071937829258 0.85164836049079906 0.75000000000000011 0.027209012769162658 0.81534090638160717 0.59411767125129711 0.77350428700447094 0.90454545617103588 0.69257113337516796 0.72305032610893261 0.81534090638160717 0.66325786709785473 0.016261236742138866 0.014389234129339458 0.013986697886139156 0.74122586846351635 0.028377328999340538 0.010471491608768703 0.66444262862205516 0.72305032610893261 0.014815627597272398 0.91987180709838878 0.29291357100009924 0.012579114176332952 0.010811126790940763 0.66009971499443065 0.69351604580879223 0.011173533275723459 0.7433968484401704
decision_type=2 2 2 2 2 2 2 2 2 2 2 2 2 2 2 2 2 2 2 2 2 2 2 2 2 2 2 2 2 2
left_child=3 2 7 6 5 9 -1 -2 14 -3 -6 13 -11 -12 15 -7 -17 18 -9 -16 -21 -22 23 24 25 -4 -27 -28 -29 -26
right_child=1 4 22 -5 10 8 -8 17 -10 12 11 -13 -14 -15 19 16 -18 -19 -20 20 21 -23 -24 -25 29 26 27 28 -30 -31
leaf_value=-0.053125709803999124 -0.043310675523195549 0.041964065168831305 0.060557577607128071 -0.052261219849281483 0.048279223685195299 0.025693456023084656 0.0064310956163650835 0.0445689853763198 0.042463806800631027 -0.056417145906897337 0.0053051846569174789 0.040889331565971493 0.0011793957504961463 0.051230110957639234 0.039507723626365912 0.021382374673570195 -0.033060799417142663 0.024136236360126625 -0.0057658726985520131 0.050481242085300665 0.022460708966634463 -0.049200654041464564 0.037259140396053929 0.048527449952443506 0.029959558942203271 -0.035870078250600589 0.053246655792794854 -0.053511684475510593 0.021165931284877933 -0.00010919756377979996
leaf_weight=18.815590341517236 15.453112491406499 12.527339712250976 6.424281569896265 1075.6966932148207 425.54095073277131 98.519455962814391 31.634177493397146 5.3304657917469731 184.53516302164644 5.1805068987887344 29.931940287351608 337.48670277837664 42.650943996617571 9.5226440560072643 128.7388512333855 14.893096191342922 10.813304258044807 21.292678234167397 100.49227673973655 15.339665524661539 42.41319377720356 6.2171871010214081 63.306122022680938 14.970065236091612 74.466347648296505 13.209806396160273 5.3764282898046103 6.2034840844571617 10.223809752846135 17.190579099347815
leaf_count=2337 1978 39 16 130960 876 225 722 12 369 110 156 614 384 21 261 40 32 72 2335 28 80 19 185 43 228 244 19 110 70 95
internal_value=-4.06138e-11 0.0331811 0.0138526 -0.050627 0.0381954 0.0304707 -0.015781 -0.00348753 0.0335725 0.00470074 0.0436035 0.0383249 -0.00505874 0.0163895 0.0283956 0.0200623 -0.00151895 0.00135367 -0.00323042 0.0337674 0.0222152 0.0132991 0.0255485 0.0205415 0.0173938 0.00207339 -0.00865729 0.0078296 -0.00703478 0.0243201
internal_weight=2844.4 1718.25 353.939 1126.15 1364.31 561.829 50.4498 142.569 501.47 60.3588 802.482 376.941 47.8315 39.4546 316.935 124.226 25.7064 127.115 105.823 192.709 63.97 48.6304 211.371 148.065 133.095 41.4378 35.0135 21.8037 16.4273 91.6569
internal_count=142680 8661 5407 134019 3254 1587 3059 4397 1054 533 1667 791 494 177 685 297 72 2419 2347 388 127 99 1010 825 782 459 443 199 180 323
is_linear=0
shrinkage=0.05


Tree=28
num_leaves=31
num_cat=0
split_feature=4 11 4 8 13 4 4 4 6 4 4 9 0 7 11 13 13 4 3 13 13 11 13 11 13 7 13 9 0 10
split_gain=1743.55 62.8439 26.3859 23.8227 20.6422 16.2334 14.8055 9.94171 7.97895 8.45516 7.85426 7.7921 5.38646 5.27426 5.0381 4.97641 4.862 4.87463 5.03592 5.59048 9.16206 5.55036 4.85026 4.70736 4.51454 4.66106 4.31567 4.2266 5.80038 4.72415
threshold=0.74166667461395275 0.013606071937829258 0.85164836049079906 0.75000000000000011 0.027209012769162658 0.81534090638160717 0.59411767125129711 0.77350428700447094 0.72305032610893261 0.81534090638160717 0.90454545617103588 0.69257113337516796 0.62123227119445812 0.7418610453605653 0.014389234129339458 0.028377328999340538 0.028876735828816894 0.91987180709838878 0.29291357100009924 0.010811126790940763 0.012579114176332952 0.011050061322748663 0.010929288342595102 0.016261236742138866 0.015038444194942715 0.75352591276168834 0.028988552279770378 0.74027270078659069 0.60015058517456066 0.99999997019767772
decision_type=2 2 2 2 2 2 2 2 2 2 2 2 2 2 2 2 2 2 2 2 2 2 2 2 2 2 2 2 2 2
left_child=3 2 7 6 5 11 -1 -2 -6 13 14 -3 -13 23 27 22 17 18 19 -4 -21 -22 -9 -10 -14 -26 -17 -7 29 -29
right_child=1 4 16 -5 8 10 -8 15 9 -11 -12 12 24 -15 -16 26 -18 -19 -20 20 21 -23 -24 -25 25 -27 -28 28 -30 -31
leaf_value=-0.052926433773180993 -0.042447179181649253 0.041193197471550008 0.058856400927352406 -0.052084166837750648 0.047683451320542303 0.030609513638868931 0.0044176576741029048 0.028847529862839984 0.016458782789204873 0.040041052335239691 0.04141473348618957 -0.0270175188695581 0.028231047730120331 -0.0058693246894232108 0.035894026857964507 0.054045276537715993 0.043284104109497706 0.034340755667686025 0.047902619369305059 -0.028132100519156988 -0.027077105213911656 0.019423999802475514 -0.0069197361616246886 0.067556235266787765 0.011513791298169807 -0.046375400131127065 0.0064425022271787993 -0.047851066838382944 0.021175915831103065 0.0078505511602621376
leaf_weight=17.621590893075336 14.597438485681776 11.753676556982098 6.2288734777830532 995.64484289441316 394.74702505161986 86.166168774478137 31.159683547215536 10.54896380426362 15.33093285514042 319.71718255896121 173.63166159857064 16.762741669779643 14.5775633295998 16.735635062912479 121.28998036496341 7.4379840362817076 30.350242000073195 52.427485351916403 11.292484749108551 13.625044843414797 6.9513707419391713 83.48187487362884 93.392734513967298 6.3843264002352944 8.9017177617643011 5.706138329813256 13.230584048666058 5.8008427266031513 74.275582193396986 11.071914367843419
leaf_count=2337 1978 39 16 130960 876 193 722 93 62 614 369 254 93 105 262 25 65 165 37 269 98 360 2254 10 70 77 47 25 174 31
internal_value=1.60689e-10 0.0323732 0.0133812 -0.0504127 0.0374595 0.0298995 -0.0162971 -0.0034074 0.0427805 0.0373769 0.0329585 0.00486452 -0.00442846 0.0152247 0.0280414 0.00116591 0.0248176 0.0215967 0.0161012 0.012845 0.0100908 0.0158496 -0.00328974 0.0314815 0.00854564 -0.011099 0.0235733 0.0226699 0.0151643 -0.0112996
internal_weight=2670.84 1626.42 343.565 1044.43 1282.85 529.938 48.7813 139.208 752.915 358.168 472.236 57.7018 45.9482 38.4509 298.604 124.61 204.357 174.007 121.58 110.287 104.058 90.4332 103.942 21.7153 29.1854 14.6079 20.6686 177.315 91.1483 16.8728
internal_count=142680 8661 5407 134019 3254 1587 3059 4397 1667 791 1054 533 494 177 685 2419 1010 945 780 743 727 458 2347 72 240 147 72 423 230 56
is_linear=0
shrinkage=0.05


Tree=29
num_leaves=31
num_cat=0
split_feature=4 11 4 8 13 4 4 4 4 4 7 6 6 0 0 7 9 11 8 13 8 13 13 13 5 13 5 5 13 3
split_gain=1581.06 57.6721 24.4725 24.4445 20.026 14.2525 13.6739 9.07197 8.89079 8.71358 8.2871 7.85988 5.74831 5.63029 4.92478 5.60079 4.68239 5.22568 6.07173 4.65968 5.51721 4.52303 5.41554 4.68534 4.52216 4.4913 5.06635 9.92953 4.32526 4.7034
threshold=0.74166667461395275 0.013606071937829258 0.85164836049079906 0.75000000000000011 0.027209012769162658 0.59411767125129711 0.89444443583488475 0.79285714030265819 0.81534090638160717 0.77350428700447094 0.68873479962348949 0.75662142038345348 0.73270660638809215 0.5410364866256715 0.48458747565746313 0.7276349961757661 0.75466594099998485 0.014389234129339458 1.0500000119209292 0.010811126790940763 1.2500000000000002 0.028377328999340538 0.028988552279770378 0.010695492848753931 0.64644062519073497 0.016261236742138866 0.69302314519882213 0.74733451008796703 0.02944979723542929 0.43571209907531744
decision_type=2 2 2 2 2 2 2 2 2 2 2 2 2 2 2 2 2 2 2 2 2 2 2 2 2 2 2 2 2 2
left_child=3 2 9 5 6 -1 7 10 11 -2 -3 -6 -10 -8 -4 -16 -9 18 -18 -17 25 23 -23 -11 -14 26 -21 -28 29 -7
right_child=1 4 14 -5 8 28 13 16 12 21 -12 -13 24 -15 15 19 17 -19 -20 20 -22 22 -24 -25 -26 -27 27 -29 -30 -31
leaf_value=-0.052750609720448573 -0.041005726945451092 0.025436078580120747 -0.023128155392611472 -0.051925803873724231 0.034487759225944284 -0.02588329391127597 0.0083756799992700543 0.029602474731019623 0.048231813606078366 0.034123436214838647 -0.035898823918526473 -0.0025767357315222921 0.010076562532741501 0.041556385602760156 0.036116755954359689 0.060389403692026992 -0.021128800035206861 0.028915592085804572 0.015725336088278665 0.029058950913557757 0.028172358546577292 0.055495253347919687 0.0026687825349723613 -0.0065122123847648899 0.039970469011047782 0.018231636508591827 -0.057834577083501273 0.012660753823395838 0.034082359964445717 0.021656257408082313
leaf_weight=16.342977236723527 13.793866522028109 9.970419911900537 5.3507480691187075 920.49387717753416 75.843774282839149 13.142000310122972 13.757435142993925 180.28442536527291 351.46369641739875 7.6733768079429856 12.30235661647748 17.627851635217667 13.327414788305758 180.86625089123845 75.601746795931831 6.3328250008635214 14.816486299037932 46.955765650607646 45.482837942428887 6.4487832589074996 52.031560613540933 7.6797840427607325 13.173733067698775 93.883571182901505 249.21027356106788 32.734249649569392 9.8018075395375508 10.18615087145008 9.042197931557892 8.6125009059905988
leaf_count=2337 1978 72 56 130960 227 613 32 437 804 40 302 107 24 406 328 16 65 145 128 33 201 25 47 2307 505 158 142 76 25 84
internal_value=1.37677e-10 0.0313623 0.0129895 -0.0501274 0.0364363 -0.01501 0.0288246 0.0222998 0.0418636 -0.00333195 -0.00844222 0.0274978 0.0440505 0.0392109 0.0241894 0.0255003 0.0246811 0.0164088 0.0066697 0.0186715 0.0162957 0.000913334 0.0221233 -0.00344189 0.0384529 0.0058521 -0.00947636 -0.0219091 0.00501793 -0.00706262
internal_weight=2514.23 1546.6 334.692 967.634 1211.91 47.1397 504.436 309.812 707.473 136.204 22.2728 93.4716 614.001 194.624 198.488 193.137 287.54 107.255 60.2993 117.535 111.203 122.41 20.8535 101.557 262.538 59.171 26.4367 19.988 30.7967 21.7545
internal_count=142680 8661 5407 134019 3254 3059 1587 1149 1667 4397 374 334 1333 438 1010 954 775 338 193 626 610 2419 72 2347 529 409 251 218 722 697
is_linear=0
shrinkage=0.05


Tree=30
num_leaves=31
num_cat=0
split_feature=4 11 8 4 4 12 4 4 3 4 1 13 13 9 2 12 4 13 13 6 8 3 0 9 13 2 2 2 2 9
split_gain=1437.56 51.5524 24.1712 22.2699 20.3667 19.5113 13.3575 8.26342 7.35354 9.59531 5.51511 4.96095 4.95956 4.78288 5.34867 4.69246 4.61333 4.91824 7.1063 6.21322 4.67421 6.11169 7.22365 4.55313 4.54198 4.48512 4.55472 4.37451 4.37523 4.28124
threshold=0.74166667461395275 0.013606071937829258 0.75000000000000011 0.85164836049079906 0.87867647409439098 0.016261236742138866 0.59411767125129711 0.77350428700447094 0.30834107100963598 0.81534090638160717 0.76772549748420726 0.03152930177748204 0.028377328999340538 0.69391968846321117 0.65112072229385387 0.0091326101683080214 0.92582416534423839 0.022604892961680893 0.010811126790940763 0.73631620407104503 1.1500000357627871 0.44864048063755041 0.57288861274719249 0.82743275165557872 0.010695492848753931 0.74501496553421032 0.7791002392768861 0.67807528376579296 0.73034402728080761 0.78647109866142284
decision_type=2 2 2 2 2 2 2 2 2 2 2 2 2 2 2 2 2 2 2 2 2 2 2 2 2 2 2 2 2 2
left_child=2 3 6 7 5 8 -1 -2 9 13 -7 23 24 -3 -15 -6 17 18 -5 20 21 22 -20 -11 -9 -19 -27 -14 -29 -18
right_child=1 4 -4 16 15 10 -8 12 -10 11 -12 -13 27 14 -16 -17 29 25 19 -21 -22 -23 -24 -25 -26 26 -28 28 -30 -31
leaf_value=-0.052579337964372024 -0.040812544093772843 0.036264825637054923 -0.051783293438672252 0.058091855107872931 0.035223378592125369 0.04846581333122469 0.0048739426657524862 0.034198895250737944 0.041968525380291374 0.025343074368548976 0.017030342545629674 0.053927007048683064 -0.015919875487949525 -0.046688223012935431 0.0060871197748933485 0.045536447645460783 0.04966217300890647 0.03578285221955211 -0.059785987912817452 -0.011087566311216235 0.038497349669486008 0.044486769690317118 0.009445699857345299 -0.019880505419753964 -0.0064015389995292762 -0.024261150997885273 0.032676572628045679 0.058123656612080146 0.00084698673317950407 0.014846612683782706
leaf_weight=15.205161681806201 12.988117035507456 12.158927757292984 850.87619885618915 7.3641425673849872 155.027654718142 130.52670176234096 30.22978420346044 7.4470396749675265 51.348032294772565 300.83031038194895 15.62251842021942 15.031194277107714 5.0680897645652321 5.1554184975102535 69.81727462366689 382.27114413492382 27.94539475813508 55.755208681337535 5.235306130955002 29.637904375558719 17.579085787991062 7.1183886751532546 13.441445953678338 5.6706166267395011 91.84266914438922 7.0333940270356816 7.0161564685404301 9.4824165310710651 5.1422368474304667 12.908946767915038
leaf_count=2337 1978 46 130960 20 371 347 722 40 121 748 31 30 23 94 583 858 72 162 91 352 82 21 82 25 2307 56 23 23 26 49
internal_value=-4.19323e-12 0.0304905 -0.0498859 0.0128519 0.0354731 0.0291906 -0.0143532 -0.00294389 0.0241343 0.0218934 0.0451055 0.0258818 0.00118985 0.0071757 0.00245808 0.0425608 0.023764 0.0197114 0.0112791 0.00655749 0.0186145 0.00506452 -0.00996073 0.0245064 -0.00335638 0.0294207 0.00417278 0.0241117 0.0379844 0.0386613
internal_weight=2362.78 1466.47 896.311 323.006 1143.46 606.161 45.4349 131.971 460.012 408.664 146.149 321.532 118.982 87.1316 74.9727 537.299 191.035 150.181 80.3763 73.0121 43.3742 25.7951 18.6768 306.501 99.2897 69.8048 14.0496 19.6927 14.6247 40.8543
internal_count=142680 8661 134019 5407 3254 2025 3059 4397 1647 1526 378 803 2419 723 677 1229 1010 889 648 628 276 194 173 773 2347 241 79 72 49 121
is_linear=0
shrinkage=0.05


Tree=31
num_leaves=31
num_cat=0
split_feature=4 11 8 4 4 12 4 4 9 1 12 6 0 9 3 11 1 7 8 0 5 8 13 9 0 5 0 12 0 4
split_gain=1303.64 47.1092 25.0074 21.3942 19.6905 18.1465 12.959 7.64065 6.27692 5.36499 8.10032 7.20302 5.25056 6.05667 5.19475 4.70956 7.9741 5.9971 4.76427 5.77843 11.8104 4.64683 4.6154 4.82165 6.88441 4.4555 4.40533 4.28264 4.13852 5.09673
threshold=0.74166667461395275 0.013606071937829258 0.75000000000000011 0.85164836049079906 0.87867647409439098 0.015749008394777778 0.59411767125129711 0.77350428700447094 0.75203993916511547 0.79714664816856395 0.016001024283468727 0.8121628761291505 0.59212139248847973 0.69157475233078014 0.49006333947181707 0.013072453904896976 0.68077978491783153 0.79203593730926525 1.3499999642372134 0.66369685530662548 0.69081705808639537 0.94999998807907116 0.010471491608768703 0.78106224536895763 0.70219564437866222 0.62976121902465831 0.58012717962265026 0.015038444194942715 0.49399004876613622 0.83974358439445507
decision_type=2 2 2 2 2 2 2 2 2 2 2 2 2 2 2 2 2 2 2 2 2 2 2 2 2 2 2 2 2 2
left_child=2 3 6 7 5 8 -1 -2 12 -7 -11 -12 13 -3 21 16 -5 18 19 20 -17 -10 -18 -24 -25 -15 -6 -8 -27 -30
right_child=1 4 -4 15 26 9 27 -9 14 10 11 -13 -14 25 -16 17 22 -19 -20 -21 -22 -23 23 24 -26 28 -28 -29 29 -31
leaf_value=-0.052430455095003992 -0.040796649131397709 0.033958562426227419 -0.051653454032126955 -0.042450943718125717 0.024908868369336049 0.042690316248521487 -0.0081043815908554834 0.00080706137298720707 -0.0081964250177533979 0.057703000066060342 -0.052214187462594201 0.022692253812301697 0.032743501256999333 -0.039596186766866937 0.047422760956149328 0.032453160221060276 0.062202092038196814 -0.0046952765973296293 0.052336140837787759 0.039462684222217465 -0.047100217848144561 0.015445083218724962 0.025505564522858279 -0.034587068282700049 0.017090717382665124 0.048312405982105316 0.043019732050994061 0.031626199843346033 -0.013220741455923821 0.026190695105408213
leaf_weight=14.098517070699016 12.187494479905579 29.246482089161873 785.93153708981117 5.6329070385545483 36.165790336206555 186.64365653740242 19.490046253427867 116.79008182487451 25.273400580510497 7.4477479849010733 5.3614400122314674 7.9953337414190173 139.61882618640084 5.0382685214281073 10.66707096621394 14.323566820472481 5.7601965367794028 10.409711342770605 28.155734345316887 35.779106549918652 6.9190321792848399 117.03064987808466 47.977674885420129 9.7342985512223112 19.070120293647051 6.0709454780444494 469.05246220063418 10.40302600734867 19.38638966740109 14.220707966946064
leaf_count=2337 1978 89 130960 96 99 532 639 2419 184 16 11 22 418 32 26 52 10 43 64 97 49 522 304 161 134 19 1130 83 120 34
internal_value=-1.69706e-10 0.0295729 -0.0496 0.0124856 0.0345245 0.0281883 -0.0129147 -0.0031242 0.0215003 0.0400058 0.0159218 -0.00737537 0.0270376 0.0162666 0.013769 0.0234417 0.0151076 0.0311295 0.0355077 0.0271984 0.00654144 0.0112463 0.0190355 0.0157972 -0.000373513 0.00469523 0.0417233 0.00572218 0.0103193 0.00345605
internal_weight=2221.88 1391.96 829.923 312.74 1079.22 574.001 43.9916 128.978 366.553 207.448 20.8045 13.3568 213.582 73.9628 152.971 183.762 88.1752 95.5872 85.1774 57.0217 21.2426 142.304 82.5423 76.7821 28.8044 44.7163 505.218 29.8931 39.678 33.6071
internal_count=142680 8661 134019 5407 3254 2025 3059 4397 1444 581 49 33 712 294 732 1010 705 305 262 198 101 706 609 599 295 205 1229 722 173 154
is_linear=0
shrinkage=0.05


Tree=32
num_leaves=31
num_cat=0
split_feature=4 13 4 8 11 4 3 8 4 13 11 4 2 9 11 1 12 11 6 9 6 9 11 12 4 4 11 9 2 11
split_gain=1186.49 45.2606 32.8981 24.5404 16.8523 11.9883 10.5624 10.0371 7.64532 7.4268 7.40735 7.33237 6.44171 6.35714 5.91401 5.4158 5.24534 5.23522 5.21574 5.98324 4.79321 4.84739 4.74184 6.82554 4.54227 4.22292 4.14003 3.94548 6.64547 3.8803
threshold=0.74166667461395275 0.028198256157338623 0.86190477013587963 0.75000000000000011 0.013245614245533945 0.59411767125129711 0.47780127823352819 0.94999998807907116 0.79285714030265819 0.010582306887954475 0.015038444194942715 0.81534090638160717 0.74942752718925487 0.72443827986717235 0.016261236742138866 0.74639204144477855 0.016261236742138866 0.013423423748463394 0.59095883369445812 0.69157475233078014 0.72780677676200878 0.72348308563232433 0.013423423748463394 0.015749008394777778 0.91987180709838878 0.77350428700447094 0.015268065501004459 0.70141586661338817 0.66714322566986095 0.013986697886139156
decision_type=2 2 2 2 2 2 2 2 2 2 2 2 2 2 2 2 2 2 2 2 2 2 2 2 2 2 2 2 2 2
left_child=3 2 4 5 6 -1 9 10 13 -2 27 14 16 -6 20 -15 22 -9 -10 -20 21 29 23 -13 -24 -11 -7 -4 -29 -3
right_child=1 11 7 -5 8 26 -8 17 18 25 -12 12 -14 15 -16 -17 -18 -19 19 -21 -22 -23 24 -25 -26 -27 -28 28 -30 -31
leaf_value=-0.052286506066450661 0.040239457798400387 0.043826948651934636 0.039091096667850406 -0.051535133961518188 0.019615091017756547 -0.0094250220899043391 0.040910214213630849 0.024090934708961217 -0.028074802238209396 -0.052212007102367335 0.051257588683347288 0.043340911666222476 0.027796901487118802 -0.068081291758995827 0.049912594219583488 -0.0073106021305964237 0.049190082143089044 0.038925691578851236 0.04096208390198957 0.016702116900583788 0.00099932079797098805 0.045470051287795195 0.036510888069794356 -0.026317232790815895 0.054977396058309619 -0.015225111182589457 0.029154037323078696 -0.039748478387121165 0.010458653333205279 -0.0069432513595727363
leaf_weight=13.190829845785627 5.5789742036722592 5.5646731478627798 9.4019535016268474 726.0852598741767 10.913477710448207 18.609374258317988 9.2957880129688402 82.3068010751158 5.8130635768175116 8.7454582944337727 12.10754065774381 7.3824099376797658 76.487692296504974 5.8672516127116969 18.512339035281911 9.7727156147884653 211.32211546972394 214.36689016222954 29.278435135260224 192.62453458365053 25.432399168144912 20.552769017638639 171.22287378367037 6.715833755210042 41.339791025966406 65.632270365575096 11.103204621933399 7.5113395890220991 53.775460456497967 11.626883082091807
leaf_count=2337 31 26 37 130960 131 656 111 455 34 1746 27 20 170 200 50 256 613 580 78 713 166 84 438 34 105 2163 66 61 290 42
internal_value=-4.03531e-12 0.0287763 0.0203663 -0.0493639 0.00915641 -0.0126189 -0.00953574 0.0305142 0.0157176 -0.0154006 0.0151213 0.0389755 0.0411851 -0.00967203 0.0250597 -0.0301084 0.0435232 0.0348101 0.0186783 0.019903 0.0177772 0.0290822 0.0382398 0.0101586 0.0401023 -0.0195741 0.00499147 0.00893193 0.00430524 0.00949037
internal_weight=2088.14 1319.15 722.992 768.989 343.522 42.9034 89.2525 379.47 254.269 79.9567 82.7963 596.16 514.471 26.5534 81.6891 15.64 437.983 296.674 227.716 221.903 63.1767 37.7443 226.661 14.0982 212.563 74.3777 29.7126 70.6888 61.2868 17.1916
internal_count=142680 8661 6913 134019 5463 3059 4051 1450 1412 3940 415 1748 1380 587 368 456 1210 1035 825 791 318 152 597 54 543 3909 722 388 351 68
is_linear=0
shrinkage=0.05


Tree=33
num_leaves=31
num_cat=0
split_feature=4 13 4 8 8 4 4 11 4 9 5 0 6 13 9 2 1 6 11 8 0 12 13 9 2 13 6 4 2 2
split_gain=1079 47.1877 28.5246 23.6697 14.3773 13.7865 11.0099 10.2851 7.21856 6.18672 7.23926 6.0644 6.01328 5.37814 6.32923 5.3722 5.15442 5.7694 5.55539 4.92573 5.13012 4.70699 7.6377 4.42251 6.03894 4.39476 4.32691 4.01578 5.0123 6.66619
threshold=0.74166667461395275 0.028618008829653267 0.81534090638160717 0.75000000000000011 1.1500000357627871 0.89444443583488475 0.59411767125129711 0.013793759513646366 0.83974358439445507 0.81669369339942943 0.74733451008796703 0.5654306709766389 0.7586631476879121 0.010929288342595102 0.79198560118675243 0.64290529489517223 0.77858489751815807 0.78220185637474071 0.016001024283468727 0.94999998807907116 0.74544769525527965 0.016001024283468727 0.028876735828816894 0.69257113337516796 0.72228452563285839 0.023025454953312877 0.79948392510414135 0.88562092185020458 0.74774312973022472 0.75706934928894054
decision_type=2 2 2 2 2 2 2 2 2 2 2 2 2 2 2 2 2 2 2 2 2 2 2 2 2 2 2 2 2 2
left_child=3 2 4 6 23 7 -1 11 12 19 -11 15 21 -13 -15 -4 -10 -18 27 -7 25 22 -3 -2 -25 -21 -16 -19 -29 -30
right_child=1 8 5 -5 -6 9 -8 -9 16 10 -12 13 -14 14 26 -17 17 18 -20 20 -22 -23 -24 24 -26 -27 -28 28 29 -31
leaf_value=-0.052151020041077467 0.032023120603430995 0.067357394874353008 0.011202240369479005 -0.051426811134761746 -0.053286760262066579 -0.00072576793490200259 0.0041940243495293831 0.024251858179335839 0.046101242733446061 -0.037772556937888051 0.03009709695187528 0.053359152374863661 0.013417924704694981 0.014636438933180325 -0.038857956570906398 -0.040852714898636025 -0.0064503678093091824 5.1543796874162547e-05 0.069502479331827113 0.032114350885528019 -0.01126719187031611 0.043402803773557153 0.014801350397387265 -0.01493017570020585 0.012537028222617021 0.046748093021996201 0.0037692560550068991 0.07159862272095531 -0.013615760059684307 0.041516163941401535
leaf_weight=12.329455693019552 11.179804395069366 8.3276965403929335 8.6693730938714015 669.60914918515482 13.187506824833688 9.6133891455829126 29.209047626936808 210.34308237140067 297.01252803578973 6.6119115829933461 9.682875167578457 7.0628822421422219 38.494776132982224 87.881325991591439 10.262051151890775 11.572752990527077 9.068831689655779 9.4813868552446348 10.403727911412714 156.08794750715606 5.6567087974399319 80.087995760375634 40.688791516236961 41.071770453476347 39.025055676582269 76.426735057961196 14.177741186344063 7.973269283771514 7.5106361694633987 20.308560982346535
leaf_count=2337 81 23 109 130960 2117 39 722 604 886 52 40 33 174 794 228 194 18 29 17 578 37 273 149 983 645 242 243 15 15 43
internal_value=-3.62762e-10 0.0280128 0.0196672 -0.0491548 -0.0044863 0.0237763 -0.0125303 0.0172683 0.0393405 0.032401 0.00255773 0.00674769 0.0307623 0.0110385 0.00837729 -0.0185584 0.0433147 0.0305318 0.0365555 0.0343635 0.0357798 0.0359339 0.0237304 0.00256431 -0.00154751 0.0369244 -0.0141295 0.0289844 0.0366487 0.0266316
internal_weight=1959.02 1247.87 718.513 711.148 104.464 614.049 41.5385 349.969 529.358 264.08 16.2948 139.626 167.599 119.384 112.321 20.2421 361.759 64.7464 55.6776 247.785 238.171 129.104 49.0165 91.2766 80.0968 232.515 24.4398 45.2739 35.7925 27.8192
internal_count=142680 8661 7019 134019 3826 3193 3059 2205 1642 988 92 1601 619 1298 1265 303 1023 137 119 896 857 445 172 1709 1628 820 471 102 73 58
is_linear=0
shrinkage=0.05


Tree=34
num_leaves=31
num_cat=0
split_feature=4 13 4 8 11 4 4 13 3 4 6 12 1 5 11 9 0 11 11 4 3 0 0 9 11 3 12 9 0 13
split_gain=978.72 44.9504 25.307 24.2233 14.8231 10.5814 7.44541 7.00074 7.06857 8.50081 5.69993 5.36314 5.8967 7.9475 5.34701 5.31772 5.15942 4.47914 5.58221 4.31048 4.27201 4.34357 5.16105 5.13859 7.06766 4.26571 4.01368 3.94699 7.07376 4.35134
threshold=0.74166667461395275 0.027528078295290474 0.89444443583488475 0.75000000000000011 0.013793759513646366 0.59411767125129711 0.81534090638160717 0.010582306887954475 0.47780127823352819 0.77350428700447094 0.75662142038345348 0.016261236742138866 0.801141917705536 0.74239343404769909 0.013423423748463394 0.79994016885757457 0.66369685530662548 0.012422839645296337 0.01197647722437978 0.88562092185020458 0.35153299570083624 0.73234611749649059 0.67086848616600048 0.78180271387100231 0.012270400300621988 0.31973551213741308 0.015749008394777778 0.77631914615631115 0.6812453866004945 0.013423423748463394
decision_type=2 2 2 2 2 2 2 2 2 2 2 2 2 2 2 2 2 2 2 2 2 2 2 2 2 2 2 2 2 2
left_child=3 2 4 5 7 -1 10 -2 9 -9 25 14 -13 -14 26 -6 -17 18 -11 -16 21 22 23 24 -4 -3 -8 -19 29 -29
right_child=1 6 20 -5 15 -7 11 8 -10 17 -12 12 13 -15 19 16 -18 27 -20 -21 -22 -23 -24 -25 -26 -27 -28 28 -30 -31
leaf_value=-0.052030761266674656 0.047493928990234371 0.022243203535433746 -0.024783029391339955 -0.051327986507393147 0.021610443501196078 0.0047427490581748791 0.029148029674005878 -0.052582775379323599 0.03251532100357598 -0.0071658707230370811 -0.0032076738308822448 0.048212415930839449 -0.034001617830337019 0.052224392401085618 0.02971614673381073 -0.044208602375600481 0.011686745596850769 0.010539915848756458 -0.052918917526470648 0.042918586369940663 0.056279210996814266 -0.0050238150125436719 0.042913650555356314 0.0043433770481777741 0.032679631929741534 0.052709146702477831 -0.017064396263949622 -0.015490588633562483 0.01483357774250404 -0.072060186300407308
leaf_weight=11.456836705387103 7.4348722239956251 43.658272674772888 5.6184214451350263 617.67284523496346 203.20337773335632 28.933825233834796 11.411651864647867 8.8632350335974461 13.632064803066894 45.634327535226475 16.199448775616474 190.35475224256516 5.2300639748573285 5.4644913226366043 106.82535300776362 6.037718502571809 13.055711687658912 69.713314606226049 7.8071583036798975 146.7597444653511 16.030458118766546 8.7300519994460029 62.849796769907698 23.498264697147533 112.47431444004178 15.593165888218207 7.9871357106603673 9.7629560790373962 13.382692148908971 5.21526074130088
leaf_count=2337 34 230 66 130960 875 722 43 1880 135 1572 147 648 9 11 321 84 73 548 312 402 49 61 230 137 371 46 46 167 108 56
internal_value=-1.85528e-10 0.0272006 0.0181173 -0.0488749 0.0105844 -0.0113611 0.0376636 -1.98859e-05 -0.00204998 -0.004988 0.0230751 0.0399856 0.0461828 0.0100564 0.0354215 0.0192399 -0.00598846 -0.00220384 -0.0138498 0.0373569 0.0313867 0.0295148 0.0309897 0.0256968 0.0299458 0.0302609 0.0101208 0.00414216 -0.011584 -0.0351875
internal_weight=1840.49 1182.43 632.944 658.064 403.743 40.3907 549.484 181.446 174.011 160.379 75.4509 474.033 201.049 10.6946 272.984 222.297 19.0934 151.516 53.4415 253.585 229.201 213.171 204.441 141.591 118.093 59.2514 19.3988 98.0742 28.3609 14.9782
internal_count=142680 8661 6758 134019 5844 3059 1903 4812 4778 4643 423 1480 668 20 812 1032 157 2763 1884 723 914 865 804 574 437 276 89 879 331 223
is_linear=0
shrinkage=0.05


Tree=35
num_leaves=31
num_cat=0
split_feature=4 13 4 8 11 4 12 4 8 11 3 9 0 6 3 8 0 13 12 0 13 4 5 1 11 2 2 12 7 5
split_gain=890.19 43.1301 24.4283 23.2376 11.8914 9.64459 7.95243 7.27138 7.22584 6.43384 6.26868 6.06937 4.70091 4.31686 4.30285 5.98054 4.14564 5.44747 4.72768 4.07488 5.03648 4.07281 4.10186 5.10598 4.61465 4.3983 3.87534 3.81589 4.71827 6.83135
threshold=0.74166667461395275 0.027528078295290474 0.86190477013587963 0.75000000000000011 0.013072453904896976 0.59411767125129711 0.016261236742138866 0.88562092185020458 0.94999998807907116 0.015038444194942715 0.47780127823352819 0.79355257749557506 0.66369685530662548 0.7586631476879121 0.30834107100963598 0.94999998807907116 0.73079112172126781 0.023025454953312877 0.012422839645296337 0.74544769525527965 0.029046037234365944 0.77350428700447094 0.676313877105713 0.69754892587661754 0.012579114176332952 0.71355423331260692 0.76454776525497448 0.014185110572725536 0.77826562523841869 0.73639518022537243
decision_type=2 2 2 2 2 2 2 2 2 2 2 2 2 2 2 2 2 2 2 2 2 2 2 2 2 2 2 2 2 2
left_child=3 2 4 5 10 -1 7 13 9 -4 21 14 -13 -3 15 -6 17 -10 -18 20 -15 -2 -23 -24 25 -25 -27 -9 -29 -30
right_child=1 6 8 -5 11 -7 -8 27 16 -11 -12 12 -14 19 -16 -17 18 -19 -20 -21 -22 22 23 24 -26 26 -28 28 29 -31
leaf_value=-0.051916336315513734 -0.051827704643945816 0.029734436253118203 0.0072547702511499661 -0.051238870662718643 -0.0099587508573914449 0.0038242655239486955 0.04449931668245613 0.058583064740676961 0.028150757936316148 0.050178714278792627 0.035196079956040842 -0.03901894552746573 0.0053897947520327484 0.017514355173866576 0.037681709420823974 0.017043254645536594 0.028593487910469374 0.045599344654237352 -0.031738076555427326 0.020787241638883736 -0.044918971333425137 -0.040179703930447293 0.027370893581277984 -0.045955857072874903 -0.053162035870466098 0.01485261150128271 -0.025631264669695588 0.041655099010598336 -0.03225475182601778 0.030376274161502789
leaf_weight=10.674397592665626 6.8108748337690477 109.29662552080117 62.57627824973315 569.69162881353259 23.770857294322923 28.426602209219709 211.9553616582416 22.926557064056396 167.74871528474614 10.145290572196243 6.8032217933214261 8.9785554957343283 17.720301754190587 6.7643338665366155 20.272959808120504 149.31995596940396 8.0600692620500904 60.996957920026034 5.4378428291529408 33.082819746341556 6.1827223128639162 10.009226859314365 9.7324675526469928 5.6584304939024141 6.0714280597749157 19.233229775796648 8.5343750122119655 95.830393711104989 5.390069171786311 22.645743623375893
leaf_count=2337 1680 436 380 130960 242 722 777 66 694 25 105 170 146 52 74 856 33 210 44 146 49 467 184 279 194 576 399 296 15 66
internal_value=-2.50882e-10 0.0264144 0.0173992 -0.0486797 0.00700559 -0.0113927 0.0370747 0.0318659 0.0270652 0.013243 -0.0105035 0.0128021 -0.00954442 0.0243251 0.0158876 0.013335 0.0312147 0.0328036 0.00428798 0.0114806 -0.0123 -0.0152107 -0.0110007 -0.00506814 -0.0130614 -0.00577757 0.00240989 0.0398451 0.0363769 0.018335
internal_weight=1730.75 1121.96 607.881 608.793 292.916 39.101 514.075 302.119 314.965 72.7216 72.8533 220.063 26.6989 155.327 193.364 173.091 242.244 228.746 13.4979 46.0299 12.9471 66.05 59.2392 49.2299 39.4975 33.426 27.7676 146.793 123.866 28.0358
internal_count=142680 8661 6758 134019 5372 3059 1903 1126 1386 405 3884 1488 316 683 1172 1098 981 904 77 247 101 3779 2099 1632 1448 1254 975 443 377 81
is_linear=0
shrinkage=0.05


Tree=36
num_leaves=31
num_cat=0
split_feature=4 13 4 8 11 4 11 4 3 9 6 2 9 2 5 11 8 4 0 1 12 13 13 5 6 5 11 3 8 7
split_gain=804.916 41.4832 23.7996 23.7347 9.94974 9.28947 8.65254 7.10347 6.54106 5.66674 5.6383 4.47197 4.6277 8.3489 4.45262 4.27981 5.47533 4.24394 4.16662 3.82514 3.70656 7.36101 3.86348 4.70447 5.91102 4.63935 3.59698 3.56956 5.96635 3.55293
threshold=0.74166667461395275 0.028198256157338623 0.86190477013587963 0.75000000000000011 0.013245614245533945 0.59411767125129711 0.013793759513646366 0.83974358439445507 0.47780127823352819 0.79355257749557506 0.75662142038345348 0.62587791681289684 0.77631914615631115 0.76803660392761242 0.71906068921089183 0.016001024283468727 0.84999999403953563 0.77350428700447094 0.66369685530662548 0.77858489751815807 0.016001024283468727 0.028876735828816894 0.030292681418359283 0.69709193706512462 0.68435016274452221 0.71328946948051464 0.015268065501004459 0.30834107100963598 0.94999998807907116 0.68384826183319103
decision_type=2 2 2 2 2 2 2 2 2 2 2 2 2 2 2 2 2 2 2 2 2 2 2 2 2 2 2 2 2 2
left_child=3 2 4 5 8 -1 11 10 17 27 20 -4 -13 14 -14 16 -8 -2 -11 -9 21 -3 25 24 -24 -23 29 28 -6 -7
right_child=1 7 6 -5 9 26 15 19 -10 18 -12 12 13 -15 -16 -17 -18 -19 -20 -21 -22 22 23 -25 -26 -27 -28 -29 -30 -31
leaf_value=-0.051816279289542772 -0.05176248887365173 0.058751630567729377 -0.020797556795622087 -0.051156406233362851 -0.010482971131825421 0.0055054772401102693 0.0031197277929739965 0.043908310927632963 0.033756859244554287 -0.038392395092001812 0.011371047680708575 0.026950570650526424 -0.048204107166486557 0.025107050847803149 -0.00040789575702132532 0.064899637083314338 0.035116725680069176 -0.0097581741592506089 0.0045668063432410004 0.029586174944374245 0.041449767543133786 0.012187933292103371 0.043830304856452645 0.05852512116121944 -0.027971013846707582 -0.044514762331644829 0.027392131263853054 0.03599006763106323 0.016537807848178453 -0.042790922995825653
leaf_weight=10.005204037996007 6.6620166854117988 10.958596165291963 7.1632437687367192 524.92182498209877 23.66422887519002 12.275291345780721 14.74869668856263 249.64632893353701 8.0665829329518584 8.6151290922425705 38.23134082951583 87.453367209527642 6.624499719473536 33.526736160973087 18.42609178298153 10.632353991270064 143.02800237573683 61.766901851427974 16.368060688721016 57.325007909908891 64.048590064514428 11.522274740040304 5.6450541722588259 7.3916067369282237 5.8233284493908286 5.251475701108574 10.52966696443036 18.430599835701287 149.44417547486955 5.5205680190119883
leaf_count=2337 1754 47 60 130960 229 351 52 928 111 154 205 404 71 201 158 25 479 2186 137 149 273 56 23 21 22 24 66 72 820 305
internal_value=-1.28892e-11 0.0254579 0.0169812 -0.0483829 0.00667348 -0.0104003 0.0263728 0.0368871 -0.00882761 0.0121499 0.0279244 0.0177739 0.0196659 0.00879032 -0.0130474 0.0341949 0.0321257 -0.0138476 -0.0102471 0.0412337 0.0336443 0.0229144 0.0118932 0.0274197 0.00737158 -0.00556438 0.00422874 0.0150712 0.012844 -0.00947686
internal_weight=1633.72 1070.46 614.621 563.253 293.018 38.3307 321.603 455.844 76.4955 216.522 148.872 153.194 146.031 58.5773 25.0506 168.409 157.777 68.4289 24.9832 306.971 110.641 46.5923 35.6337 18.86 11.4684 16.7738 28.3255 191.539 173.108 17.7959
internal_count=142680 8661 6913 134019 5463 3059 1450 1748 4051 1412 671 894 834 430 229 556 531 3940 291 1077 466 193 146 66 45 80 722 1121 1049 656
is_linear=0
shrinkage=0.05


Tree=37
num_leaves=31
num_cat=0
split_feature=4 13 4 8 11 4 11 4 13 3 4 12 11 8 11 7 13 13 5 4 1 9 1 6 3 8 7 4 11 8
split_gain=732.883 36.7649 23.3276 22.6168 9.38578 8.48016 7.6944 6.86024 6.02124 5.88503 4.94466 4.83184 4.74685 4.14172 8.0764 4.07729 5.02173 5.83317 6.20446 4.16651 4.07018 3.98586 3.94878 3.93029 3.77023 4.62056 3.52754 3.49177 3.414 4.2221
threshold=0.74166667461395275 0.028377328999340538 0.86190477013587963 0.75000000000000011 0.013245614245533945 0.59411767125129711 0.013793759513646366 0.81534090638160717 0.010582306887954475 0.47780127823352819 0.79285714030265819 0.016261236742138866 0.016261236742138866 0.94999998807907116 0.013423423748463394 0.77918288111686718 0.031408416107296951 0.029643408022820953 0.7688315510749818 0.93095237016677868 0.76680910587310802 0.72443827986717235 0.801141917705536 0.72780677676200878 0.30834107100963598 0.94999998807907116 0.78831565380096447 0.90454545617103588 0.016001024283468727 0.84999999403953563
decision_type=2 2 2 2 2 2 2 2 2 2 2 2 2 2 2 2 2 2 2 2 2 2 2 2 2 2 2 2 2 2
left_child=3 2 4 5 8 -1 13 12 -2 26 21 15 23 14 -4 19 17 27 20 -9 -19 -6 -13 -3 25 -12 -10 -17 29 -8
right_child=1 7 6 -5 10 -7 28 11 9 -11 24 22 -14 -15 -16 16 -18 18 -20 -21 -22 -23 -24 -25 -26 -27 -28 -29 -30 -31
leaf_value=-0.051709113421457786 0.042732926174966802 0.025785131862405289 0.012853425344249226 -0.051083264969248914 0.015205207765876595 0.0031611741504987052 0.0061975095113831636 0.03492267784721758 -0.013652370859551802 0.029181949578112616 -0.025376205761058368 0.047108704451032934 0.046387437659460698 0.022918687323316596 -0.054952351686506397 0.0053852349694366742 0.059044206422735779 0.01190731297585817 0.038928779658461428 0.066791499015668956 -0.042866820357243492 -0.028066954836478426 0.013458538389674094 -0.0029930346077318946 0.0378906546815918 0.014140283116641717 -0.053931633285377173 0.055913981783862643 0.062346831150930961 0.034677613351166578
leaf_weight=9.4186281234724429 5.306518302531912 27.348527910420671 33.057302888017148 484.17043181010376 8.9545588429318759 27.900810299208388 14.386342916637657 145.41347538121045 57.103049036988523 7.564991775667294 7.7463346677832297 150.85019011609256 13.976945948787032 112.33470812230371 5.0644164737313977 5.6064453348517409 6.727736458182334 5.3665882945060757 5.670272007584571 11.034315302968023 9.2158102095127088 13.116974826029034 9.2529982626438123 20.95466857473366 15.788398010656236 164.20960487821139 6.007463123445631 8.7634053081274015 9.8468490093946439 136.34373028203845
leaf_count=2337 32 149 275 130960 131 722 53 510 3068 111 67 646 49 597 32 28 20 21 16 32 27 459 20 156 57 709 858 28 25 485
internal_value=-4.44071e-10 0.0247114 0.0167349 -0.0481924 0.00642263 -0.0106869 0.0262104 0.0360414 -0.00863441 -0.0124912 0.0118753 0.0387066 0.0207261 0.018086 0.00384552 0.0334798 0.0195164 0.0118355 -0.00545183 0.0371704 -0.0227089 -0.0105112 0.0451639 0.0133007 0.0145071 0.0123601 -0.0174865 0.0362 0.0338228 0.0319593
internal_weight=1538.5 1017.01 596.831 521.49 285.798 37.3194 311.033 420.181 75.982 70.6755 209.816 357.901 62.2801 150.456 38.1217 197.798 41.3503 34.6225 20.2527 156.448 14.5824 22.0715 160.103 48.3032 187.744 171.956 63.1105 14.3699 160.577 150.73
internal_count=142680 8661 6959 134019 5492 3059 1467 1702 4069 4037 1423 1348 354 904 307 682 140 120 64 542 48 590 666 305 833 776 3926 56 563 538
is_linear=0
shrinkage=0.05


Tree=38
num_leaves=31
num_cat=0
split_feature=4 13 8 4 11 4 4 8 9 3 8 11 9 6 0 11 4 12 11 5 4 6 2 13 4 12 3 11 0 9
split_gain=666.992 36.8484 21.8274 21.2967 8.26074 7.81691 6.80934 5.9611 5.13487 4.4382 4.8318 4.41663 4.28413 4.14223 4.0352 3.92568 3.82035 3.74917 3.75501 5.25917 3.66933 3.45657 5.7751 3.4457 5.11493 3.3823 3.2929 6.56396 3.45565 3.27012
threshold=0.74166667461395275 0.028198256157338623 0.75000000000000011 0.87083333730697643 0.013606071937829258 0.59411767125129711 0.81534090638160717 0.94999998807907116 0.78180271387100231 0.30834107100963598 0.94999998807907116 0.015038444194942715 0.72443827986717235 0.75662142038345348 0.62580662965774547 0.015038444194942715 0.77350428700447094 0.016261236742138866 0.013423423748463394 0.71226024627685558 0.88562092185020458 0.71090948581695568 0.67619004845619213 0.014389234129339458 0.92582416534423839 0.01197647722437978 0.43571209907531744 0.013245614245533945 0.67232736945152294 0.71100768446922313
decision_type=2 2 2 2 2 2 2 2 2 2 2 2 2 2 2 2 2 2 2 2 2 2 2 2 2 2 2 2 2 2
left_child=2 3 5 4 16 -1 13 11 23 10 12 14 -6 15 29 -3 -2 18 19 -8 -20 -19 -23 24 -9 -16 27 -7 -28 -5
right_child=1 6 -4 7 9 26 17 8 -10 -11 -12 -13 -14 -15 25 -17 -18 21 20 -21 -22 22 -24 -25 -26 -27 28 -29 -30 -31
leaf_value=-0.051622072815470266 -0.038496464565905782 0.012052242138363423 -0.051015949134656069 0.019790155849495741 0.0085914829256303563 -0.056759221845750968 0.03327795773274423 0.018637370724413859 0.0186325593573811 0.037588579872923043 0.013129571485642018 0.045507252891338591 -0.037483099677016664 -0.0047236421324332971 0.031529555150173215 0.041219251193496509 -0.0025600793632883363 0.052636228027848592 0.02731000031224335 -0.029853936945485871 0.041813404547046927 0.0018895546962484227 0.04238937148793432 0.042505895787886515 0.04974759142161219 -0.0035637032276301336 0.045113216826280333 0.011483646704043074 -0.0080221355026032365 -0.017655192616064599
leaf_weight=8.8790726831648481 8.0463557095208653 22.437820235965773 446.39253901057236 8.3745647817850131 10.823643996845933 5.5269643135834512 8.4685609722509962 49.530623776838183 70.54328895569779 15.971878216601906 149.21121840213891 8.8682162053883058 9.4502684930339438 13.187812669901176 20.882860525511209 23.744872849900275 91.447863576991949 67.81075805798173 75.479091295972466 5.4038212560117236 103.28686682879925 10.069611594080923 69.936416758224368 74.972831297665834 18.018551092594862 10.229261231608687 6.8717151433229429 9.7213620310649258 5.5160998320207 19.193123366916552
leaf_count=2337 1940 150 130960 48 68 459 29 251 366 69 790 27 155 119 122 99 2501 361 287 35 361 32 275 300 58 60 29 173 61 158
internal_value=-1.00096e-10 0.0239984 -0.0479756 0.015785 0.00615662 -0.0108084 0.0356164 0.0255622 0.0296655 0.0123921 0.0100177 0.0126194 -0.0128852 0.019991 0.00764912 0.0270485 -0.00546635 0.0383413 0.0337451 0.00868568 0.0356897 0.0443312 0.037292 0.0351264 0.0269359 0.0199913 0.0023044 -0.0132519 0.0214529 -0.00627997
internal_weight=1448.3 965.39 482.908 565.565 284.951 36.5152 399.826 280.613 213.065 185.457 169.485 67.548 20.2739 59.3705 58.6798 46.1827 99.4942 340.455 192.638 13.8724 178.766 147.817 80.006 142.522 67.5492 31.1121 27.6361 15.2483 12.3878 27.5677
internal_count=142680 8661 134019 6913 5523 3059 1748 1390 975 1082 1013 415 223 368 388 249 4441 1380 712 64 648 668 307 609 309 182 722 632 90 206
is_linear=0
shrinkage=0.05


Tree=39
num_leaves=31
num_cat=0
split_feature=4 13 8 4 8 11 13 4 9 0 12 0 4 11 6 4 4 9 7 2 12 13 13 11 3 4 0 7 3 11
split_gain=604.954 33.0319 21.3596 19.0947 11.4108 7.91058 7.80764 7.42201 6.01991 7.17146 8.49358 5.84453 5.79533 4.6432 4.61041 4.55977 3.6506 3.4841 5.52365 4.54976 3.41321 5.06996 5.29703 3.41173 3.36808 4.54794 3.25586 3.3937 3.2279 5.89975
threshold=0.74166667461395275 0.028198256157338623 0.75000000000000011 0.82843136787414562 1.1500000357627871 0.013793759513646366 0.010471491608768703 0.59411767125129711 0.77476269006729137 0.70219564437866222 0.012422839645296337 0.56374377012252819 0.83974358439445507 0.013423423748463394 0.75662142038345348 0.87867647409439098 0.93095237016677868 0.68391183018684398 0.70799496769905101 0.69825604557991039 0.016261236742138866 0.028876735828816894 0.029718141071498397 0.0091326101683080214 0.47780127823352819 0.91287881135940563 0.58966997265815746 0.70541280508041393 0.43571209907531744 0.013245614245533945
decision_type=2 2 2 2 2 2 2 2 2 2 2 2 2 2 2 2 2 2 2 2 2 2 2 2 2 2 2 2 2 2
left_child=2 3 7 4 23 6 -5 -1 11 16 -11 17 14 -14 20 -7 -10 -8 -19 -20 21 -3 -23 -2 25 -13 27 -25 29 -9
right_child=1 12 -4 5 -6 15 8 28 9 10 -12 24 13 -15 -16 -17 -18 18 19 -21 -22 22 -24 26 -26 -27 -28 -29 -30 -31
leaf_value=-0.051526423268540102 -0.033493833169476288 0.05598696753073748 -0.050955353450544097 0.068342532126501085 -0.052890197628937097 0.019393554257387022 0.033177296781632185 -0.056330085028917065 -0.025805449191230814 0.035412380454796923 -0.01564248902604674 0.013244088223494752 0.014833097533212209 0.040753545320554911 0.0099049310196443318 0.03381793892984377 0.017406835272784919 -0.051752835235599814 0.029260715139826018 -0.028766404524928152 0.042631343955335715 -0.015342753334695034 0.025796937081852041 0.005260030339562659 0.052736598334397811 0.039315826147612282 0.010390622910026431 -0.02558208468417766 0.02183549120452153 0.010137517040196619
leaf_weight=8.3067373652011138 6.0745191795285782 9.5269868359900993 411.5472809743369 6.1913403123617163 9.8212975459755381 102.66891513951123 5.2509103072807219 5.1366726963315186 26.123641966842115 20.583304671570659 13.48195624235086 57.483376951189712 18.651345640420914 234.49637737683952 33.79405968519859 117.48099200520664 6.0124201718717805 6.2119247093796757 8.070808220189063 5.8097239581402382 39.314439261332154 10.410081247100605 31.501224572304636 21.608504465664737 9.2111085616052133 23.59172486141324 83.216832359088585 15.188368019531479 11.996848270297049 9.5369186941534263
leaf_count=2337 464 50 130960 13 2108 396 33 459 440 149 153 470 75 1002 205 459 38 96 57 53 209 64 143 362 33 90 1154 345 90 173
internal_value=-1.75278e-10 0.0231393 -0.0477673 0.0152532 -0.000979499 0.0206582 0.0131263 -0.0102561 0.0112462 -0.000777366 0.0152065 0.01813 0.0344995 0.0388438 0.0256695 0.027091 -0.0177207 -0.00308724 -0.0125645 0.00497335 0.0315399 0.0230626 0.0155785 0.00306394 0.0240857 0.0208306 0.00491432 -0.00747044 0.00259795 -0.0131303
internal_weight=1368.3 921.776 446.524 544.082 135.91 408.172 188.022 34.9772 181.831 66.2013 34.0653 115.63 377.695 253.148 124.547 220.15 32.1361 25.3434 20.0925 13.8805 90.7527 51.4383 41.9113 126.088 90.2862 81.0751 120.014 36.7969 26.6704 14.6736
internal_count=142680 8661 134019 6913 4433 2480 1625 3059 1612 780 302 832 1748 1077 671 855 478 239 206 110 466 257 207 2325 593 560 1861 707 722 632
is_linear=0
shrinkage=0.05


Tree=40
num_leaves=31
num_cat=0
split_feature=4 13 4 8 8 4 11 4 9 13 6 13 0 7 11 0 12 3 13 5 11 3 0 1 13 12 12 5 2 7
split_gain=548.857 32.8568 23.0718 13.5751 12.764 9.0723 8.77195 6.26989 5.33979 5.04054 5.6478 5.06681 4.63662 4.979 4.21083 4.15827 4.09556 4.66727 3.96157 3.86374 4.99079 3.8169 3.65534 3.50048 3.45386 3.45197 6.15211 3.56924 4.99606 5.79459
threshold=0.71008405089378368 0.028303807601332668 0.81534090638160717 1.0500000119209292 0.65000000596046459 0.90454545617103588 0.014389234129339458 0.83974358439445507 0.78180271387100231 0.022604892961680893 0.75662142038345348 0.019752090796828273 0.66444262862205516 0.75543987751007091 0.013423423748463394 0.73079112172126781 0.016261236742138866 0.43312263488769537 0.010929288342595102 0.72939503192901622 0.013245614245533945 0.4733238965272904 0.56851026415824901 0.76460373401641857 0.028876735828816894 0.012422839645296337 0.009569597430527212 0.74550324678421032 0.76906341314315807 0.77134332060813915
decision_type=2 2 2 2 2 2 2 2 2 2 2 2 2 2 2 2 2 2 2 2 2 2 2 2 2 2 2 2 2 2
left_child=4 2 3 21 -1 6 9 16 22 11 -11 18 -8 -14 -9 19 17 24 -4 -12 -21 -2 -7 -18 -3 26 27 28 29 -10
right_child=1 7 5 -5 -6 8 12 14 25 10 15 -13 13 -15 -16 -17 23 -19 -20 20 -22 -23 -24 -25 -26 -27 -28 -29 -30 -31
leaf_value=-0.0078939252417135827 -0.0038675595997764464 0.039627205823411948 0.041915831943390623 -0.051907862848638735 -0.050902216057209987 0.015890721044176142 0.035311945664589547 0.014269518858334641 0.0095936166151234376 0.030164482684699963 -0.024460200629087284 -0.041034335276783164 -0.023234095872468368 0.027607621631394498 0.040064140229600788 -0.033967131951472704 0.041232194948642616 0.05101280814831867 0.0029527087022531012 0.062794189241996937 0.00094837012461576262 0.033267229508923871 0.039735516856163361 0.0016222362426499843 0.0072897972643968748 -0.017485056558653535 0.05238015518658036 0.025194789489268871 0.033918010919026728 -0.061680917544655101
leaf_weight=18.074475575704128 71.279433863703161 9.7195820519700629 6.8658323183190069 15.168863305283592 378.83057958374775 19.970070621464401 56.333528563380241 17.052598678506911 5.8371740225702542 43.821801856276579 5.1278051626868608 6.2786369328969149 8.0099079161882418 12.074779417365788 219.16229522787035 6.5114942442160091 40.244697973597795 8.7776807157788408 130.95330099679995 5.5662902044132334 7.8799401167780161 7.6637147474102667 82.348356124479324 6.4751878067618227 54.881707096268656 6.8777198744937769 11.400892219506202 18.534849215764552 5.1964199300855389 5.5753701468929648
leaf_count=1115 1871 87 52 4298 130351 109 214 73 30 248 65 148 25 46 996 73 235 35 1422 20 29 74 379 41 369 51 50 104 28 42
internal_value=2.08659e-10 0.0216907 0.0139061 -0.00858668 -0.0489437 0.0186613 0.0134252 0.0334727 0.0283918 0.00821143 0.0193341 0.00289258 0.027958 0.0073316 0.038202 0.000414576 0.0241709 0.0168033 0.00489376 0.0124678 0.0265505 -0.000262555 0.0350816 0.0357424 0.0121551 0.0155789 0.0204646 0.010111 -0.0067218 -0.0252261
internal_weight=1292.49 895.59 539.276 94.112 396.905 445.164 289.423 356.314 155.741 213.005 68.9073 144.098 76.4182 20.0847 236.215 25.0855 120.099 73.379 137.819 18.574 13.4462 78.9431 102.318 46.7199 64.6013 53.4224 46.5447 35.1438 16.609 11.4125
internal_count=142680 11214 9378 6243 131466 3135 2342 1836 793 2057 435 1622 285 71 1069 187 767 491 1474 114 49 1945 488 276 456 305 254 204 100 72
is_linear=0
shrinkage=0.05


Tree=41
num_leaves=31
num_cat=0
split_feature=4 13 4 8 8 4 13 12 4 11 7 12 9 12 12 7 13 7 0 13 13 9 4 6 9 11 3 3 0 0
split_gain=499.908 28.8707 21.5768 12.8015 12.5664 9.01518 8.93792 6.32379 5.53153 5.04819 4.85252 4.58534 4.14082 4.19232 5.26697 4.09903 3.9094 3.85394 5.10994 3.82894 3.73462 3.66391 3.65216 3.64939 4.76968 3.62227 3.56683 3.39866 3.33694 3.03184
threshold=0.71008405089378368 0.028377328999340538 0.81534090638160717 0.65000000596046459 1.0500000119209292 0.90454545617103588 0.014389234129339458 0.016261236742138866 0.88562092185020458 0.011050061322748663 0.65834349393844616 0.015504807699471714 0.78180271387100231 0.012422839645296337 0.009569597430527212 0.70887896418571483 0.010929288342595102 0.73080605268478405 0.70397245883941661 0.028876735828816894 0.019752090796828273 0.73237967491149913 0.86190477013587963 0.71989569067955028 0.74975863099098217 0.014185110572725536 0.4733238965272904 0.43571209907531744 0.56851026415824901 0.65140709280967724
decision_type=2 2 2 2 2 2 2 2 2 2 2 2 2 2 2 2 2 2 2 2 2 2 2 2 2 2 2 2 2 2
left_child=3 2 4 27 26 6 16 8 19 -8 11 -10 28 14 -14 -12 -4 18 -17 -3 -11 -18 -22 -9 -25 -19 -2 -1 -7 -23
right_child=1 7 5 -5 -6 12 9 23 10 20 15 -13 13 -15 -16 17 21 25 -20 -21 22 29 -24 24 -26 -27 -28 -29 -30 -31
leaf_value=-0.032218881094873746 -0.0039893934594088963 0.04131741339775389 0.040667163581679516 -0.050848990296318175 -0.051848921729492327 0.015628767719977298 -0.015104796158495928 0.048576710652237065 0.037255320998300936 0.034392645078727364 0.061917921453816985 -0.028324771709156496 0.012517414087515596 -0.019367585199555906 0.052156533768341076 0.033470993786413696 0.012191043276138361 0.022634500529493434 -0.02589154836873683 0.014480798989574082 0.0083365643461352206 -0.012304550750742273 0.028356079536674968 -0.0063404077276163068 0.036860165796487959 0.051248005405896135 0.0328495758098774 0.011619949394961228 0.038795563805822796 0.0096289305231261474
leaf_weight=7.862862148089337 69.79373547405703 15.710155124776064 6.6320764874108127 349.85881509738465 14.10830924467882 19.356393693480641 8.9938632182311249 70.553348279092461 5.2330770511180145 50.817545583471656 16.557174980640411 5.4323711656033993 33.741864339215681 6.950563200749456 11.149211768992243 10.358627289533613 46.910964809241705 17.178873986005783 5.5769424550235263 86.319996673759306 49.784953539143316 51.900913532997947 42.001145233400166 7.1197545779868951 62.272196540259756 31.055917598307133 7.2535143848508588 10.100152272032572 78.914952269755304 22.623072940739803
leaf_count=926 1874 105 52 130351 4304 109 261 471 20 192 76 18 204 51 50 35 374 86 25 533 357 620 191 26 298 116 74 189 383 309
internal_value=-6.49989e-11 0.0209831 0.0136302 -0.0487354 -0.00846531 0.0183166 0.0130111 0.0324732 0.0266156 0.0212268 0.0355496 0.00385256 0.0282009 0.0167674 0.0223622 0.0397373 0.00328593 0.0340143 0.012696 0.018613 0.0235181 0.00124439 0.0174975 0.0405692 0.0324277 0.0410573 -0.000521236 -0.00756941 0.0342324 -0.00564625
internal_weight=1222.12 854.302 520.933 367.822 91.1556 429.778 279.665 333.368 193.423 151.598 91.393 10.6654 150.113 51.8416 44.8911 80.7275 128.067 64.1704 15.9356 102.03 142.604 121.435 91.7861 139.945 69.392 48.2348 77.0472 17.963 98.2713 74.524
internal_count=142680 11214 9405 131466 6252 3153 2356 1809 1014 1001 376 38 797 305 254 338 1355 262 60 638 740 1303 548 795 324 202 1948 1115 492 929
is_linear=0
shrinkage=0.05


Tree=42
num_leaves=31
num_cat=0
split_feature=4 4 12 11 8 13 13 3 4 6 2 8 6 11 11 0 4 0 0 0 9 8 11 0 13 6 5 7 0 0
split_gain=455.009 26.9456 18.8027 13.1125 12.9013 9.6855 5.68516 5.14108 5.54235 4.75188 5.46976 4.23683 3.48388 3.68473 3.42292 5.82457 3.39303 3.34511 3.16099 4.04792 3.08074 4.31708 4.13281 3.42985 3.12115 2.92214 3.89446 2.84511 4.12956 3.2658
threshold=0.71008405089378368 0.87867647409439098 0.015749008394777778 0.012422839645296337 0.65000000596046459 0.023025454953312877 0.010695492848753931 0.29291357100009924 0.79285714030265819 0.59095883369445812 0.62794312834739696 1.0500000119209292 0.81626817584037792 0.015038444194942715 0.013423423748463394 0.73234611749649059 0.85164836049079906 0.69074872136116039 0.64846229553222667 0.67009824514389049 0.71154022216796886 1.2500000000000002 0.014185110572725536 0.55719041824340831 0.011696306522935631 0.73004674911499035 0.73125681281089794 0.79468929767608654 0.65933576226234447 0.67457929253578197
decision_type=2 2 2 2 2 2 2 2 2 2 2 2 2 2 2 2 2 2 2 2 2 2 2 2 2 2 2 2 2 2
left_child=4 2 3 6 18 20 -2 8 11 -10 -11 -5 13 16 15 17 -4 -7 -1 -20 -3 22 23 -22 -25 -24 -27 28 -26 -30
right_child=1 5 12 7 -6 14 -8 -9 9 10 -12 -13 -14 -15 -16 -17 -18 -19 19 -21 21 -23 25 24 27 26 -28 -29 29 -31
leaf_value=-0.04046595437578742 0.028687049259554422 0.041458533993297325 0.018952772922148749 -0.0029944599711445741 -0.050800522440496154 0.0048829592755766935 -0.022662547225144318 0.031985160929725684 -0.03615780244441235 0.037548182253861077 0.0099174469798010284 -0.052647394743595304 -0.005905644190573189 0.043247472079872236 0.039950880582756691 -0.0089072991570473461 0.046242762948122185 0.050221665847305433 0.036167194613329005 -0.020480363467257616 -0.022888650911167381 0.030418549471959523 0.05523060633719195 0.045290288765394503 -0.0003501683888682606 -0.011990276660627186 0.042207149951898018 -0.021140600593693881 0.063016612112190354 0.012659477408119582
leaf_weight=5.0278850030154016 6.098717589818988 15.73730278527364 56.101795123409829 30.292493818094954 323.13340062143106 5.66536910878495 46.400770157633815 25.327508440124802 5.1646016892045727 19.64486172888428 202.95273721020203 5.0062829364469499 6.601653784280642 41.709263100638054 182.06060522794724 10.228823212906716 14.291393138468264 14.431560467928646 6.0017345830565301 6.6455343109555542 9.4796806997619552 45.432103845756501 7.6005497910082367 5.5373500506393603 25.929848858620971 6.3367110304534418 6.9499595910310745 8.2111103166826052 5.5915439259260875 7.5900085186585784
leaf_count=660 89 93 569 516 130351 33 4802 165 49 137 1290 1328 43 235 903 63 92 57 134 321 96 179 30 50 175 28 20 76 25 71
internal_value=-2.11174e-10 0.0202577 0.0122541 0.00628618 -0.0485253 0.0305675 -0.0166974 0.0104702 0.00839875 0.0112559 0.0123559 -0.0100365 0.0293923 0.031471 0.0373603 0.0218075 0.0244933 0.0374406 -0.00693036 0.00640161 0.0205764 0.0180222 0.0112552 0.00480576 0.00977237 0.0305039 0.0163592 0.00561631 0.0112337 0.0340207
internal_weight=1157.18 816.375 459.592 340.888 340.809 356.783 52.4995 288.388 263.061 227.762 222.598 35.2988 118.704 112.102 212.386 30.3258 70.3932 20.0969 17.6752 12.6473 144.396 128.659 83.2268 62.3395 52.8599 20.8872 13.2867 47.3225 39.1114 13.1816
internal_count=142680 11214 9315 8376 131466 1899 4891 3485 3320 1476 1427 1844 939 896 1056 153 661 90 1115 455 843 750 571 493 397 78 48 347 271 96
is_linear=0
shrinkage=0.05


Tree=43
num_leaves=31
num_cat=0
split_feature=4 4 12 8 11 13 3 4 13 8 6 1 2 11 4 13 7 3 2 11 6 4 13 0 7 6 6 12 4 8
split_gain=415.288 24.8921 17.209 12.9075 11.5542 9.77516 7.3978 6.87805 4.8023 4.41513 4.1931 4.73784 3.5057 3.14242 3.83588 3.44756 4.13494 2.96835 2.8957 2.9399 2.86485 2.80972 2.8007 3.34693 2.66839 5.82231 2.58285 2.45579 2.62506 2.45541
threshold=0.71008405089378368 0.87867647409439098 0.016261236742138866 0.65000000596046459 0.012422839645296337 0.023025454953312877 0.29291357100009924 0.79285714030265819 0.010695492848753931 1.0500000119209292 0.59095883369445812 0.66385203599929821 0.75237810611724865 0.014389234129339458 0.90454545617103588 0.012903762981295587 0.75543987751007091 0.43571209907531744 0.74774312973022472 0.015504807699471714 0.78220185637474071 0.81534090638160717 0.014389234129339458 0.67232736945152294 0.80986025929451 0.80444929003715526 0.7221667766571046 0.0093898782506585139 0.93095237016677868 1.2500000000000002
decision_type=2 2 2 2 2 2 2 2 2 2 2 2 2 2 2 2 2 2 2 2 2 2 2 2 2 2 2 2 2 2
left_child=3 2 4 17 8 13 7 9 -2 -6 -9 -12 21 14 15 -3 -17 -1 20 24 -7 -4 23 -13 25 -20 -15 28 -16 -30
right_child=1 5 12 -5 6 18 -8 10 -10 -11 11 22 -14 26 27 16 -18 -19 19 -21 -22 -23 -24 -25 -26 -27 -28 -29 29 -31
leaf_value=-0.029988983619389953 0.028325267666198851 0.027872369978635094 0.022382634935061985 -0.050754659025093733 -0.0042463940909888967 0.038300499470953084 0.034307030011319149 -0.031889551408633705 -0.019347202501061433 -0.053169170734130244 0.033172365341000536 -0.0022358234438374443 -0.0037937732173595794 0.053355515877324011 0.017552314558890111 0.0056138774861147307 -0.040595826731769723 0.011945258259152941 0.027224649486367748 0.05018485627693349 0.069203741614755301 0.045601865803324197 0.014052716874447688 0.031149984141832676 0.04212644601000147 -0.024078750930488543 0.021242754578611512 -0.0060083740340056858 0.018450155633941975 0.049983208993220452
leaf_weight=7.4396836386295062 5.94661063957028 8.405851677060129 18.776148484554142 299.21390808802971 33.026557837845758 151.23848217120394 31.072704896447249 5.4124616635963312 47.314679977745982 5.3601813605637281 25.131529953097925 60.458668728126213 5.3264160787221035 11.208738814108075 50.718662322033197 14.484572613611819 7.2713498501107088 9.7513911678688583 16.363838169723753 9.1964913383126241 7.8908075839281073 42.564972914755344 152.12926107598469 8.571202357998116 8.6689417511224729 8.3532506301999074 14.186872093938289 7.4100097250193349 10.387240812182428 15.218218497931955
leaf_count=926 89 88 148 130351 543 850 200 52 4961 1378 182 530 50 50 338 97 49 189 89 23 22 309 815 58 33 39 51 56 62 52
internal_value=3.10286e-10 0.0195541 0.011711 -0.048334 0.00754365 0.0296991 0.0111205 0.0086369 -0.0140246 -0.0110778 0.0116436 0.0126002 0.035116 0.0195119 0.0159657 0.000676988 -0.00983051 -0.00620239 0.0367339 0.025153 0.0398329 0.0384946 0.0102625 0.00190958 0.0182578 0.00988644 0.0354162 0.0214728 0.0241409 0.0371914
internal_weight=1098.5 782.095 441.091 316.405 374.424 341.003 321.163 290.09 53.2613 38.3867 251.703 246.291 66.6675 139.292 113.896 30.1618 21.7559 17.1911 201.712 42.5825 159.129 61.3411 221.159 69.0299 33.386 24.7171 25.3956 83.7341 76.3241 25.6055
internal_count=142680 11214 9315 131466 8808 1899 3758 3558 5050 1921 1637 1585 507 843 742 234 146 1115 1056 184 872 457 1403 588 161 128 101 508 452 114
is_linear=0
shrinkage=0.05


Tree=44
num_leaves=31
num_cat=0
split_feature=4 4 12 8 13 11 13 9 3 6 2 3 4 11 4 13 7 1 13 11 0 0 5 5 3 2 13 4 7 13
split_gain=377.469 23.9384 15.8396 13.0453 9.64594 9.33674 4.6515 4.28693 3.37113 4.06999 3.6829 3.29759 3.7063 3.03655 3.75023 3.72801 5.09564 2.95635 2.77554 2.73903 5.10563 4.35464 2.71975 2.83556 2.69598 2.64239 2.89042 2.58257 2.38903 2.50618
threshold=0.71008405089378368 0.87867647409439098 0.015749008394777778 0.65000000596046459 0.023025454953312877 0.012422839645296337 0.010695492848753931 0.80042317509651195 0.29291357100009924 0.59095883369445812 0.62794312834739696 1.0000000180025095e-35 0.81534090638160717 0.014389234129339458 0.90454545617103588 0.012903762981295587 0.75543987751007091 0.79546058177948009 0.030724193900823597 0.013423423748463394 0.73234611749649059 0.69074872136116039 0.68364748358726513 0.70908358693122875 0.43571209907531744 0.76803660392761242 0.03152930177748204 0.83974358439445507 0.67006924748420726 0.011428944766521456
decision_type=2 2 2 2 2 2 2 2 2 2 2 2 2 2 2 2 2 2 2 2 2 2 2 2 2 2 2 2 2 2
left_child=3 2 5 24 13 6 -2 8 9 -7 -11 12 22 14 15 -3 -17 -9 -12 20 21 -6 -4 -24 -1 26 -14 28 -8 -30
right_child=1 4 11 -5 19 7 27 17 -10 10 18 -13 25 -15 -16 16 -18 -19 -20 -21 -22 -23 23 -25 -26 -27 -28 -29 29 -31
leaf_value=-0.02869360733303733 0.027246663955220005 0.027989054364637046 -0.017268724138904033 -0.050713294147390446 -0.0011059591261844872 -0.03047228197423248 -0.00093454350360432981 -0.03374914763292898 0.029868788225236861 0.031107949339456899 0.0093958781835891958 0.04619187110197389 0.026037692689335784 0.034740165985766812 0.020821194484292479 0.0072261465491517494 -0.043392717067166853 0.0013099937389767994 -0.026225907460445248 0.038684567256283414 -0.0079526806505160075 0.050797049331817501 0.044992061307397038 0.0026506245803615889 0.01169844600362617 -0.0036952683416628935 0.051005505205936698 -0.0034782457169821599 -0.010020247476180707 -0.047312345842178888
leaf_weight=7.1842382249305983 5.7868253802589598 8.5975446058437246 7.8405934041948084 276.41825510589115 5.5883505945093992 6.2540540249319738 5.850002140330619 8.6621802046865941 21.872540154028684 19.592741212109104 187.85663577186642 19.487019169144332 41.282385594211519 24.11061985976994 79.942147086607292 13.855046761222185 7.7544504562392822 19.661325349821709 5.6322941755497586 162.57062504906207 9.5451685860753042 14.596590928733347 6.2829189014737521 10.667735473951323 9.7207069770665822 5.34897238574922 16.116878755390644 14.633314801845698 6.2657938058109748 16.034252026147442
leaf_count=926 89 88 103 130351 33 107 611 210 148 300 2300 117 301 101 508 97 49 381 39 903 63 57 70 211 189 25 112 327 746 3118
internal_value=-2.75121e-10 0.0187717 0.0109515 -0.0481057 0.0289524 0.00535333 -0.0148259 0.00898967 0.0111505 0.00928385 0.0104507 0.0275902 0.0234493 0.018668 0.01515 0.000141327 -0.0109382 -0.00941215 0.00835896 0.0361327 0.0221786 0.0364273 0.00708156 0.0183449 -0.00546731 0.0299161 0.0330483 -0.0205166 -0.0293737 -0.0368341
internal_weight=1045.01 751.689 425.128 293.323 326.561 318.102 48.5702 269.532 241.208 219.336 213.082 107.027 87.5395 134.26 110.149 30.207 21.6095 28.3235 193.489 192.301 29.7301 20.1849 24.7912 16.9507 16.9049 62.7482 57.3993 42.7834 28.15 22.3
internal_count=142680 11214 9315 131466 1899 8376 4891 3485 2894 2746 2639 939 822 843 742 234 146 591 2339 1056 153 90 384 281 1115 438 413 4802 4475 3864
is_linear=0
shrinkage=0.05


Tree=45
num_leaves=31
num_cat=0
split_feature=4 12 4 8 11 4 11 9 5 0 6 7 3 0 1 13 4 13 5 8 4 7 7 0 13 10 9 0 0 6
split_gain=344.204 22.316 17.8258 13.2625 7.51016 6.91363 6.64734 5.66636 8.69664 5.36718 4.40324 4.25451 4.14869 3.9873 4.72448 4.2682 3.84855 3.67925 5.60458 4.95712 3.57702 3.97212 4.42452 3.54498 3.79328 3.43984 3.30804 3.20681 4.36157 3.19468
threshold=0.71008405089378368 0.016001024283468727 0.87867647409439098 0.65000000596046459 0.013793759513646366 0.77350428700447094 0.016001024283468727 0.81828311085701 0.74968984723091137 0.58012717962265026 0.73004674911499035 0.6519739329814912 0.49609956145286566 0.63431081175804149 0.71104663610458385 0.013245614245533945 0.83974358439445507 0.012903762981295587 0.750319004058838 1.2500000000000002 0.81534090638160717 0.76777437329292308 0.75271159410476696 0.72787249088287365 0.027608533389866356 0.99999997019767772 0.74359071254730236 0.68996593356132518 0.68360561132431041 0.75797614455223095
decision_type=2 2 2 2 2 2 2 2 2 2 2 2 2 2 2 2 2 2 2 2 2 2 2 2 2 2 2 2 2 2
left_child=3 2 4 -1 5 -2 7 13 -9 -7 -3 -12 20 14 -4 -15 29 -16 19 -19 21 22 -6 27 -25 -26 -11 28 -17 -13
right_child=1 10 6 -5 12 9 -8 8 -10 26 11 16 -14 15 17 23 -18 18 -20 -21 -22 -23 -24 24 25 -27 -28 -29 -30 -31
leaf_value=-0.004618502408001982 -0.039456228720685674 0.042815856915245448 0.029727563152567582 -0.050674319926088798 -0.002981551739907445 -0.020115203190040374 0.061801088908350447 -0.049939930553451362 0.028307244119405817 0.02010717055170257 -0.015433456865948972 0.033076554919399703 0.042337016410967154 -0.0034926165037223907 0.029784699831938627 0.032228306879370824 0.037171299868490951 -0.027604922702538878 0.043185974865455799 0.017388887774516869 0.014364640854474503 -0.030711142571446068 0.03842475949677257 -0.023104189471435783 -3.2411938478508744e-05 0.046232399136209523 -0.00049123113807852795 0.045446208226530289 -0.01244654885961104 -0.0052230471133569469
leaf_weight=16.647744361311197 12.136640903074293 80.979224684415385 30.862113362178206 256.01651614104048 31.306523891136749 25.466586994822137 10.998105704784392 6.708490174263714 7.544688131660223 28.129252114333212 5.7028585656080386 9.9113475924241374 10.643900258641223 9.3642658973112685 10.630638515343888 55.930412414018065 49.524754064157605 18.813066142611209 5.2864741384983054 9.0742529183626157 137.67233001207933 9.3404345197486673 8.126374726998618 5.439309353008869 7.3799782171845445 8.8185710050165653 63.474260526360013 44.593296369537711 6.0547459437511852 12.081941487325819
leaf_count=1115 4088 703 219 130351 577 663 46 75 43 490 30 84 60 77 106 313 243 114 26 40 680 284 88 45 27 53 1632 216 35 157
internal_value=2.31558e-10 0.0180754 0.013419 -0.0478623 0.00583393 -0.00353474 0.02384 0.0219967 -0.00852106 0.000189233 0.0346701 0.0261278 0.0119758 0.0240461 0.0147435 0.0290947 0.0294419 0.00418656 -0.00401644 -0.0129644 0.0102425 -0.00139304 0.00555151 0.0314747 0.0130232 0.0251544 0.00583405 0.0352208 0.0278644 0.0120368
internal_weight=994.659 721.995 563.795 272.664 326.296 129.207 237.498 226.5 14.2532 117.07 158.2 77.2209 197.09 212.247 74.6665 137.581 71.518 43.8044 33.1738 27.8873 186.446 48.7733 39.4329 128.216 21.6379 16.1985 91.6035 106.578 61.9852 21.9933
internal_count=142680 11214 9997 131466 8562 6873 1435 1389 118 2785 1217 514 1689 1271 505 766 484 286 180 154 1629 949 665 689 125 80 2122 564 348 241
is_linear=0
shrinkage=0.05


Tree=46
num_leaves=31
num_cat=0
split_feature=4 4 12 8 13 11 9 13 3 0 3 4 2 4 0 4 11 0 9 0 7 0 6 13 12 2 13 5 3 9
split_gain=313.581 22.8423 14.0573 13.2072 8.13552 6.90799 5.26205 4.2712 4.01206 3.63871 3.50758 3.50145 3.67963 3.48342 3.56454 3.46128 2.86666 3.96096 3.02665 2.81887 3.48801 2.6534 3.47711 2.63514 2.59032 4.01257 3.67751 2.56372 2.4477 2.28212
threshold=0.71008405089378368 0.87867647409439098 0.015504807699471714 0.65000000596046459 0.023025454953312877 0.012422839645296337 0.80042317509651195 0.011428944766521456 0.46836245059967047 0.65140709280967724 0.29291357100009924 0.81534090638160717 0.76803660392761242 0.81534090638160717 0.69881257414817821 0.82843136787414562 0.013423423748463394 0.73234611749649059 0.75428813695907604 0.532810539007187 0.76891887187957775 0.66444262862205516 0.67917135357856762 0.014389234129339458 0.016261236742138866 0.74664023518562328 0.029718141071498397 0.66338744759559642 0.43571209907531744 0.78180271387100231
decision_type=2 2 2 2 2 2 2 2 2 2 2 2 2 2 2 2 2 2 2 2 2 2 2 2 2 2 2 2 2 2
left_child=3 2 5 28 29 7 10 -2 11 -8 13 -4 24 14 19 -9 17 18 -6 -7 21 22 -21 -12 25 26 -13 -28 -1 -3
right_child=1 4 8 -5 16 6 9 15 -10 -11 23 12 -14 -15 -16 -17 -18 -19 -20 20 -22 -23 -24 -25 -26 -27 27 -29 -30 -31
leaf_value=-0.027191447599028081 0.00681740107389712 0.022870478370828864 0.0068627572445370587 -0.050637682384711294 0.010692060954795565 -0.026552795785876333 -0.049361082536085316 -0.04314881621434391 0.050630811090529165 -0.0043272267971703271 0.005724374561806151 -0.019747667238104023 -0.011398070629407522 0.011507500961163031 -0.037181845694652903 -0.0083481970987791931 0.037749907757796165 -0.0073489923441283833 0.051399248975868797 0.032645123428411742 -0.029477165594928606 0.037110950003476702 -0.008305935622493597 0.043491266729973999 0.040619487115911075 0.054400351811502295 -0.0027085926349935561 0.037140773602219589 0.011790595737038277 0.0084799724169842532
leaf_weight=6.9050213517621186 15.125968266307607 84.51444650394842 30.199472791340668 236.76849011979357 8.2286497247405403 7.4860895174788302 5.7673896080232252 14.531468073430007 12.97906153736403 20.180430675070966 7.3252805309020941 6.9468414876610103 5.6561686554923645 142.9686449628789 6.8527243828284545 14.056447350187225 144.22029829677194 8.8793556969612819 10.259427372366188 7.6006371029652682 5.5889467162196516 8.5945111729233741 16.29997250562883 12.500477237801531 32.338189300149679 6.8268933119252315 6.2147934362292316 11.513552088290451 9.6609817532589641 40.874886771896854
leaf_count=926 1037 527 513 130351 45 323 228 3348 88 346 72 56 30 933 127 421 903 63 45 197 351 156 594 73 289 31 32 70 189 316
internal_value=-1.02046e-10 0.0173689 0.00953178 -0.0476179 0.0278603 0.00361881 0.00693369 -0.0146691 0.0244817 -0.0143368 0.00949819 0.0210774 0.0272544 0.00746491 -0.00356013 -0.0260376 0.0349346 0.0200988 0.0332813 0.00149582 0.00700927 0.0132847 0.00471692 0.029537 0.0306789 0.0204745 0.0110883 0.0231713 -0.00445785 0.0181794
internal_weight=947.866 694.531 397.554 253.334 296.977 284.879 241.165 43.7139 112.675 25.9478 215.217 99.6959 69.4964 195.392 52.4229 28.5879 171.588 27.3674 18.4881 45.5702 38.0841 32.4951 23.9006 19.8258 63.8403 31.5021 24.6752 17.7283 16.566 125.389
internal_count=142680 11214 9315 131466 1899 8206 3400 4806 1109 574 2826 1021 508 2681 1748 3769 1056 153 90 1621 1298 947 791 145 478 189 158 102 1115 843
is_linear=0
shrinkage=0.05


Tree=47
num_leaves=31
num_cat=0
split_feature=4 4 8 12 13 11 0 4 3 4 7 6 13 9 11 9 7 6 11 3 9 7 0 12 7 13 11 6 13 4
split_gain=285.705 21.1928 13.4785 12.173 7.4831 7.31049 5.03947 4.53989 4.51897 3.5497 3.33857 2.85241 2.64499 2.72824 2.46863 3.07973 2.89617 3.65574 6.57912 2.41317 2.37172 2.46797 2.36257 3.15973 4.51337 3.87822 6.65062 3.03247 2.5203 2.61307
threshold=0.71008405089378368 0.87867647409439098 0.65000000596046459 0.016261236742138866 0.023025454953312877 0.013606071937829258 0.5410364866256715 0.77350428700447094 0.35708010196685797 0.81534090638160717 0.71116113662719738 0.70867520570755016 0.03152930177748204 0.80891317129135143 0.014815627597272398 0.81591737270355236 0.73336112499237072 0.72305032610893261 0.016261236742138866 0.42664641141891485 0.70998886227607738 0.73080605268478405 0.58012717962265026 0.011173533275723459 0.71116113662719738 0.024908922612667087 0.013072453904896976 0.69875440001487743 0.010811126790940763 0.85164836049079906
decision_type=2 2 2 2 2 2 2 2 2 2 2 2 2 2 2 2 2 2 2 2 2 2 2 2 2 2 2 2 2 2
left_child=2 3 -1 5 19 7 20 -2 9 11 -5 -8 13 -11 15 -6 17 -16 -19 -3 -7 -22 -9 27 -25 -26 -27 -24 -29 -30
right_child=1 4 -4 10 14 6 8 22 -10 12 -12 -13 -14 -15 16 -17 -18 18 -20 -21 21 -23 23 24 25 26 -28 28 29 -31
leaf_value=-0.0035308736294108627 -0.036272094910666963 0.015633796403121819 -0.050606823872070689 0.043238692796670905 0.03239324286620409 0.0036231759247174881 0.017958358739401305 -0.017336971649396283 0.035956356203917801 0.015210199993715005 0.01818706826957658 -0.0095179493757651563 0.044192263857696645 -0.011509702815673581 0.048473107284992101 0.0043943997238017878 0.054756893366098493 -0.020880177007628464 0.049010402638415912 0.042741963917831957 -0.051090284159748013 -0.0032393862901260312 0.03627092351787372 -0.046015638127595869 -0.030536366206424578 0.040472407234191092 -0.022710829325518201 0.036685253142203132 -0.012995908005987215 0.016840704129129972
leaf_weight=16.337552985234652 10.698500803162458 113.41039297124371 219.31029872021463 27.563959469087422 98.738242186140269 11.936641323962251 13.370251717788049 19.762504082522355 19.491401280974969 117.05209748726338 25.698565982049331 32.179900484887185 7.1934032440185538 10.402278261724858 15.240082288160922 10.906215356662868 25.8676677942276 7.0010450519621354 6.4873743206262589 8.8503627907484752 5.7579370169551094 5.0649555367417634 9.1232668969314528 6.8545033680275109 7.30003444105387 9.5969819992315042 7.3580432324670246 5.0635888963006428 18.839172452979259 12.020474432269109
leaf_count=1115 4081 790 130351 241 681 106 237 632 118 635 266 697 30 67 102 68 151 35 19 53 81 55 165 213 488 128 69 50 816 140
internal_value=-1.32946e-10 0.0166803 -0.047343 0.00897567 0.0269619 0.00538629 0.0105457 -0.00537845 0.0130864 0.0106126 0.0311516 -0.00145288 0.0146943 0.0130294 0.0339338 0.0296082 0.0426208 0.0316933 0.0127343 0.0175961 -0.011746 -0.0286968 -0.00193266 0.00206476 -0.0101906 -6.64119e-05 0.0130525 0.0105284 0.00399074 -0.00137393
internal_weight=904.478 668.83 235.648 382.328 286.501 329.066 222.449 106.617 199.689 180.198 53.2625 45.5502 134.648 127.454 164.241 109.644 54.5962 28.7285 13.4884 122.261 22.7595 10.8229 95.9186 76.1561 31.1096 24.2551 16.955 45.0465 35.9232 30.8596
internal_count=142680 11214 131466 9315 1899 8808 2026 6782 1784 1666 507 934 732 702 1056 749 307 156 54 843 242 136 2701 2069 898 685 197 1171 1006 956
is_linear=0
shrinkage=0.05


Tree=48
num_leaves=31
num_cat=0
split_feature=4 4 8 12 11 4 8 0 9 9 0 9 13 13 5 2 0 0 0 5 11 5 9 2 4 0 2 0 6 11
split_gain=260.915 19.2516 13.3724 11.2397 7.6093 5.79529 7.91219 4.73359 4.21962 4.0728 3.41941 4.50688 2.95954 2.88895 3.60747 3.86706 2.72018 3.20294 3.15053 3.64964 4.10997 2.65511 2.62867 4.13256 2.82708 5.43237 2.94833 2.69756 2.66203 2.58559
threshold=0.71008405089378368 0.87867647409439098 0.65000000596046459 0.015504807699471714 0.014815627597272398 0.81534090638160717 1.0500000119209292 0.66298577189445507 0.71154022216796886 0.81591737270355236 0.52008682489395153 0.70075261592865001 0.032394465059041984 0.013793759513646366 0.67492294311523449 0.67009660601615917 0.49399004876613622 0.54308572411537182 0.67382958531379711 0.71328946948051464 0.014815627597272398 0.74968984723091137 0.77476269006729137 0.76667937636375438 0.91287881135940563 0.61946007609367382 0.68515619635581981 0.56851026415824901 0.73821496963500988 0.015038444194942715
decision_type=2 2 2 2 2 2 2 2 2 2 2 2 2 2 2 2 2 2 2 2 2 2 2 2 2 2 2 2 2 2
left_child=2 3 -1 5 7 6 10 8 -3 -9 -2 -12 -5 14 -7 -16 -15 -18 29 -20 -21 -11 24 -24 25 28 -27 -26 -10 -19
right_child=1 4 -4 12 -6 13 -8 9 22 21 11 -13 -14 16 15 -17 17 18 19 20 -22 -23 23 -25 27 26 -28 -29 -30 -31
leaf_value=-0.0034368071286056592 -0.034463385712635096 0.036177495204699088 -0.050576125803063837 0.01926079204125182 0.041130990440491781 -0.03134845573329214 -0.052015182105550298 0.031306118260050884 -0.040563073741411243 -0.015877294124555848 0.037244987411923648 -0.0036635991800393905 0.043967181604391455 0.047155218277506412 0.037733388932143938 -0.0037162695344526023 -0.021582342728492392 0.013295749078477793 -0.021334905218280555 0.017670798244768044 -0.029557769097421999 0.023758467880587386 -0.02953224030237532 0.022839691741786759 0.0032273794150017494 -0.0080910336436883865 0.039667646640837932 0.034652673954127473 0.0058245886669072563 0.034925566886072727
leaf_weight=16.24761472211685 7.4805083208484566 15.628316887654362 203.20115071075998 87.383835349086439 63.857103915885091 8.96353284223005 9.102139825547054 107.85893634799868 7.8934299801476318 8.0458966568112391 7.6584655699552959 55.694575015368173 14.073318634880705 5.1673665717244139 6.9117881888523689 30.272378720459528 7.4913328327238551 62.075305643375032 12.514244415098799 29.053285700385459 5.4744797796010962 8.8977339472621662 10.218332108692268 5.9658647514879695 10.691565760411324 5.0463131964206687 8.9859734494239074 18.902002613991499 5.0852520624175668 17.771962072700262
leaf_count=1115 263 136 130351 1004 365 206 4207 748 84 64 114 1574 105 26 103 637 44 445 132 322 37 51 118 49 60 25 58 105 36 96
internal_value=-1.46766e-10 0.0160409 -0.047086 0.00853122 0.0259901 0.00312413 -0.00813224 0.0214556 0.0126045 0.0277261 -0.00249326 0.00128166 0.0226879 0.00796962 -0.00287529 0.00398839 0.011556 0.0101871 0.0120627 0.0017982 0.0101826 0.00493693 0.00754319 -0.0102267 0.0126239 0.00092778 0.0224926 0.0232993 -0.0223877 0.01811
internal_weight=863.614 644.165 219.449 367.089 277.077 265.631 79.9357 213.22 88.4171 124.803 70.8335 63.353 101.457 185.696 46.1477 37.1842 139.548 134.381 126.889 47.042 34.5278 16.9436 72.7887 16.1842 56.6045 27.011 14.0323 29.5936 12.9787 79.8473
internal_count=142680 11214 131466 9315 1899 8206 6158 1534 671 863 1951 1688 1109 2048 946 740 1102 1076 1032 491 359 115 535 167 368 203 83 165 120 541
is_linear=0
shrinkage=0.05


Tree=49
num_leaves=31
num_cat=0
split_feature=4 13 8 4 4 8 11 13 9 4 2 11 0 13 13 7 13 6 9 13 8 0 0 6 7 9 11 0 2 2
split_gain=238.46 18.4146 13.412 12.7814 6.68872 6.4317 5.06569 4.79162 5.24486 6.38688 5.12916 4.27443 3.62151 3.58497 3.8156 2.9618 2.89456 2.79774 4.56227 2.72699 2.95498 4.47891 3.11943 6.81044 3.23066 2.47013 2.92498 2.44167 6.39007 2.42616
threshold=0.71008405089378368 0.028618008829653267 0.65000000596046459 0.82843136787414562 0.85164836049079906 1.1500000357627871 0.016261236742138866 0.010811126790940763 0.78180271387100231 0.89444443583488475 0.73479959368705761 0.015038444194942715 0.65933576226234447 0.032138252630829818 0.029046037234365944 0.62223276495933544 0.029718141071498397 0.73004674911499035 0.74666050076484691 0.013072453904896976 1.4499999880790713 0.73234611749649059 0.70482268929481517 0.79790395498275768 0.77750813961029064 0.70075261592865001 0.0091326101683080214 0.57871094346046459 0.66265010833740245 0.74579966068267833
decision_type=2 2 2 2 2 2 2 2 2 2 2 2 2 2 2 2 2 2 2 2 2 2 2 2 2 2 2 2 2 2
left_child=2 3 -1 5 13 15 7 -5 9 11 -10 27 -11 14 -3 -2 -16 -6 -19 -12 21 22 23 -21 -24 -17 -27 28 -9 -29
right_child=1 4 -4 6 17 -7 -8 8 10 12 19 -13 -14 -15 16 25 -18 18 -20 20 -22 -23 24 -25 -26 26 -28 29 -30 -31
leaf_value=-0.0030801888768863723 -0.034249556183957475 0.040845171549859872 -0.050546613313884839 0.055573832432084996 0.043537066023540412 -0.051941972421603949 0.058233795340988909 0.017956957912330498 -0.027749275916889523 0.019816186679649878 -0.014764323103278404 0.041535257018374239 0.041113922328901931 0.039296928511699497 -0.012540490490408547 0.020910744195839631 0.013547444377754554 -0.0068771473954688427 0.03305942815922696 0.022617058158687843 0.040461195991548897 -0.02317518461591677 0.0080255202800578896 -0.032628256787066399 0.056477997859945894 -0.04005073653090549 -0.00074692818889299456 0.0127282957516308 -0.031812469758941281 -0.022389276596536039
leaf_weight=16.15706404321827 6.7797120182658537 10.414517804223577 188.58273560929229 6.6290908763185135 53.80498256534338 6.982033454347401 6.4817662797868243 12.71951786754653 12.451168577652423 62.271330229006708 11.748467123601584 9.2519191261380893 29.376199444755912 15.214862067485226 13.32281730941031 12.249134585319551 52.658265373334871 8.128382779657839 59.485090775415301 16.778569023590538 7.7168320976197711 9.7356782502029073 6.4617588119581324 8.3572134748101217 7.3576163717079908 5.0426914823474354 77.233671946407412 74.603678366402164 13.083261081366798 5.2653651870787135
leaf_count=1115 296 92 130351 35 531 3020 22 142 196 440 208 54 181 116 136 244 497 42 323 99 49 129 50 96 42 808 2562 590 150 64
internal_value=7.21612e-11 0.0154149 -0.0468008 0.00920082 0.0273331 -0.00552582 0.0145114 0.0135468 0.0125767 0.0167977 0.00175964 0.00894649 0.0266428 0.0171333 0.0127192 -0.00232678 0.0082798 0.0350289 0.0282583 0.00715051 0.0117149 0.00715898 0.0147401 0.00424895 0.0338223 -3.71645e-05 -0.00315585 0.00609323 -0.00727856 0.0104132
internal_weight=826.345 621.606 204.74 408.577 213.029 108.287 300.289 293.808 287.179 206.571 80.6073 114.924 91.6475 91.6105 76.3956 101.305 65.9811 121.418 67.6135 68.1561 56.4077 48.6908 38.9552 25.1358 13.8194 94.5255 82.2764 105.672 25.8028 79.869
internal_count=142680 11214 131466 9477 1737 6930 2547 2525 2490 1621 869 1000 621 841 725 3910 633 896 365 673 465 416 287 195 92 3614 3370 946 292 654
is_linear=0
shrinkage=0.05


Tree=50
num_leaves=31
num_cat=0
split_feature=4 13 8 4 8 4 4 3 7 13 12 0 9 9 5 13 13 13 7 13 7 8 11 12 7 4 11 0 4 11
split_gain=217.868 17.8071 13.5346 10.957 6.24823 6.20984 4.78446 5.14015 4.06693 3.88911 3.5466 3.59408 4.16606 3.82002 3.4974 3.09543 3.1637 3.08512 4.78697 3.48486 4.37072 4.32095 2.92745 3.24277 4.00701 2.90432 3.038 2.89193 2.82856 2.98113
threshold=0.71008405089378368 0.028618008829653267 0.65000000596046459 0.81534090638160717 1.0500000119209292 0.85164836049079906 0.89444443583488475 0.35153299570083624 0.82064425945281994 0.014389234129339458 0.014389234129339458 0.67086848616600048 0.78439408540725719 0.78180271387100231 0.7225359082221986 0.032138252630829818 0.028988552279770378 0.023167360574007038 0.75741124153137218 0.026739345863461498 0.75543987751007091 1.2500000000000002 0.015268065501004459 0.009756329935044052 0.72331273555755626 0.77350428700447094 0.013606071937829258 0.60460478067398082 0.91287881135940563 0.013986697886139156
decision_type=2 2 2 2 2 2 2 2 2 2 2 2 2 2 2 2 2 2 2 2 2 2 2 2 2 2 2 2 2 2
left_child=2 3 -1 4 -2 15 8 10 9 -5 11 13 14 28 -13 16 -3 18 22 21 -21 -19 23 24 -11 -18 -27 -15 29 -8
right_child=1 5 -4 6 -6 -7 7 -9 -10 17 -12 12 -14 27 -16 -17 25 19 -20 20 -22 -23 -24 -25 -26 26 -28 -29 -30 -31
leaf_value=-0.0025771503809363314 -0.0040463939100714224 0.042252865246789506 -0.050519247068294075 0.00073165191434054918 -0.051504456498139645 0.034494338977529813 -0.0097731933775807613 0.056664583435028865 -0.034347907584854641 0.01090632084173542 -0.018167189508634763 0.020881069491723553 0.017340538679244087 0.020674061643126952 0.064860561786107274 0.03796358747704412 -0.022576957854524293 -0.017450413660514957 0.048076839661108747 0.034228548294004131 -0.015321430365801178 0.02485966377434206 0.039746742249920641 0.036369634054722766 -0.040243086909369362 -0.022188717672013924 0.016270925934969732 -0.02563457364676712 0.025933376503130136 0.028410418868733966
leaf_weight=16.073660135967657 61.45460348497727 8.0432515160064195 174.99046466036816 84.389269173145294 7.8177619242778738 115.39209077088162 14.493462644983085 8.7377909366041404 5.6859100838191798 11.230819091200837 6.7774861250072709 7.3532600495964315 26.752346390392631 5.0689940655138335 11.734163039363919 14.484878775663672 6.5441319631645447 19.954262764542367 14.934573523467405 17.214158190414313 6.0022724019363514 8.6503124535083753 7.9563652481883755 5.9399346817517644 5.8096411637961856 5.6860621701925984 52.956506167538464 10.066544100176541 39.55498907668516 7.8968869857490054
leaf_count=1115 1955 67 130351 1229 4329 896 142 53 99 85 54 49 174 42 67 116 177 189 155 110 48 87 41 105 57 47 434 96 262 49
internal_value=3.05755e-11 0.0148381 -0.046486 0.0086578 -0.00940229 0.0268719 0.012493 0.0195453 0.00729359 0.00859394 0.0170446 0.018986 0.0300728 0.0123928 0.0479179 0.0168442 0.0126668 0.0153856 0.0248296 0.00702584 0.0214181 -0.00465542 0.0136072 0.00455703 -0.00653216 0.00901623 0.0125418 -0.0101255 0.0178948 0.00369384
internal_weight=789.647 598.583 191.064 395.476 69.2724 203.107 326.203 138.436 187.768 182.082 129.698 122.921 45.8398 77.0809 19.0874 87.7148 73.23 97.6923 45.8713 51.821 23.2164 28.6046 30.9368 22.9804 17.0405 65.1867 58.6426 15.1355 61.9453 22.3903
internal_count=142680 11214 131466 9477 6284 1737 3193 988 2205 2106 935 881 290 591 116 841 725 877 443 434 158 276 288 247 142 658 481 138 453 191
is_linear=0
shrinkage=0.05


Tree=51
num_leaves=31
num_cat=0
split_feature=4 13 8 4 4 6 0 11 13 8 3 3 8 4 11 6 5 9 0 5 7 6 12 0 2 8 0 5 0 5
split_gain=199.173 17.2642 13.543 9.17249 6.92333 5.32452 5.79458 4.66429 4.40529 4.39636 4.16238 3.72795 4.35125 4.32759 4.83552 3.32764 3.3002 4.28291 3.22436 2.8024 2.51537 2.45529 4.05107 6.73252 3.87395 4.18034 3.59025 3.80185 3.49414 3.34068
threshold=0.71008405089378368 0.025469080545008186 0.65000000596046459 0.81534090638160717 0.88562092185020458 0.75662142038345348 0.70875656604766857 0.016001024283468727 0.010929288342595102 1.0500000119209292 0.29291357100009924 0.41405993700027471 0.84999999403953563 0.93095237016677868 0.013986697886139156 0.69419595599174511 0.72485226392745983 0.72816967964172374 0.72642332315444957 0.73234400153160106 0.68487071990966808 0.77053600549697887 0.01183473411947489 0.6492234766483308 0.70973479747772228 1.1500000357627871 0.70670887827873241 0.7225359082221986 0.60560843348503124 0.69351604580879223
decision_type=2 2 2 2 2 2 2 2 2 2 2 2 2 2 2 2 2 2 2 2 2 2 2 2 2 2 2 2 2 2
left_child=2 3 -1 9 5 10 -7 8 -5 -2 18 12 15 14 21 -10 17 -16 -3 -18 -13 22 23 24 25 29 27 -23 -26 -14
right_child=1 4 -4 7 -6 6 -8 -9 11 -11 -12 20 13 -15 16 -17 19 -19 -20 -21 -22 26 -24 -25 28 -27 -28 -29 -30 -31
leaf_value=-0.0022676403346077244 -0.0069054623557887945 0.010905754662290082 -0.050493899080762933 0.046810070564000585 0.032359381705440997 -0.043172201560984197 0.0092302323873119443 0.051240391087964937 -0.049070300550779593 -0.051191655790427705 0.047129124853838078 0.050737751974250372 0.00039322002308315096 0.029346085344932379 0.025891795816486526 -0.0033450682721466863 0.060787703881951594 -0.011720081957217693 0.031771201696233875 0.02205277772205759 0.013022690787646618 -0.057655443776925733 -0.036738881831882668 0.029832753265670933 -0.051519880221785531 0.016946735265049341 0.011538505577537302 -0.010337132400727117 -0.0025930278964305755 -0.046717038053139343
leaf_weight=15.989880881621501 51.396461893746164 50.624756166653242 162.50695970894594 7.5591814590152344 122.06626296974719 6.008739848912227 43.228098061343189 6.7868076451122752 5.5190180419012931 6.2897840102523324 15.143880455580073 8.0503359045833367 12.836726315435955 22.107411397155374 15.024682566523554 14.258510001935063 6.1372924949973848 15.252348961308597 29.191520393127576 19.523573268204927 9.8059515310451371 5.9031338158529278 5.5798650994547634 23.868757999618538 6.4029072013217947 30.161888663307764 11.086147644789888 15.112516578577923 8.4845610153861326 5.3237385267857453
leaf_count=1115 1818 681 130351 63 925 140 480 33 110 3960 145 44 179 122 92 161 24 100 336 107 82 122 151 260 117 296 223 252 101 90
internal_value=-2.83495e-10 0.0142412 -0.0461738 0.00626942 0.0235964 0.0161783 0.00283517 0.0103456 0.0092265 -0.0117342 0.0230967 0.00804491 0.00628151 0.00846462 0.00590989 -0.0161049 0.0181251 0.00694445 0.018537 0.031317 0.0300262 0.00043306 0.00456169 0.00720817 -0.00133514 0.00553541 -0.0114838 -0.0236285 -0.0236358 -0.0134171
internal_weight=757.232 578.735 178.497 312.472 266.263 144.197 49.2368 254.785 247.999 57.6862 94.9602 240.439 222.583 202.806 180.698 19.7775 55.9379 30.277 79.8163 25.6609 17.8563 124.76 92.6584 87.0786 63.2098 48.3224 32.1018 21.0157 14.8875 18.1605
internal_count=142680 11214 131466 8507 2707 1782 620 2729 2696 5778 1162 2633 2507 2236 2114 271 323 192 1017 131 126 1791 1194 1043 783 565 597 374 218 269
is_linear=0
shrinkage=0.05


Tree=52
num_leaves=31
num_cat=0
split_feature=4 13 8 4 8 4 3 8 4 11 9 0 5 7 11 11 6 7 4 7 13 13 4 11 0 9 2 0 12 3
split_gain=182.121 14.1407 13.5105 9.105 5.48575 5.13078 4.04456 5.90358 3.97699 3.17184 3.14768 6.58357 2.88984 2.86746 2.83717 3.40679 2.80757 3.86667 2.80376 4.06625 2.75219 2.83904 2.43291 2.69096 2.41404 2.72333 2.54342 2.40981 2.41028 2.25073
threshold=0.71008405089378368 0.028618008829653267 0.65000000596046459 0.81534090638160717 1.0500000119209292 0.85164836049079906 0.29291357100009924 0.75000000000000011 0.91287881135940563 0.013986697886139156 0.78647109866142284 0.66803216934204113 0.64536958932876598 0.75543987751007091 0.013423423748463394 0.013793759513646366 0.72305032610893261 0.66039687395095836 0.89444443583488475 0.69654741883277904 0.032138252630829818 0.028988552279770378 0.77350428700447094 0.013606071937829258 0.52008682489395153 0.70075261592865001 0.72228452563285839 0.72642332315444957 0.010050504934042694 0.43571209907531744
decision_type=2 2 2 2 2 2 2 2 2 2 2 2 2 2 2 2 2 2 2 2 2 2 2 2 2 2 2 2 2 2
left_child=2 3 29 4 24 20 7 -5 9 12 -10 -12 -9 -11 -7 -16 -17 -18 19 -8 21 -3 -23 -24 -2 -26 -27 28 -13 -1
right_child=1 5 -4 6 -6 14 18 8 10 13 11 27 -14 -15 15 16 17 -19 -20 -21 -22 22 23 -25 25 26 -28 -29 -30 -31
leaf_value=-0.025074919055391449 -0.032639646780443947 0.040240400636768398 -0.050469005331262064 -0.037534968287607544 -0.051376619870899545 0.0052216714307800165 0.041219262477915353 -0.026855477544446213 0.027793959507699584 0.0074007928459648813 -0.037214861891911553 0.016922108538422295 0.0046212091598251239 0.028706543517716829 0.065854266859977167 0.042771810024336776 -0.013918768886270243 0.029215508036812006 0.055385277398230473 -0.0099020459782444351 0.036114503521513609 -0.022087817124913905 -0.023042821554588928 0.014682927049856982 0.033404030195802834 -0.01709241672446804 0.0063109043424779358 -0.0076329028847065819 0.058685510514416207 0.013257085720981497
leaf_weight=6.3850724218063979 6.5295196892111553 7.4980354444123796 150.95385252730921 6.3955785599537185 6.8116184693644746 9.0563400611281377 9.017204181756826 7.7486175261437884 51.678746961988509 37.941744317300618 6.477774488739672 10.816530416719617 123.69094995572232 27.051798614673316 7.9468723349273196 35.056414579972625 5.8062959834933272 49.394070608541369 8.058798134326933 6.8408085666596881 13.297768419724887 6.1861508501460767 5.2353392010554662 48.667564865201712 5.3498841762775546 21.156223689409671 25.726196225092281 5.700287139043211 5.0759954322129479 9.5678290072828514
leaf_count=926 263 67 130351 124 4329 55 62 144 352 244 66 62 1802 160 74 430 30 307 53 55 116 177 47 434 112 923 657 50 19 189
internal_value=-4.10612e-10 0.0136586 -0.0458445 0.00800975 -0.00890035 0.0248297 0.0116276 0.0099566 0.0110564 0.00723336 0.0204729 0.00699475 0.0027656 0.0162687 0.0319999 0.0344694 0.031706 0.0246784 0.0313705 0.0191666 0.0153214 0.0112304 0.00761048 0.0110188 -0.00397654 -0.000393391 -0.00425011 0.0202575 0.0302611 -0.00208512
internal_weight=727.12 560.213 166.907 372.068 65.5734 188.145 306.495 282.578 276.182 196.433 79.7493 28.0706 131.44 64.9935 107.26 98.2037 90.2568 55.2004 23.9168 15.858 80.8849 67.5871 60.0891 53.9029 58.7618 52.2323 46.8824 21.5928 15.8925 15.9529
internal_count=142680 11214 131466 9477 6284 1737 3193 3023 2899 2350 549 197 1946 404 896 841 767 337 170 117 841 725 658 481 1955 1692 1580 131 81 1115
is_linear=0
shrinkage=0.05


Tree=53
num_leaves=31
num_cat=0
split_feature=4 8 13 4 8 4 13 13 9 5 4 0 0 5 11 4 3 0 7 1 2 12 1 12 13 3 8 1 6 1
split_gain=165.546 14.2087 12.9439 8.28124 5.06545 4.6144 3.65235 4.64057 3.70492 3.55936 4.40687 6.8796 4.43495 3.96016 3.19728 2.98519 2.61261 2.56995 2.50656 2.55043 3.79875 2.4634 2.44077 2.29836 2.2633 2.69364 2.38606 2.50472 5.39321 2.42044
threshold=0.71008405089378368 0.65000000596046459 0.028618008829653267 0.81534090638160717 1.0500000119209292 0.83974358439445507 0.010929288342595102 0.014389234129339458 0.79198560118675243 0.71843451261520397 0.90454545617103588 0.66444262862205516 0.69311293959617626 0.71226024627685558 0.013423423748463394 0.93095237016677868 0.46836245059967047 0.52008682489395153 0.65567651391029369 0.68232339620590221 0.72228452563285839 0.0083683477714657801 0.77858489751815807 0.014389234129339458 0.012121656909585001 0.48797585070133215 1.1500000357627871 0.69820839166641246 0.66256931424140941 0.67165890336036693
decision_type=2 2 2 2 2 2 2 2 2 2 2 2 2 2 2 2 2 2 2 2 2 2 2 2 2 2 2 2 2 2
left_child=1 23 3 4 17 16 -5 15 9 13 11 -11 -13 -9 -7 24 -4 -2 -19 -20 -21 -22 -16 -1 -8 26 27 28 -26 -28
right_child=2 -3 5 6 -6 14 7 8 -10 10 -12 12 -14 -15 22 -17 -18 18 19 20 21 -23 -24 -25 25 -27 29 -29 -30 -31
leaf_value=-0.017047607420936074 -0.033634752336113911 -0.050446634325543006 0.01024895735094037 0.046178736657142588 -0.051295625150233962 0.0028476387514524033 -0.01979693448316084 0.016028585260200876 9.7424966847403307e-05 0.047540630290346483 0.051332501696596956 -0.027152712826336297 0.018406004789494831 -0.02597139381963386 0.037409002891733684 0.023105615312412418 0.042939108285635574 0.026183402749883303 0.025767566069610056 -0.030379234479121928 0.014254787187379121 -0.019758489775515867 0.020167200266465575 0.021431691715571757 0.0053650573204353687 0.033533955010390318 0.033062867244976472 -0.00030320436289849978 -0.060883266229162097 0.0034533942053571083
leaf_weight=9.0063031138852221 6.5227051099645896 140.26938602006703 60.053430568892509 7.2384593309834591 6.3041039784584418 9.806265212595461 12.113214132317806 64.140452253865078 29.266717460064683 14.671183654572813 16.098647214472294 7.6993384598754373 17.44526571361348 6.1506837378256014 75.442110054194927 16.964341872371733 6.8044943406130178 7.6009227161412118 5.849021960690151 13.977231791359371 15.433379477821292 8.1261006460990739 28.19773542881012 6.8186818208778268 6.2740587918087822 6.7688476033508769 8.0139636129606497 30.205055512837134 6.0196760599501431 49.741360104293562
leaf_count=945 263 130351 652 63 4329 61 473 561 395 91 102 75 137 48 836 106 62 218 200 647 284 343 126 170 98 50 74 368 70 482
internal_value=-7.58824e-11 -0.0453797 0.0130469 0.00760303 -0.00874748 0.0239954 0.0110948 0.0102238 0.0161256 0.0198425 0.0292572 0.0203316 0.00445582 0.0123535 0.030136 0.00348198 0.013576 -0.00408341 -0.000302912 -0.00494316 -0.00972854 0.00252298 0.032718 -0.000467617 0.000687681 0.0030062 0.000945058 -0.00804717 -0.0270737 0.00756192
internal_weight=699.023 156.094 542.929 362.625 63.8135 180.304 298.811 291.573 155.472 126.206 55.9144 39.8158 25.1446 70.2911 113.446 136.101 66.8579 57.5094 50.9867 43.3857 37.5367 23.5595 103.64 15.825 119.136 107.023 100.254 42.4988 12.2937 57.7553
internal_count=142680 131466 11214 9477 6284 1737 3193 3130 1409 1014 405 303 212 609 1023 1721 714 1955 1692 1474 1274 627 962 1115 1615 1142 1092 536 168 556
is_linear=0
shrinkage=0.05


Tree=54
num_leaves=31
num_cat=0
split_feature=4 8 13 4 4 3 13 11 8 12 11 5 1 11 0 9 5 4 11 0 9 5 12 13 0 6 0 2 6 5
split_gain=151.22 14.4374 12.2725 7.36814 5.40416 4.72345 3.52506 4.59576 3.50486 3.40415 3.30963 4.53234 3.21876 3.11966 3.35106 4.97493 2.84525 2.64098 2.53091 2.44795 3.90696 2.42833 2.40173 2.30356 3.34694 4.52521 2.47583 2.24012 2.83558 2.14233
threshold=0.71008405089378368 0.65000000596046459 0.025469080545008186 0.81534090638160717 0.88562092185020458 0.29291357100009924 0.010929288342595102 0.012422839645296337 1.0500000119209292 0.016261236742138866 0.013423423748463394 0.70064309239387523 0.68688789010047924 0.016001024283468727 0.67086848616600048 0.78180271387100231 0.71906068921089183 0.91287881135940563 0.013606071937829258 0.61859640479087841 0.72721832990646373 0.73412585258483898 0.014389234129339458 0.013245614245533945 0.59674361348152172 0.71371868252754223 0.61570250988006603 0.6832232177257539 0.68897587060928356 0.63820242881774913
decision_type=2 2 2 2 2 2 2 2 2 2 2 2 2 2 2 2 2 2 2 2 2 2 2 2 2 2 2 2 2 2
left_child=1 22 3 8 5 9 -5 12 29 -4 11 -6 -8 14 15 17 -16 19 -17 20 27 -22 -1 -19 25 -25 -26 28 -9 -2
right_child=2 -3 4 6 10 -7 7 13 -10 -11 -12 -13 -14 -15 16 18 -18 23 -20 -21 21 -23 -24 24 26 -27 -28 -29 -30 -31
leaf_value=-0.017242946299624442 -0.037511437358521756 -0.05042444868081282 0.0052424647722555048 0.044394659416545947 0.043225109665477678 0.038864986448714389 -0.042659385453912374 0.017284925474518983 -0.050992261866125682 0.025118361767755622 0.032882408885799561 -0.011092361953671449 -0.0012923939290855394 0.047246166264803692 -0.0078645756918301109 -0.042193782361178198 0.030270742831709725 0.053952215321949631 -0.0042807402462405287 0.018281922157196887 -0.020913494949064155 0.012405060683737092 0.021708191215266966 0.03278476658520179 0.06306837986929073 -0.027178613957754352 0.015908003887117116 0.04294375912033592 -0.020168840821993286 -0.0034168511494568608
leaf_weight=9.0536138605093601 5.1582624624716109 130.37987300675013 83.582232401822694 6.9891516724601379 6.0299102342687574 16.693784613831667 5.4041414716048157 18.698923413641758 5.0102822372209621 29.022724742651917 91.997635432519019 10.576935939490793 36.213850370841101 5.9839106351137152 5.8309962153434745 6.0966473238077041 30.343167525483295 5.3070784294977811 15.83529506344348 30.898613617755473 21.300928624346856 7.3574723880738011 7.0308603619923806 5.7477236744016427 5.1214813347905856 6.9518234105780721 6.0947938114404678 5.2747757364995769 6.9249997446313492 43.14414342600503
leaf_count=945 285 130351 1223 63 36 162 182 184 3960 397 818 71 948 33 42 121 225 27 126 245 209 57 170 51 29 40 53 39 55 1533
internal_value=1.96644e-10 -0.0449107 0.0125629 0.00557744 0.0209514 0.0140449 0.00942355 0.00833911 -0.0111868 0.0103653 0.029174 0.0086302 -0.00666394 0.0117368 0.0105417 0.00707218 0.0241236 0.011084 -0.0148198 0.00686234 0.000937789 -0.0123596 -0.000216589 0.0241518 0.0175389 -3.96192e-05 0.037442 0.0132711 0.00716285 -0.00705785
internal_weight=670.056 146.464 523.592 285.688 237.903 129.299 232.376 225.387 53.3127 112.605 108.604 16.6068 41.618 183.769 177.785 141.611 36.1742 119.679 21.9319 90.4557 59.5571 28.6584 16.0845 29.2229 23.9158 12.6995 11.2163 30.8987 25.6239 48.3024
internal_count=142680 131466 11214 8507 2707 1782 2729 2666 5778 1620 925 107 1130 1536 1503 1236 267 989 247 789 544 266 1115 200 173 91 82 278 239 1818
is_linear=0
shrinkage=0.05


Tree=55
num_leaves=31
num_cat=0
split_feature=4 8 13 4 4 3 13 11 0 9 4 13 12 12 0 11 11 5 5 11 4 6 0 9 5 6 1 3 1 2
split_gain=140.122 13.06 11.388 6.77448 5.04429 4.2958 3.22726 3.64904 3.14042 4.442 3.03328 2.78144 2.73666 2.64077 2.70884 2.58934 2.58079 3.14277 2.40962 2.9948 2.34954 2.95077 2.34794 2.26639 2.18812 2.15352 3.34265 2.05322 1.92716 2.17812
threshold=0.71008405089378368 0.65000000596046459 0.025469080545008186 0.81534090638160717 0.88562092185020458 0.29291357100009924 0.010929288342595102 0.012422839645296337 0.67086848616600048 0.79013866186141979 0.91287881135940563 0.013793759513646366 0.016261236742138866 1.0000000180025095e-35 0.532810539007187 0.014389234129339458 0.013423423748463394 0.70908358693122875 0.67946451902389537 0.011696306522935631 0.86190477013587963 0.77618360519409191 0.67528727650642406 0.80891317129135143 0.7076372802257539 0.75579360127449047 0.73684132099151622 0.43571209907531744 0.67968231439590465 0.72228452563285839
decision_type=2 2 2 2 2 2 2 2 2 2 2 2 2 2 2 2 2 2 2 2 2 2 2 2 2 2 2 2 2 2
left_child=1 27 3 13 5 12 -5 18 9 10 15 -11 -4 14 -2 -9 17 -6 -8 20 -20 -22 -10 -24 -15 26 -17 -1 -16 -30
right_child=2 -3 4 6 16 -7 7 8 22 11 -12 -13 -14 24 28 25 -18 -19 19 -21 21 -23 23 -25 -26 -27 -28 -29 29 -31
leaf_value=-0.025012058639765307 -0.029834385035248701 -0.050404375116273652 0.0054409075147895357 0.04305082681942346 0.032775194717379441 0.037801519859126588 -0.036733626818517717 0.001037054857890713 0.05389731072672798 -0.045436031947835791 0.024620373110810452 -0.0012622901049958604 0.02358036239410256 -0.01255323243815239 0.027882417186318776 0.02291379956931297 0.031783092239901924 -0.011687114174790099 -0.016262341972042498 -0.022978761582188919 0.032178883840435532 -0.01156802643978571 0.027403828274311495 -0.0033328564986213264 -0.055982605428816126 0.044118091178328787 -0.02097527123395038 0.011714074061232992 -0.022527386936891304 0.0073527385962738534
leaf_weight=6.1905119838193086 8.5556856296461756 121.27744413717301 81.593395501637133 6.7783772328402838 7.7304631401784709 15.997591849707531 5.3623737384332335 66.445835243794136 5.6761819412931791 5.6766965969000003 30.410609086975455 9.5729678049683553 27.903523861081339 6.5433248959016037 5.8141050565391224 16.817202404141433 88.83305100351572 8.1796999489888531 6.767021895095243 10.593333195662124 12.187701974064113 5.6376179556827983 21.444004702148963 8.3259427775628847 5.2093213417829247 6.562379788607358 5.8464939538389435 9.8783311807201226 9.820171309962463 16.095191041502403
leaf_count=926 797 130351 1223 63 46 162 242 666 31 108 215 86 397 1015 332 133 818 61 415 265 102 106 168 69 1573 24 36 189 1062 999
internal_value=-4.15447e-10 -0.0447922 0.012149 0.00530243 0.0203607 0.0135994 0.00907619 0.00801653 0.0111195 0.00778203 0.0108648 -0.017706 0.0100635 -0.0109496 -0.00486585 0.00649242 0.0284616 0.00991632 -0.00551144 -0.000753112 0.00882075 0.018343 0.0244266 0.0188075 -0.0318032 0.0188952 0.0115919 -0.00243465 0.00186679 -0.00396981
internal_weight=643.727 137.346 506.38 276.143 230.238 125.495 224.105 217.326 176.778 141.332 126.083 15.2497 109.497 52.0378 40.2852 95.6719 104.743 15.9102 40.548 35.1857 24.5923 17.8253 35.4461 29.7699 11.7526 29.2261 22.6637 16.0688 31.7295 25.9154
internal_count=142680 131466 11214 8507 2707 1782 2729 2666 1536 1268 1074 194 1620 5778 3190 859 925 107 1130 888 623 208 268 237 2588 193 169 1115 2393 2061
is_linear=0
shrinkage=0.05


Tree=56
num_leaves=31
num_cat=0
split_feature=4 8 13 4 4 3 3 12 5 9 0 11 4 12 0 2 7 9 13 11 9 0 5 7 13 12 13 2 9 1
split_gain=128.817 12.7439 10.8987 6.12401 4.47167 3.84757 3.63802 3.72642 2.56825 2.65851 2.67169 2.51331 2.46461 2.91049 2.44818 3.63565 3.85217 5.6195 3.21154 3.21922 2.85272 3.73269 2.64177 2.43057 2.93005 2.60077 3.0952 2.30772 2.30511 2.23483
threshold=0.71008405089378368 0.65000000596046459 0.025469080545008186 0.83974358439445507 0.88562092185020458 0.29291357100009924 0.30834107100963598 0.0093898782506585139 0.63474887609481823 0.79355257749557506 0.67232736945152294 0.013072453904896976 0.81534090638160717 0.013423423748463394 0.58012717962265026 0.7070816457271577 0.7041587531566621 0.68804803490638744 0.011173533275723459 0.012739370577037336 0.72140368819236766 0.6812453866004945 0.69768840074539196 0.78243944048881542 0.028988552279770378 0.016001024283468727 0.030138242058455948 0.72892215847969066 0.80784505605697643 0.76941496133804332
decision_type=2 2 2 2 2 2 2 2 2 2 2 2 2 2 2 2 2 2 2 2 2 2 2 2 2 2 2 2 2 2
left_child=1 -1 3 6 5 12 7 8 -2 10 -10 -6 -4 -14 15 16 17 -5 -16 -20 -21 -22 -18 24 -15 -26 -27 -17 -23 -25
right_child=2 -3 4 14 11 -7 -8 -9 9 -11 -12 -13 13 23 18 27 22 -19 19 20 21 28 -24 29 25 26 -28 -29 -30 -31
leaf_value=-0.0026021146490367419 -0.037371701504406281 -0.050387460396453247 -0.0020523886142539173 0.031317953874115512 -0.0010004530822046726 0.036767780833295918 0.022826028698370818 -0.029998623181716172 -0.00068484533438689535 -0.027138836129276634 0.034299347166169059 0.029749287279617516 -0.0066328025362048584 0.044991971766836988 0.049723988992322506 -0.045896494382454113 0.04455361543563071 -0.035118460370016993 -0.0013656013120380258 0.040341079225195552 0.0079360684290341668 0.046685126748572919 0.0017036967526160391 0.02528056774979261 0.001599915526797821 -0.0062661559711432715 0.03840376992692348 -0.0026573716244081042 0.0067644209740506242 -0.017778394699149363
leaf_weight=15.91747019079048 5.1689626636070889 113.02767441067408 30.372109513198666 5.1905196537263718 7.1494148182682684 15.346441616711671 10.737785103279746 15.835412949301825 56.546901506393624 8.4811040126151038 6.0403038242075118 94.21074899379164 13.110694463364778 12.648246401455252 6.0753349112346759 5.6717672036029381 9.0127071959432197 8.2292233901098353 31.14408037555404 11.685889661312101 59.733155948342755 11.82016872148961 5.9859139230102292 5.0441029431531188 15.660002827644346 5.019784537144008 17.04776418954134 6.7680821213871241 5.2098824684508136 7.4850368364714086
leaf_count=1115 379 130351 848 55 47 162 266 2523 2588 867 175 878 120 112 57 66 69 134 474 102 479 86 68 54 124 50 251 74 45 61
internal_value=-1.9955e-10 -0.0444887 0.0116495 0.00487966 0.0198227 0.0133633 -0.00471574 -0.00792774 -0.00334335 -0.000868386 0.00269149 0.0275804 0.00998722 0.0147977 0.0108037 0.000171474 0.0100395 -0.00942203 0.0142605 0.0124589 0.0173268 0.0138232 0.0274523 0.0192642 0.0241657 0.0171837 0.0282425 -0.0223716 0.0344725 -0.000443299
internal_weight=621.377 128.945 492.432 269.337 223.094 121.734 102.81 92.0727 76.2373 71.0683 62.5872 101.36 106.388 76.0156 166.527 40.8582 28.4184 13.4197 125.669 119.593 88.4491 76.7632 14.9986 62.9049 50.3758 37.7276 22.0675 12.4398 17.0301 12.5291
internal_count=142680 131466 11214 8507 2707 1782 6798 6532 4009 3630 2763 925 1620 772 1709 466 326 189 1243 1186 712 610 137 652 537 425 301 140 131 115
is_linear=0
shrinkage=0.05


Tree=57
num_leaves=31
num_cat=0
split_feature=4 8 13 4 4 3 12 3 7 8 12 11 0 11 5 0 9 3 2 1 11 13 6 2 12 11 13 9 4 1
split_gain=118.235 12.4979 9.71764 5.53543 4.449 3.72648 2.51033 2.49487 3.57723 3.33077 2.62154 2.36809 2.36016 2.35229 2.89412 2.21476 4.50085 1.73602 1.68102 2.05436 3.05928 3.24357 3.25327 3.26769 2.77045 1.7801 1.6711 1.57202 2.1376 1.56831
threshold=0.71008405089378368 0.65000000596046459 0.025469080545008186 0.86190477013587963 0.88562092185020458 0.29291357100009924 0.016261236742138866 0.30834107100963598 0.67946556210517894 0.84999999403953563 0.0093898782506585139 0.014389234129339458 0.53067633509635936 0.013423423748463394 0.70064309239387523 0.65933576226234447 0.7669452726840974 0.43571209907531744 0.74774312973022472 0.76166313886642467 0.013986697886139156 0.030507040210068229 0.69419595599174511 0.68021303415298473 0.014185110572725536 0.015504807699471714 0.026262962259352211 0.80586600303649913 0.81534090638160717 0.72077971696853649
decision_type=2 2 2 2 2 2 2 2 2 2 2 2 2 2 2 2 2 2 2 2 2 2 2 2 2 2 2 2 2 2
left_child=1 17 3 7 5 6 26 9 -9 11 15 -2 -5 14 -6 -11 -17 -1 19 20 -15 24 -23 -24 -22 -20 -4 28 -8 -30
right_child=2 -3 4 12 13 -7 27 8 -10 10 -12 -13 -14 18 -16 16 -18 -19 25 -21 21 22 23 -25 -26 -27 -28 -29 29 -31
leaf_value=-0.023851283468592749 -0.048000629881445461 -0.050368979891402259 -0.021518804364229968 -0.010048665597620221 0.03778714034130453 0.036025989491455045 0.0059146393392136669 0.040878783584815177 -0.013209253405260824 -0.002535819263241975 -0.019069404328455448 -0.0035492551023604138 0.01401176868767152 0.050971401820471329 -0.0078839926702905568 0.051199831226480641 -0.00051275937283789944 0.010222260962965322 0.00800067029702488 0.053834391970239696 0.027970198867251907 0.063315241368778905 0.00052604552973333093 0.050464929226245882 -0.012193693583502663 0.039049646864838493 0.006725761916351972 0.0013983729797120239 0.022200090962054428 0.057289320354789688
leaf_weight=6.0362830697558811 7.1769647178589349 105.22749795186974 5.6459007754456243 11.140400871692689 5.4413873520679763 14.721011091547551 6.2380802441039185 7.4069647438882367 5.2051315117569175 68.376206685592479 18.501547952881083 5.1433939668349922 119.76882775733247 13.038415533490477 9.5683554233983141 6.3262966779875596 12.564279727055689 9.8188984704320301 14.328275919891896 11.087935963645576 8.1713433060795087 7.2217230293899801 7.7287982739508134 5.6852921862155199 9.0475588832050544 6.8104506917297831 72.285515610092261 6.4542397004552177 5.7671441715210658 7.1105380672961473
leaf_count=926 769 130351 180 140 36 162 93 131 157 3171 2364 101 1083 209 71 95 496 189 90 76 70 129 50 80 92 22 1043 80 144 80
internal_value=-2.56223e-10 -0.0441335 0.0111804 0.00469693 0.0190201 0.0124877 0.0091399 -0.00258195 0.0185561 -0.00483954 -0.00197356 -0.0294435 0.0119642 0.02689 0.00867288 0.00165095 0.0168054 -0.00275 0.0301797 0.0343322 0.0300834 0.0228888 0.0362583 0.0216916 0.00686635 0.018004 0.00467953 0.0227341 0.0299379 0.041575
internal_weight=599.045 121.083 477.962 261.61 216.352 118.222 103.501 130.701 12.6121 118.089 105.768 12.3204 130.909 98.1295 15.0097 87.2668 18.8906 15.8552 83.1198 61.9811 50.8931 37.8547 20.6358 13.4141 17.2189 21.1387 77.9314 25.57 19.1158 12.8777
internal_count=142680 131466 11214 8507 2707 1782 1620 7284 288 6996 6126 870 1223 925 107 3762 591 1115 818 706 630 421 259 130 162 112 1223 397 317 224
is_linear=0
shrinkage=0.05


Tree=58
num_leaves=31
num_cat=0
split_feature=4 8 13 4 4 3 3 12 5 4 9 0 2 12 13 7 4 2 5 2 9 0 1 5 12 11 7 1 2 7
split_gain=108.616 12.2186 9.55523 4.72993 4.17722 3.36632 2.99885 2.97071 3.51092 3.38398 3.27195 4.27783 2.78021 2.55017 3.19351 4.34317 2.47583 2.88297 2.34622 2.22641 2.17998 2.63204 3.21079 3.25603 2.70708 2.10701 2.27213 2.01039 1.92638 1.76026
threshold=0.71008405089378368 0.65000000596046459 0.025469080545008186 0.83974358439445507 0.88562092185020458 0.29291357100009924 0.30834107100963598 1.0000000180025095e-35 0.70714318752288829 0.81534090638160717 0.79355257749557506 0.67158377170562755 0.57950773835182201 0.015504807699471714 0.02944979723542929 0.72106969356536876 0.81534090638160717 0.76803660392761242 0.68364748358726513 0.74664023518562328 0.69391968846321117 0.63099002838134777 0.73684132099151622 0.74653571844100963 0.012422839645296337 0.013423423748463394 0.73200637102127086 0.75562897324562084 0.70844495296478283 0.76777437329292308
decision_type=2 2 2 2 2 2 2 2 2 2 2 2 2 2 2 2 2 2 2 2 2 2 2 2 2 2 2 2 2 2
left_child=1 -1 3 6 5 13 7 10 -9 -10 11 19 -5 14 15 -4 18 -18 -15 29 -14 22 -22 27 -23 26 -6 -24 -20 -2
right_child=2 -3 4 12 25 -7 -8 8 9 -11 -12 -13 20 16 -16 -17 17 -19 28 -21 21 24 23 -25 -26 -27 -28 -29 -30 -31
leaf_value=-0.0028620019055190103 -0.0025698565438022035 -0.050352326810335406 0.029664675175940826 -0.025575075798322723 0.032419790813654085 0.035077785540981732 0.021311797289368588 -0.05445448874155065 -0.038055267224703156 0.01369497911828225 -0.034276735634134185 0.045339364442147187 0.038744214702837926 -0.028013007373422674 -0.02582034347335177 -0.0068437829791877722 0.02783989499568092 -0.012446369411493694 0.035554701044063233 0.024293867456854617 0.011544721829683727 0.018508460045548257 -0.0381453298630074 0.020854848333115194 -0.017799546967268452 0.029763545952437288 -0.0074401223926608903 -0.0074580705275752697 -0.0055784921185981894 -0.029809582800124936
leaf_weight=15.714378997043239 42.318570461065974 98.072827058338589 13.153474990540415 5.4397483023349187 6.1237013712525359 14.200077253743073 10.15156286342244 6.5527332807978409 5.7128449845040432 7.0663085501000751 7.2384869984234674 5.0524409750651094 6.6749046861659727 5.1954684848606147 9.3963397351762961 21.399647384037962 35.238393176347017 5.0812050648964933 5.0646445304155332 6.7202499411796444 41.060010264569428 71.625669880770147 8.6136651975102776 6.5676923277787855 5.5301410059910259 78.619101631455123 8.5907228700816614 14.030396752059458 6.4989113183110021 6.8974083396897177
leaf_count=1115 2075 130351 257 84 43 162 266 1032 1566 256 797 111 76 103 109 464 436 24 82 210 425 688 98 69 106 818 64 163 145 485
internal_value=2.49467e-10 -0.0437938 0.0106978 0.00424981 0.018651 0.0122826 -0.00441351 -0.00739609 -0.0246979 -0.00943966 -0.0024937 0.0012785 0.00955561 0.00907856 2.55362e-05 0.00705404 0.0160492 0.0227629 -0.000102804 -0.0027013 0.0107957 0.00953031 0.00252995 -0.0101412 0.0159061 0.0265135 0.00914838 -0.0191313 0.0124372 -0.00638739
internal_weight=579.602 113.787 465.815 257.253 208.562 115.228 97.7106 87.559 19.3319 12.7792 68.2272 60.9887 159.542 101.028 43.9495 34.5531 57.0786 40.3196 16.759 55.9362 154.102 147.428 70.2718 29.2118 77.1558 93.3335 14.7144 22.6441 11.5636 49.216
internal_count=142680 131466 11214 8507 2707 1782 6798 6532 2854 1822 3678 2881 1709 1620 830 721 790 460 330 2770 1625 1549 755 330 794 925 107 261 227 2560
is_linear=0
shrinkage=0.05


Tree=59
num_leaves=31
num_cat=0
split_feature=4 8 13 4 4 2 13 1 3 7 8 13 3 2 4 7 0 13 1 9 13 13 0 11 13 2 1 7 11 7
split_gain=99.5617 12.2076 8.24859 5.45817 3.70073 3.21417 2.80196 3.03789 2.60154 3.05216 2.86247 2.8019 2.27126 2.13739 2.10256 2.1288 2.02149 1.98707 2.78078 1.9233 3.20058 4.09015 2.91418 2.94399 4.85762 2.86297 7.31517 2.53324 2.25651 3.4457
threshold=0.71008405089378368 0.65000000596046459 0.028377328999340538 0.87083333730697643 0.82843136787414562 0.62691694498062145 0.03152930177748204 0.81787559390068065 0.30834107100963598 0.68716380000114452 0.84999999403953563 0.015504807699471714 0.48014423251152044 0.74942752718925487 0.79285714030265819 0.80600312352180492 0.59212139248847973 0.03201024420559407 0.78096601366996776 0.78180271387100231 0.011696306522935631 0.013072453904896976 0.65933576226234447 0.012579114176332952 0.012903762981295587 0.72164857387542736 0.76260989904403698 0.78063941001892101 0.014185110572725536 0.73336112499237072
decision_type=2 2 2 2 2 2 2 2 2 2 2 2 2 2 2 2 2 2 2 2 2 2 2 2 2 2 2 2 2 2
left_child=1 -1 3 8 13 -5 7 -6 10 -10 11 -2 19 -4 -12 16 -16 -8 -19 22 -21 -22 23 -7 -25 28 -27 -23 -26 -30
right_child=2 -3 4 5 6 12 17 -9 9 -11 14 -13 -14 -15 15 -17 -18 18 -20 20 21 27 -24 24 25 26 -28 -29 29 -31
leaf_value=-0.0025385919601177264 -0.045016441485485836 -0.050335493863171071 0.011062079745210852 -0.017862323624039569 0.02202642473877189 -0.020044761349397935 0.058899326989185818 -0.016947682472612777 0.03844403563188132 -0.010545120321850265 -0.017884607892721709 0.0017698292588846064 0.039845029639544269 -0.022546793635390281 -0.0080337181544951827 -0.022307473016690504 0.007945585021482229 0.042404424029574166 0.004341924237121284 0.041600434296833931 -0.040512264122711736 -0.0072627403692338485 0.030212780727948026 0.0570460290846743 0.0066325216726234723 -0.053205295892212207 0.029749079498819754 0.018930599192524215 0.0087893153980609425 0.061645647937713988
leaf_weight=15.643352529092224 7.6706126629433111 91.479100385931815 31.960889421694446 8.4016554844565672 80.039368544705212 6.9341501211747518 7.9176988750696209 5.3330306597053996 8.3129559680528455 5.1485687810636582 16.019728946404939 5.4906319585716119 8.0002492815256101 5.5524233838368664 27.223901727236807 8.6259018697892298 72.504506702302024 14.262779626995327 7.2315772809088221 5.1405736691958728 5.4733509202487758 18.504452383844182 27.753125629387796 5.9758007312193504 22.714468507096171 5.5653419615700823 5.0864868424832821 18.418571600690484 6.6912904949858767 5.7183977458626032
leaf_count=1115 692 130351 492 134 917 120 87 33 153 168 4519 228 64 84 546 276 1417 173 23 56 90 179 210 25 193 46 26 171 53 39
internal_value=-3.18353e-10 -0.0433556 0.0102372 0.00544453 0.0197213 0.0121872 0.0241771 0.0195918 -0.0012705 0.0197074 -0.00332375 -0.0254981 0.0139654 0.00608756 -0.00097727 0.00152241 0.00358355 0.0374864 0.0295986 0.01242 0.00434176 -0.000175871 0.0168627 0.0105493 0.0146486 0.0091138 -0.0135927 0.00580347 0.0159998 0.0331456
internal_weight=560.795 107.122 453.672 301.375 152.298 150.378 114.784 85.3724 150.997 13.4615 137.535 13.1612 141.976 37.5133 124.374 108.354 99.7284 29.4121 21.4944 133.976 47.5369 42.3964 86.4391 58.6859 51.7518 45.776 10.6518 36.923 35.1242 12.4097
internal_count=142680 131466 11214 9405 1809 1406 1233 950 7999 321 7678 920 1272 576 6758 2239 1963 283 196 1208 496 440 712 502 382 357 72 350 285 92
is_linear=0
shrinkage=0.05


Tree=60
num_leaves=31
num_cat=0
split_feature=4 8 4 12 3 12 12 11 13 11 13 11 13 9 5 7 7 13 7 13 13 0 13 6 1 8 6 1 4 3
split_gain=91.5217 12.0691 7.73509 5.7787 5.22987 3.62022 3.26029 3.82302 2.76156 3.27388 3.48385 2.5805 2.55977 2.38706 3.38376 2.82881 3.82082 2.28833 3.13693 2.28538 2.20576 3.00154 2.17732 1.99241 2.71363 1.95932 1.89451 3.03306 1.78827 1.58138
threshold=0.71008405089378368 0.65000000596046459 0.88562092185020458 0.009569597430527212 0.29291357100009924 0.015504807699471714 0.011561079882085325 0.013072453904896976 0.02944979723542929 0.012422839645296337 0.011561079882085325 0.012121656909585001 0.028536876663565639 0.72868442535400402 0.74550324678421032 0.77134332060813915 0.69716009497642528 0.013986697886139156 0.79468929767608654 0.028618008829653267 0.015268065501004459 0.6492234766483308 0.014389234129339458 0.76412683725357067 0.73299944400787365 1.1500000357627871 0.72305032610893261 0.73766443133354198 0.81534090638160717 0.43571209907531744
decision_type=2 2 2 2 2 2 2 2 2 2 2 2 2 2 2 2 2 2 2 2 2 2 2 2 2 2 2 2 2 2
left_child=1 29 4 13 5 8 -5 11 9 10 -2 -8 -11 -4 15 16 -15 18 -16 25 21 23 -6 24 -18 -9 -21 -28 -12 -1
right_child=2 -3 3 6 22 -7 7 19 -10 12 28 -13 -14 14 17 -17 20 -19 -20 26 -22 -23 -24 -25 -26 -27 27 -29 -30 -31
leaf_value=-0.022998784292672478 0.0050925630555762698 -0.050320597712128101 0.022799127589501061 0.048439304757443222 0.0015624366734501593 0.012599453544194242 0.015946296616266658 -0.0066404176166073338 -0.028489112602940032 0.00086425974549003562 -0.053474501704094617 -0.029767540995666544 0.027532451562326494 -0.036540084759078224 0.034483017258879499 -0.031964498889018166 0.017608884939653853 0.047373206068679848 -0.011792416616394238 0.042687020133328223 -0.01924500381411192 0.04901486102266283 0.034055451846222044 0.031024474752653936 -0.027644601288548173 0.027731133331346483 -0.0062792643437217634 0.03005161623939644 -0.018785111815046867 0.0099450236708492328
leaf_weight=5.8305011405609539 11.468038629849618 85.467901243257074 19.696592540480196 13.207194045651702 7.0651600163691937 56.80182804519427 7.1748234406113607 8.8668713066726941 9.2831770664342894 124.32406195862859 5.6932948676985715 5.4184784600511193 9.7002509159792663 5.6759356274269512 6.788224092684688 7.9449066147208205 6.7010170323774307 5.4747388311661771 7.9525909731164575 20.63516550604254 5.863671966828405 5.0953094866126767 19.075769436807605 5.5046600252389899 6.551621001213789 7.7877596355974665 6.8388524036854497 35.907337995246053 10.692766536347333 9.708116469148079
leaf_count=926 1276 130351 181 113 193 984 73 88 109 3008 2740 43 133 72 62 97 60 43 72 379 45 36 270 44 68 85 73 246 621 189
internal_value=-2.50446e-10 -0.0429511 0.0097889 0.0174464 0.00409078 0.00166173 0.0251986 0.0218849 -0.00196807 -0.000447183 -0.0160446 -0.00372285 0.00279442 0.00759075 0.00287728 -0.00500252 0.00104995 0.0197696 0.00951767 0.0259142 0.0082298 0.0149839 0.0252735 0.00573962 -0.00476279 0.00943183 0.0302452 0.0242391 -0.0308379 -0.00241637
internal_weight=544.197 101.007 443.19 189.086 254.104 227.963 105.836 92.6293 171.162 161.878 27.8541 12.5933 134.024 83.2493 63.5527 43.3371 35.3922 20.2156 14.7408 80.036 29.7163 23.8526 26.1409 18.7573 13.2526 16.6546 63.3814 42.7462 16.3861 15.5386
internal_count=142680 131466 11214 1880 9334 8871 1100 987 7887 7778 4637 116 3141 780 599 422 325 177 134 871 253 208 463 172 128 173 698 319 3361 1115
is_linear=0
shrinkage=0.05


Tree=61
num_leaves=31
num_cat=0
split_feature=4 8 4 12 3 12 12 11 13 12 11 5 4 1 7 9 0 0 13 7 4 13 13 4 6 13 9 4 2 0
split_gain=84.0741 11.9984 7.61628 5.38851 4.96573 3.6423 2.94599 3.02215 2.32304 2.17121 2.49705 3.78919 3.11689 3.29308 2.10748 2.09479 2.48539 5.40954 3.75503 2.3195 2.11925 2.04723 1.8908 1.7996 2.11077 4.17761 1.89165 1.74694 2.31851 2.08458
threshold=0.71008405089378368 0.65000000596046459 0.88562092185020458 0.009569597430527212 0.29291357100009924 0.015504807699471714 0.011561079882085325 0.013423423748463394 0.020369221456348899 0.015038444194942715 0.014185110572725536 0.6374342441558839 0.77350428700447094 0.66789248585701 0.80139648914337169 0.81305870413780224 0.66298577189445507 0.64535194635391246 0.014815627597272398 0.77918288111686718 0.91987180709838878 0.014389234129339458 0.027608533389866356 0.81534090638160717 0.72369664907455455 0.015268065501004459 0.76509881019592296 0.81534090638160717 0.76803660392761242 0.73079112172126781
decision_type=2 2 2 2 2 2 2 2 2 2 2 2 2 2 2 2 2 2 2 2 2 2 2 2 2 2 2 2 2 2
left_child=1 -1 4 8 5 9 -5 -8 15 10 11 -2 -13 -14 -15 16 17 18 20 -18 -4 -6 -9 -12 25 -25 -26 -7 29 -29
right_child=2 -3 3 6 21 27 7 22 -10 -11 23 12 13 14 -16 -17 19 -19 -20 -21 -22 -23 -24 24 26 -27 -28 28 -30 -31
leaf_value=-0.0021344223389756218 -0.039663286685770988 -0.050305933688442932 -0.0019635342377553578 0.04720988069797858 0.0014336470697819473 -0.00096022366073084087 0.0042389148075126426 0.0042736805437121996 -0.020919694523312063 -0.025697787510672521 -0.0064169316620827704 -0.04083724326054658 0.031160844208376594 -0.0013382339487422461 -0.031326160350324532 -0.019949122216709348 0.052628180171002473 -0.041451529624412543 0.043688384602373204 0.011837975996409024 0.02117034018707813 0.033244197218109534 0.029481155952778046 -0.025860283181646199 0.036050694187549748 0.024341303214397658 0.0077959088376756223 0.003506953800241617 -0.013363110503895182 0.030924131563736135
leaf_weight=15.422688156948423 7.6282846931499071 79.869992810159602 26.741448401007801 12.767181118251754 6.9555919750710045 17.151304265004001 19.694588639307767 8.4675847822800261 6.6019479259848586 9.4589130278982321 16.854347549829981 5.1404293000814496 7.3898083998356006 73.635292995983036 6.3652739581011692 5.4119524811394504 6.6327763274312002 5.1030489401891819 8.1319595314562303 7.3440322894603014 15.718971238005905 18.537586548918625 61.254775997251272 8.2535446062684077 12.439245240762832 8.3232460059225541 11.30950248474255 9.7729625003412348 5.0544753081630907 23.856591515941545
leaf_count=1115 616 130351 305 113 193 489 179 87 71 287 599 3471 200 2089 309 70 49 48 47 56 134 270 721 65 70 83 98 158 31 306
internal_value=2.72036e-11 -0.0425096 0.00937705 0.0170893 0.00366199 0.00126844 0.0247423 0.0215343 0.00751592 -0.00243173 -0.00103302 -0.0057923 -0.00299996 -0.000774321 -0.00372423 0.0100162 0.0123438 0.00761303 0.012562 0.0311952 0.00660069 0.024565 0.0264198 0.00730358 0.0130382 -0.000653947 0.0225954 0.012322 0.018211 0.0229565
internal_weight=527.289 95.2927 431.997 183.87 248.126 222.633 102.184 89.4169 81.6861 166.798 157.339 100.159 92.5308 87.3904 80.0006 75.0842 69.6722 55.6954 50.5924 13.9768 42.4604 25.4932 69.7224 57.1799 40.3255 16.5768 23.7487 55.8353 38.684 33.6296
internal_count=142680 131466 11214 1880 9334 8871 1100 987 780 7887 7600 6685 6069 2598 2398 709 639 534 486 105 439 463 808 915 316 148 168 984 495 464
is_linear=0
shrinkage=0.05


Tree=62
num_leaves=31
num_cat=0
split_feature=4 8 4 3 11 12 0 9 9 7 4 11 0 9 12 7 6 9 5 11 7 7 12 0 8 6 1 5 11 7
split_gain=77.5535 11.8456 7.23457 4.84686 4.24142 3.22267 3.02029 2.57599 2.30318 2.05075 1.96254 2.56076 2.38398 2.50401 2.9 1.93336 1.83558 2.52645 2.12414 1.74017 2.05084 2.68623 1.68511 2.75754 1.71656 2.6105 1.6742 2.20522 1.65808 3.71386
threshold=0.71008405089378368 0.65000000596046459 0.88562092185020458 0.29291357100009924 0.014815627597272398 0.015504807699471714 0.66009971499443065 0.81591737270355236 0.71154022216796886 0.73883977532386791 0.79285714030265819 0.015504807699471714 0.58966997265815746 0.75236189365386974 0.014599318150430919 0.69973701238632213 0.72305032610893261 0.77683988213539135 0.66338744759559642 0.014185110572725536 0.80050483345985424 0.77918288111686718 0.0090499590151011961 0.64535194635391246 1.2500000000000002 0.76412683725357067 0.75562897324562084 0.74076938629150402 0.013072453904896976 0.74046245217323314
decision_type=2 2 2 2 2 2 2 2 2 2 2 2 2 2 2 2 2 2 2 2 2 2 2 2 2 2 2 2 2 2
left_child=1 -1 3 5 6 10 8 28 -4 16 11 -2 -12 -14 19 -5 18 -18 -6 20 21 -15 23 24 25 -10 -21 -28 29 -8
right_child=2 -3 4 15 9 -7 7 -9 22 -11 12 -13 13 14 -16 -17 17 -19 -20 26 -22 -23 -24 -25 -26 -27 27 -29 -30 -31
leaf_value=-0.0020893657843859665 -0.023849694835597766 -0.050293047628035506 0.027498268722248743 0.033272292627802867 0.058620710317169228 0.011422725742265272 0.037617051441810698 -0.002728806716758317 -0.015884269272501802 0.04421736163810501 -0.01195072731877816 0.015686295411050426 0.012857804005124363 -0.010828602687578712 -0.037631289344901869 0.0026284686123761022 -0.019308006995690831 0.02871025774245628 0.013034589105579867 -0.0087828268702625691 -0.034794817193273105 0.02147280031326336 0.023372349710023527 -0.038833078368073953 0.018045311908994888 0.018929730093146992 0.038527264184986101 -0.0030623290577461043 0.027056982319452683 -0.0065434574496813728
leaf_weight=15.363031285698524 19.529527542072177 74.785928398570832 8.650226145051418 17.565373914927481 5.208554698154332 55.013691356245545 7.6568082459270981 12.034697621827943 19.148272942518819 17.174217639490962 32.977972641994711 5.1825045317673348 42.205682306317613 21.450489456241488 5.4936418925062744 7.2805845147522623 5.0269902255386096 6.0192954698577523 5.016641229391098 6.3539667455479529 5.3098017254087599 9.19557062134845 6.4018439243081948 5.0464787930250159 10.178139475174246 7.4912157533690324 8.2056615659967047 5.2116445584688327 51.286352107301354 12.588543048128484
leaf_count=1115 5034 130351 129 284 57 984 57 116 234 160 715 150 648 548 99 179 37 31 74 65 255 258 63 49 86 80 58 57 598 109
internal_value=-9.42152e-11 -0.0420783 0.00903375 0.00337847 0.0166501 0.000974202 0.012623 0.0186734 0.00373954 0.0313656 -0.00259348 -0.0155584 -0.000244661 0.00348787 -0.00297178 0.0242928 0.0209893 0.0068579 0.0362554 0.000444996 -0.00610687 -0.00113633 -0.000518504 -0.00417188 0.000579018 -0.00609432 0.0123602 0.0223727 0.0222741 0.0101581
internal_weight=510.053 90.149 419.904 240.976 178.928 216.13 140.483 83.5664 56.9162 38.4457 161.116 24.712 136.404 103.426 61.2208 24.846 21.2715 11.0463 10.2252 55.7271 35.9559 30.6461 48.266 41.8641 36.8176 26.6395 19.7713 13.4173 71.5317 20.2454
internal_count=142680 131466 11214 9334 1880 8871 1521 880 641 359 7887 5184 2703 1988 1340 463 199 68 131 1241 1061 806 512 449 400 314 180 115 764 166
is_linear=0
shrinkage=0.05


Tree=63
num_leaves=31
num_cat=0
split_feature=4 8 4 3 11 13 5 2 0 9 9 11 8 7 13 6 13 7 13 13 11 12 4 12 0 5 7 13 5 11
split_gain=71.3547 11.7559 6.97923 4.76653 3.90814 3.09759 2.73272 2.9009 2.42273 2.10172 1.9084 1.90412 4.46233 1.84651 1.80344 1.67397 1.55482 3.88072 3.07842 2.31487 2.23464 2.45849 1.82645 1.53814 2.02307 3.04366 2.01076 1.6724 3.42531 2.92903
threshold=0.71008405089378368 0.65000000596046459 0.88562092185020458 0.29291357100009924 0.014815627597272398 0.026262962259352211 0.68675106763839733 0.64463096857070934 0.66009971499443065 0.81591737270355236 0.71154022216796886 0.014389234129339458 0.84999999403953563 0.73883977532386791 0.014389234129339458 0.70193475484848034 0.027890717610716823 0.71769461035728466 0.028443573974072937 0.028988552279770378 0.013793759513646366 0.015504807699471714 0.81534090638160717 0.0098524559289217013 0.67232736945152294 0.74146395921707164 0.71259972453117382 0.014599318150430919 0.73485043644905101 0.013986697886139156
decision_type=2 2 2 2 2 2 2 2 2 2 2 2 2 2 2 2 2 2 2 2 2 2 2 2 2 2 2 2 2 2
left_child=1 -1 3 5 8 6 11 -8 10 -10 -4 12 -2 -6 -5 -16 17 -7 -18 -20 -21 -22 -23 24 26 -26 -9 29 -29 -28
right_child=2 -3 4 14 13 16 7 23 9 -11 -12 -13 -14 -15 15 -17 18 -19 19 20 21 22 -24 -25 25 -27 27 28 -30 -31
leaf_value=-0.0018962703623943205 -0.061926376373909381 -0.050281065699258991 0.026270126483190839 0.0017329213746195941 0.020696657013477254 0.050933576470867707 0.034151120083703877 0.020040963714377417 0.021154264488769323 -0.001674461731358815 0.00038224025752040675 0.004181859839138497 -0.011818652373142717 0.043139389469873314 0.049983786008169474 0.018947900002778018 -0.032087885967116411 -0.00037670300986641486 0.033073981663487011 -0.02230786326097807 -0.012103400444033574 -0.0020727571030604466 0.021827893938200341 -0.015087930652409402 0.039381227907670686 -0.0089251728771694988 -0.0048306063709303224 -0.014321130602035935 0.037028945963213454 -0.039524842229688613
leaf_weight=15.29735397704644 5.8125021118612521 69.998002310130687 8.3873585569672269 6.6137742471037226 20.67585111130029 6.7133032781202919 5.8505477187718489 8.1621311524431786 69.609658139292151 11.789704545633866 47.073655637330376 8.2047761294743378 18.860071686351148 16.462767949327826 7.6383658993581802 10.0758364314388 5.1885011529666363 8.1693792687728983 8.0219930921157339 6.8909078724682322 11.489280467896604 11.627797899796859 25.573072381317616 18.35800505248335 7.6197350242873636 5.7001704812864773 27.966066597233294 7.3157331390248128 5.840050648941542 7.7746401605691053
leaf_count=1115 406 130351 129 193 199 131 241 249 764 116 512 182 1567 160 157 113 112 253 108 104 179 181 369 2027 191 313 1792 216 106 144
internal_value=-3.8945e-10 -0.0416035 0.00866637 0.00305494 0.0162601 0.000640174 -0.00426664 4.9603e-05 0.0123566 0.0178478 0.00429726 -0.0166843 -0.0236233 0.030645 0.0240123 0.0323306 0.00811493 0.0227684 0.00494472 0.00796571 0.00434184 0.00811346 0.0143573 -0.00219877 0.00116333 0.0187088 -0.00293253 -0.00676742 0.00847394 -0.0123776
internal_weight=494.761 85.2954 409.466 235.467 173.999 211.139 127.464 94.5871 136.86 81.3994 55.461 32.8773 24.6726 37.1386 24.328 17.7142 83.6742 14.8827 68.7916 63.6031 55.5811 48.6902 37.2009 88.7365 70.3785 13.3199 57.0586 48.8965 13.1558 35.7407
internal_count=142680 131466 11214 9334 1880 8871 7434 5279 1521 880 641 2155 1973 359 463 270 1437 384 1053 941 833 729 550 5038 3011 504 2507 2258 322 1936
is_linear=0
shrinkage=0.05


Tree=64
num_leaves=31
num_cat=0
split_feature=4 4 8 11 12 13 11 12 4 3 7 2 6 13 5 4 0 13 13 7 8 6 5 11 6 1 7 5 7 0
split_gain=66.1348 10.2856 9.58272 7.59383 6.9756 4.32151 3.60369 6.83268 3.72479 3.36234 3.34937 4.21308 2.91882 2.76865 2.44392 2.24627 4.5265 2.21151 1.87938 2.00403 2.68207 1.83104 1.90449 1.81743 1.84031 3.44638 1.94911 4.6548 1.74186 1.69164
threshold=0.59411767125129711 0.82843136787414562 1.1500000357627871 0.016261236742138866 0.016001024283468727 0.010811126790940763 0.014185110572725536 0.015749008394777778 0.92582416534423839 0.48014423251152044 0.79403382539749157 0.74664023518562328 0.62505722045898449 0.014815627597272398 0.69081705808639537 0.71008405089378368 0.66582989692687999 0.028377328999340538 0.031645495444536216 0.74316751956939708 1.2500000000000002 0.6965850591659547 0.67437368631362926 0.014389234129339458 0.77325451374053966 0.74458989500999462 0.73200637102127086 0.67332017421722423 0.7347874939441682 0.61667752265930187
decision_type=2 2 2 2 2 2 2 2 2 2 2 2 2 2 2 2 2 2 2 2 2 2 2 2 2 2 2 2 2 2
left_child=-1 2 3 12 5 -3 7 8 9 17 11 13 -2 28 -10 16 -14 -7 19 20 -6 22 -17 -15 25 26 27 -25 -8 -24
right_child=1 4 -4 -5 18 6 10 -9 14 -11 -12 -13 15 23 -16 21 -18 -19 -20 -21 -22 -23 29 24 -26 -27 -28 -29 -30 -31
leaf_value=-0.050314701055705048 -0.041651637574992351 0.053597127055815375 -0.052561738391216722 0.043309323185754596 0.044197197205399288 -0.0029848604774128703 -0.025653992898616175 -0.054387136939041708 0.052588293025065527 0.031807732777629119 0.041528169078376705 -0.019501324810196102 0.0032996465737292376 0.044471485777378875 0.014313017398008977 -0.0040382602082005394 -0.051930450196402259 0.024163568345107338 0.040114003439017103 0.0083168445300628151 0.0041254928548338397 -0.0038171101304046401 0.0051042913845778812 0.031378578386024446 0.043379445873388024 -0.025011801987559226 0.037466730148420335 -0.023006381541834819 0.014145715542044083 0.04323303893529104
leaf_weight=57.504243522696925 5.0885693292802889 5.1375375743955365 9.7784313499796536 8.9166769071744039 13.576069103553893 107.9917887164047 5.438427370041607 5.0368569232523432 5.1065523372963098 8.3191199079155904 11.103043500334023 9.2192805269733054 8.5325520251644758 7.7533479891717425 22.752634766511619 9.1522522403538478 6.5634987069279296 8.0613018367439491 19.979274359531701 16.738681653514504 6.0306879645213476 68.519288638159196 5.2184051068325044 9.8142872005701154 5.9508163034915915 5.0005217492580405 10.142624663189052 6.5671530906110993 5.5593580007553101 6.5732688043644885
leaf_count=112063 1243 35 12206 213 225 1751 54 64 46 82 82 70 5043 50 175 466 4274 95 220 211 139 3017 224 111 34 55 116 75 51 190
internal_value=6.46365e-11 0.00682993 -0.00498758 -0.00106397 0.0119664 0.0082353 0.00723859 0.00290793 0.00480364 0.00110203 0.0161359 0.011828 -0.00467245 0.016965 0.0213288 -0.00287279 -0.0207134 -0.00109907 0.0277954 0.0210237 0.0318719 0.000137641 0.0130758 0.0224361 0.0178772 0.0130632 0.0202414 0.0095762 -0.00553532 0.0263592
internal_weight=481.127 423.622 128.343 118.565 295.279 238.955 233.817 157.268 152.231 124.372 76.5489 65.4458 109.648 56.2265 27.8592 104.559 15.0961 116.053 56.3247 36.3454 19.6068 89.4632 20.9439 45.2288 37.4754 31.5246 26.5241 16.3814 10.9978 11.7917
internal_count=142680 30617 26876 14670 3741 2946 2911 2213 2149 1928 698 616 14457 546 221 13214 9317 1846 795 575 364 3897 880 441 391 357 302 186 105 414
is_linear=0
shrinkage=0.05


Tree=65
num_leaves=31
num_cat=0
split_feature=4 4 8 13 11 3 0 7 2 8 13 9 2 0 4 11 7 11 13 13 4 6 11 12 11 9 0 11 8 1
split_gain=61.8236 9.30714 9.10348 5.44181 4.46457 3.95857 3.34078 3.24679 4.77804 3.96587 3.16578 4.53346 2.78051 2.71704 2.46358 2.39828 4.33185 4.27543 2.02223 4.86849 2.35383 1.82764 1.60967 1.57352 1.96473 2.7905 2.3324 4.13747 1.98141 2.61005
threshold=0.59411767125129711 0.82843136787414562 1.1500000357627871 0.03152930177748204 0.016261236742138866 0.4348746538162232 0.57871094346046459 0.70307430624961864 0.69825604557991039 1.0500000119209292 0.011173533275723459 0.82139986753463756 0.60485574603080761 0.69232779741287243 0.89444443583488475 0.013072453904896976 0.74046245217323314 0.012121656909585001 0.011428944766521456 0.012579114176332952 0.71008405089378368 0.6965850591659547 0.013245614245533945 0.016261236742138866 0.014185110572725536 0.73127481341362011 0.62762734293937694 0.014389234129339458 1.2500000000000002 0.73396044969558727
decision_type=2 2 2 2 2 2 2 2 2 2 2 2 2 2 2 2 2 2 2 2 2 2 2 2 2 2 2 2 2 2
left_child=-1 2 4 5 12 6 7 9 -9 -3 -8 14 -2 -13 23 16 -16 -18 -14 -20 -21 -22 -10 24 25 -12 -26 -28 29 -27
right_child=1 3 -4 -5 -6 -7 10 8 22 -11 11 13 18 -15 15 -17 17 -19 19 20 21 -23 -24 -25 26 28 27 -29 -30 -31
leaf_value=-0.050304559304850088 -0.03930609404833902 -0.054886849608813459 -0.052330416411880125 0.034462630696035189 0.034006520903210845 0.031526334824687287 0.045964082673204704 0.028686097939833566 0.005948323176046131 0.0012152125875445625 0.018165380904662003 -0.046934148647203841 0.021692659405194725 -0.0022539838359385451 0.038806478583133207 0.020888170696851553 0.0089914593191090849 -0.046236635957830244 -0.050006789408627676 -0.025815907523566717 0.015426417176702366 -0.0026453604543459517 -0.030360290107832467 0.026495216923993727 -0.014658535792921118 -0.050094611490469537 0.055392652469904463 0.0084286275953278488 0.0035567754170510927 -0.009595441564025118
leaf_weight=54.003394796696739 5.2347665509478238 6.2764816409908217 9.3389388626383134 23.717556416988373 8.4403057625313505 18.87651080172509 6.0104611769784233 11.077798373531552 5.0151380883762595 6.3239975124597549 12.079910166794432 5.0610232893377534 8.31190498460637 10.38336365809664 5.6413330915384021 76.529862046707422 8.9049182916060072 5.778103037737309 5.4259706325519792 8.7372685098616767 18.207339209857309 60.404479634831659 7.8001411138102412 8.0338611975312215 6.1549687972292295 5.230888546677309 6.1506579052656916 19.743549069389701 16.770607867045328 16.613404604257084
leaf_count=112063 1457 126 12206 283 213 199 77 149 99 104 174 68 1653 125 55 894 91 58 2691 6039 542 2075 67 158 62 112 35 199 320 286
internal_value=1.32707e-10 0.00658932 -0.00485854 0.0115193 -0.000995442 0.00946164 0.00776564 -0.0061933 0.00463716 -0.02673 0.010202 0.00914355 -0.00377406 -0.0168954 0.0112869 0.0168335 0.00156602 -0.0127421 -0.00193404 -0.0040508 -0.0011961 0.00154026 -0.0161513 0.00536895 0.00331773 -0.00280831 0.0130078 0.019584 -0.00936952 -0.0192935
internal_weight=466.279 412.276 124.101 288.175 114.762 264.457 245.58 36.4936 23.8931 12.6005 209.087 203.076 106.322 15.4444 187.632 96.8542 20.3244 14.683 101.087 92.7751 87.3491 78.6118 12.8153 90.7778 82.744 50.6948 32.0492 25.8942 38.6149 21.8443
internal_count=142680 30617 26876 3741 14670 3458 3259 545 315 230 2714 2637 14457 193 2444 1098 204 149 13000 11347 8656 2617 166 1346 1188 892 296 234 718 398
is_linear=0
shrinkage=0.05


Tree=66
num_leaves=31
num_cat=0
split_feature=4 4 8 0 11 13 13 9 13 13 0 11 4 13 4 2 7 6 11 13 12 2 0 7 7 5 13 6 0 10
split_gain=57.865 8.94627 9.06098 5.42835 4.91279 3.76682 4.07925 3.05968 2.99735 5.91286 2.27568 2.44026 2.20226 2.19993 3.24574 2.84391 2.28338 3.75786 2.06239 2.21678 1.79845 1.64475 1.59228 1.89539 1.71108 4.63447 1.774 1.57039 2.99237 1.90628
threshold=0.59411767125129711 0.81534090638160717 1.0500000119209292 0.57871094346046459 0.016261236742138866 0.03152930177748204 0.010929288342595102 0.78298318386077892 0.011428944766521456 0.012903762981295587 0.6812453866004945 0.013793759513646366 0.89444443583488475 0.014389234129339458 0.92582416534423839 0.70895177125930797 0.71949434280395519 0.65858352184295665 0.010811126790940763 0.030507040210068229 0.016261236742138866 0.7502821981906892 0.67382958531379711 0.71259972453117382 0.7170187532901765 0.6925257444381715 0.026739345863461498 0.70399960875511181 0.76265743374824535 0.99999997019767772
decision_type=2 2 2 2 2 2 2 2 2 2 2 2 2 2 2 2 2 2 2 2 2 2 2 2 2 2 2 2 2 2
left_child=-1 2 4 13 8 6 -5 12 -2 -10 11 -9 20 14 15 16 17 -3 -12 -20 22 -13 24 -24 25 26 -8 -7 -29 -30
right_child=1 3 -4 5 -6 27 7 10 9 -11 18 21 -14 -15 -16 -17 -18 -19 19 -21 -22 -23 23 -25 -26 -27 -28 28 29 -31
leaf_value=-0.050294504804517692 0.025049293943730469 0.0077403951386881597 -0.051570970370580588 0.054371598842994265 0.037895706618926078 0.056169996962498782 -0.0066876642140860426 -0.031321380982387029 -0.057827807526728794 -0.0044393818610061328 -0.020285735751844142 0.01656168162532785 0.021446144362587224 0.016265562796031297 0.024956965683309688 -0.046330601850815223 0.010289843303999383 -0.044246490685027687 0.014425454439422062 -0.013744339723913652 0.033826886678066242 -0.019713896747441308 -0.022694525382022029 0.0059735779808118943 0.0043363255068313506 0.054027399000081522 0.027746122178441107 -0.0073462392262275411 0.020034635990905353 0.057567135949069717
leaf_weight=50.752386993652181 7.108250746583507 6.0808426289586412 10.359016833539497 5.3485098599921903 7.0845774215849806 5.2362966742366579 9.5731141331198177 8.9476377337705362 5.6900957561665555 58.554513522569323 6.0537173878692547 8.0709083937108499 64.814335861010477 8.9280928312800807 5.193031955510377 6.7847117999335742 8.9321856792084855 8.1150977035285887 48.950393067672849 8.1460698163136822 6.8879588507115832 5.0987501861527553 8.196129801974168 19.441994422813877 29.953703182400204 7.7437456855550399 6.1391931008547536 5.1294765453785667 7.2827965570613742 6.3179479576647282
leaf_count=112063 1234 136 16321 44 147 149 178 293 2638 5776 253 62 812 91 45 152 144 149 531 108 155 48 126 282 447 69 65 42 49 71
internal_value=4.20298e-10 0.00637882 -0.00762062 0.0103712 -0.00181622 0.0130506 0.0111881 0.0102177 -0.00575919 -0.00916795 0.00263013 -0.0111723 0.0144532 -0.00589551 -0.0115315 -0.0178661 -0.00951593 -0.0219779 0.00746419 0.0104064 0.00929894 0.00251727 0.0072144 -0.00252799 0.0122558 0.0223691 0.00676648 0.0319635 0.0251963 0.0374696
internal_weight=450.915 400.163 88.7965 311.367 78.4374 267.333 243.366 238.018 71.3529 64.2446 85.2675 22.1173 152.75 44.034 35.1059 29.9128 23.1281 14.1959 63.1502 57.0965 87.9358 13.1697 81.0479 27.6381 53.4098 23.4561 15.7123 23.9665 18.7302 13.6007
internal_count=142680 30617 26116 4501 9795 3784 3473 3429 9648 8414 1295 403 2134 717 626 581 429 285 892 639 1322 110 1167 408 759 312 243 311 162 120
is_linear=0
shrinkage=0.05


Tree=67
num_leaves=31
num_cat=0
split_feature=4 4 8 13 3 11 4 11 7 0 7 11 6 3 5 6 7 9 2 0 2 1 5 9 12 13 0 5 11 2
split_gain=53.9237 8.43799 8.34483 4.74052 4.30786 3.46846 3.60719 3.36676 2.5112 4.35712 2.48663 2.19803 4.26379 2.04629 2.02731 3.37934 2.61123 1.96717 1.93918 1.93671 1.91087 2.01782 1.59763 2.58078 2.47337 3.12835 3.44861 5.10783 1.98721 1.79511
threshold=0.59411767125129711 0.81534090638160717 1.0500000119209292 0.014389234129339458 0.30834107100963598 0.010471491608768703 0.91287881135940563 0.013606071937829258 0.7642977535724641 0.66298577189445507 0.74046245217323314 0.012903762981295587 0.7751181721687318 0.43312263488769537 0.68478485941886913 0.7168962061405183 0.67678478360176098 0.75315818190574657 0.72164857387542736 0.63186064362525951 0.67683044075965892 0.75903609395027172 0.70111706852912914 0.7510344684123994 0.016261236742138866 0.031269090250134475 0.70773082971572887 0.68064773082733165 0.016001024283468727 0.68459254503250133
decision_type=2 2 2 2 2 2 2 2 2 2 2 2 2 2 2 2 2 2 2 2 2 2 2 2 2 2 2 2 2 2
left_child=-1 2 4 5 11 -3 -7 10 -8 -10 20 12 -2 22 16 -16 -13 -12 -17 -20 -5 -22 24 -24 25 26 27 29 -25 -9
right_child=1 3 -4 7 -6 6 8 13 9 -11 17 14 -14 -15 15 18 -18 -19 19 -21 21 -23 23 28 -26 -27 -28 -29 -30 -31
leaf_value=-0.05028267648553722 -0.0436716499822827 0.033823511343340031 -0.051467797366334028 -0.010762187837360857 0.020294035843140393 -0.0078467172583421632 0.02814065314603308 0.003622706441685298 -0.0311503228473923 0.021749263481265838 -0.033249643679340635 -0.0017315534750508511 0.0084611845903534676 0.038699550142725581 0.033595437717615674 -0.031204638234056642 -0.046945520999013196 2.7745395526873396e-05 0.029237520278378545 -0.0078413978399909084 0.032343041844581651 -0.0031317149658666383 0.03680614920816238 0.012218733560108115 0.032517741388348002 -0.031696503047146614 0.044017392376017962 -0.028368710730775404 0.036430413398107708 0.031842691940043737
leaf_weight=47.529203723544924 10.314377996262921 7.6166629210056263 9.6555579056948755 5.6102737946203005 16.724162162259745 65.380208888032939 14.407477281987669 13.092163020744922 6.7537173926830283 9.1883348459377867 5.5712061184458461 8.6829283369879686 6.3284569643219575 11.463425484020261 7.613980995265595 5.360093890529245 5.0508462464858885 21.891891865292564 5.0459959721556542 11.657990478801365 14.163947781693425 5.5907609113492063 19.784921328537166 52.831624466925859 9.8980956478044373 5.1668968331068745 6.1612862842157474 9.1692754691466671 10.094136277213691 9.8939965632744116
leaf_count=112063 4909 198 16321 98 687 1291 138 213 95 62 85 624 1513 152 382 480 377 372 241 582 156 95 291 617 268 38 59 113 82 78
internal_value=3.1228e-10 0.00612535 -0.00765836 0.0100479 -0.00214897 0.0013498 -0.00123394 0.0145338 0.0130116 -0.000661205 0.00370228 -0.00839896 -0.0238481 0.0184117 -0.00247621 0.00487406 -0.0183598 -0.00672296 -0.00503725 0.00335953 0.0149899 0.0223034 0.0167028 0.021055 0.0099595 0.0048246 0.00974937 0.00318329 0.0161026 0.0157695
internal_weight=437.694 390.165 86.4344 303.73 76.7788 103.346 95.7297 200.384 30.3495 15.9421 52.8281 60.0547 16.6428 147.556 43.4118 29.6781 13.7338 27.4631 22.0641 16.704 25.365 19.7547 136.092 82.7107 53.3817 43.4836 38.3167 32.1554 62.9258 22.9862
internal_count=142680 30617 26116 4501 9795 1784 1586 2717 295 157 806 9108 6422 1911 2686 1685 1001 457 1303 823 349 251 1759 990 769 501 463 404 699 291
is_linear=0
shrinkage=0.05


Tree=68
num_leaves=31
num_cat=0
split_feature=4 4 8 0 11 13 13 13 2 0 3 13 9 13 4 13 13 0 13 13 13 5 2 8 13 13 3 6 6 12
split_gain=50.2539 7.77031 7.75308 5.35576 4.1075 3.29176 2.79437 5.53672 2.55479 2.88421 2.46937 2.68168 2.62362 3.46909 2.54738 1.85809 1.88631 1.87853 1.96713 2.11195 2.47672 2.1362 1.87469 1.79178 1.74104 2.63148 1.59439 1.43125 2.97665 1.40158
threshold=0.59411767125129711 0.81534090638160717 1.0500000119209292 0.57871094346046459 0.016261236742138866 0.03152930177748204 0.011428944766521456 0.012903762981295587 0.70895177125930797 0.55889582633972179 0.48014423251152044 0.011173533275723459 0.80963975191116344 0.012422839645296337 0.91287881135940563 0.014389234129339458 0.015504807699471714 0.70670887827873241 0.022604892961680893 0.024087828584015373 0.026739345863461498 0.68546998500823986 0.7150009572505952 0.84999999403953563 0.03201024420559407 0.032394465059041984 0.5349673628807069 0.72552171349525463 0.7488171160221101 0.013793759513646366
decision_type=2 2 2 2 2 2 2 2 2 2 2 2 2 2 2 2 2 2 2 2 2 2 2 2 2 2 2 2 2 2
left_child=-1 2 4 8 6 10 -2 -8 23 -10 11 -5 13 -13 15 -15 22 18 -18 -20 -21 -22 -17 -3 -7 -26 -12 -19 -29 -30
right_child=1 3 -4 5 -6 24 7 -9 9 -11 26 12 -14 14 -16 16 17 27 19 20 21 -23 -24 -25 25 -27 -28 28 29 -31
leaf_value=-0.050269601740098584 0.02381821940192487 -0.023736101290345549 -0.051389190859038716 0.040545207492234697 0.035640462353561386 0.054027461340925093 -0.058188509393403344 -0.0047288124574360289 -0.0051372593726873167 -0.0540741771442943 0.052373476551800961 -0.025373755069170296 -0.005477436008621446 -0.0030899824706414015 0.021509925015300069 0.0097553419184159759 -0.023284891006633546 -0.0070638631699808984 0.03094086273713309 -0.019949741730379111 0.02359399904771934 -0.0099807453229352368 0.04893001231423455 0.0069570942399613759 -0.0066755010720270895 0.036509655166192062 0.017291664262071529 0.046756961344757042 0.030100954465717308 0.0056236750127011126
leaf_weight=44.525448621674514 7.0850289901645729 5.8883941334206638 9.0118803466793889 6.6924904240295282 6.5124577895112443 5.9410547120496657 5.3010411114955778 56.087160477181897 7.0912669382523728 5.2325870674103498 5.4292448079213491 6.4584628065931602 29.357347972603748 28.4124890784733 49.88247796241194 5.9666288627195154 6.7569197532720855 5.7100623564328989 6.9273154604015863 10.034805331844838 12.158055377658458 7.762293927371501 6.2559071725117974 24.700650931801647 5.2520737587474278 10.743047403637318 8.0270703760907036 8.0412564584985358 8.0883214144269022 21.117491740267724
leaf_count=112063 1234 112 16321 104 147 95 2638 5776 126 58 84 263 477 447 605 74 163 188 81 156 169 118 50 421 72 144 84 104 88 218
internal_value=-9.06343e-11 0.00586051 -0.00757092 0.00964736 -0.00230478 0.0123974 -0.00591374 -0.00934521 -0.00669496 -0.0259154 0.0106546 0.00938074 0.00840123 0.0106207 0.0119333 0.00817865 0.0114186 0.00882332 0.00151686 0.00606058 0.000306855 0.010511 0.0298063 0.00104865 0.0309145 0.0223296 0.0314462 0.0162458 0.0198192 0.0124025
internal_weight=426.451 381.925 83.9976 297.928 74.9857 255.015 68.4732 61.3882 42.9129 12.3239 233.079 219.622 212.93 183.572 177.114 127.232 98.8191 86.5965 43.6394 36.8825 29.9552 19.9203 12.2225 30.589 21.9362 15.9951 13.4563 42.9571 37.2471 29.2058
internal_count=142680 30617 26116 4501 9795 3784 9648 8414 717 184 3473 3305 3201 2724 2461 1856 1409 1285 687 524 443 287 124 533 311 216 168 598 410 306
is_linear=0
shrinkage=0.05


Tree=69
num_leaves=31
num_cat=0
split_feature=4 4 3 4 11 12 2 12 0 7 13 12 9 13 2 0 5 5 9 0 2 13 5 2 0 0 1 5 0 0
split_gain=46.9023 8.08469 4.72605 5.16509 5.28219 3.15805 2.02422 2.18694 1.92721 1.88717 1.87001 2.54934 1.7424 1.93328 1.79006 2.8687 1.73495 1.61674 1.57003 1.5305 2.74329 2.32851 2.78872 2.15614 2.55289 2.21441 1.96938 1.93849 1.41253 2.78274
threshold=0.59411767125129711 0.87083333730697643 0.30834107100963598 0.77350428700447094 0.013793759513646366 0.016001024283468727 0.62691694498062145 0.015749008394777778 0.59212139248847973 0.68716380000114452 0.028618008829653267 0.014185110572725536 0.7621666193008424 0.029892162419855598 0.74664023518562328 0.63592740893363964 0.68478485941886913 0.67039108276367199 0.77035430073738109 0.63099002838134777 0.69825604557991039 0.012903762981295587 0.70064309239387523 0.76249739527702343 0.70134183764457714 0.71741595864295971 0.75903609395027172 0.68064773082733165 0.73079112172126781 0.67382958531379711
decision_type=2 2 2 2 2 2 2 2 2 2 2 2 2 2 2 2 2 2 2 2 2 2 2 2 2 2 2 2 2 2
left_child=-1 2 3 4 -2 6 -3 10 -5 17 11 19 28 14 -14 -16 -12 -4 -18 20 27 -22 -23 -21 -25 -26 -24 -8 29 -10
right_child=1 5 9 8 -6 -7 7 -9 12 -11 16 -13 13 -15 15 -17 18 -19 -20 23 21 22 26 24 25 -27 -28 -29 -30 -31
leaf_value=-0.050258515757013247 -0.049870702005818709 -0.014286547604591179 0.016511483483850755 -0.012845912409934193 -0.0034848904470264914 0.026903860094070139 0.036577439684546825 -0.020805106431815119 0.014482592569249345 -0.006271378606486736 0.050371479972966482 -0.024290559352542745 -0.019554369689668987 0.011466013499626211 0.034096017817322521 -0.0078456447663290529 -0.0038156511286043977 0.047807924837196543 0.034476229256019897 0.023610188663715254 0.014762496600970808 -0.045781629155231117 -0.0239074028729272 -0.019441791453574716 0.04205263806810651 0.0016796619363483015 0.020012536350400949 0.0061315971458251219 0.032160007637394038 -0.012001788013682062
leaf_weight=41.733284539797751 11.773555782350742 8.0769001024309528 13.03436286180659 27.184616292390274 12.820593620313955 34.300223233178258 8.51305920770392 5.0561985662206999 30.53769224419375 5.7441566771012722 5.8293859125115004 5.0495610749348989 20.911467247933615 16.073330795159563 5.0056628401798688 21.973716548847733 5.046845796518026 6.0382561116784919 5.7005750983953476 42.438113800482824 8.4397352454252559 5.6899423808790734 5.1403876701369864 7.4657509597018388 5.3649953100830308 9.2560754641890508 5.0696441526524723 13.548984342720358 5.7652807229896998 14.688976731587898
leaf_count=112063 19522 169 556 887 3648 515 112 59 694 609 51 71 690 245 114 737 87 225 48 434 124 52 59 97 38 94 48 144 102 386
internal_value=-3.62748e-10 0.00564532 -0.0015042 -0.00453415 -0.0256904 0.0132542 0.0100406 0.0114685 -0.00087355 0.0188529 0.0126995 0.0104543 0.00195765 -0.00353852 -0.0085744 -6.39305e-05 0.0284079 0.0264197 0.0164949 0.0120359 0.00511021 -0.00646434 -0.0177316 0.0170164 0.00434701 0.016494 -0.00209959 0.0178797 0.00885203 0.00588084
internal_weight=413.271 371.538 191.552 166.735 24.5941 179.986 145.686 137.609 142.141 24.8168 132.553 115.976 114.956 63.9642 47.8908 26.9794 16.5768 19.0726 10.7474 110.927 46.4018 24.3397 15.9 64.5249 22.0868 14.6211 10.21 22.062 50.9919 45.2267
internal_count=142680 30617 28415 27025 23170 2202 1687 1518 3855 1390 1459 1273 2968 1786 1541 851 186 781 135 1202 539 283 159 663 229 132 107 256 1182 1080
is_linear=0
shrinkage=0.05


Tree=70
num_leaves=31
num_cat=0
split_feature=4 4 13 3 4 11 13 2 11 0 9 2 9 2 7 0 8 11 11 12 12 9 5 13 7 11 0 11 13 0
split_gain=44.0773 7.6372 4.35278 3.11442 5.21227 4.11394 2.7973 2.64081 1.59211 1.54697 1.86052 1.6707 2.07452 2.55248 1.49052 2.0961 1.42131 2.89618 1.80136 1.65808 2.46067 1.71138 2.22032 1.58966 2.65868 1.53303 2.15059 1.36225 1.26839 1.24137
threshold=0.59411767125129711 0.87083333730697643 0.032138252630829818 0.30834107100963598 0.77350428700447094 0.013793759513646366 0.028618008829653267 0.62691694498062145 0.015038444194942715 0.59212139248847973 0.76444891095161449 0.74579966068267833 0.801141917705536 0.75447747111320507 0.68716380000114452 0.66654881834983837 0.94999998807907116 0.013423423748463394 0.012579114176332952 0.014185110572725536 0.009569597430527212 0.74666050076484691 0.71328946948051464 0.026543322950601581 0.74122586846351635 0.013072453904896976 0.67086848616600048 0.013245614245533945 0.030138242058455948 0.73079112172126781
decision_type=2 2 2 2 2 2 2 2 2 2 2 2 2 2 2 2 2 2 2 2 2 2 2 2 2 2 2 2 2 2
left_child=-1 2 3 4 5 -2 7 -3 16 27 29 28 13 -13 15 -5 17 18 -9 20 21 -18 -23 24 -22 -24 -27 -6 -12 -11
right_child=1 6 -4 14 9 -7 -8 8 -10 10 11 12 -14 -15 -16 -17 19 -19 -20 -21 23 22 25 -25 -26 26 -28 -29 -30 -31
leaf_value=-0.050247956174306267 -0.049645141102112045 -0.023341322753902403 0.032280213413850532 0.036776021353893615 -0.031825276046529509 -0.0066557587515176644 0.022405091061465179 -0.0027111984863729208 0.031461327155958445 0.0049102326412855538 -0.022058152998362508 0.034277017164104258 -0.011372506547006868 -0.0041126695563074673 -0.0078174045582902231 -0.0013363128512537646 0.020452341046485498 -0.019738727746405782 0.027559558838734489 -0.014792552671402493 0.060962876647042641 -0.025740001038861121 -0.010859441285458491 0.0058362740007899972 0.019238023434868787 0.00050907497864707927 0.035856525240045865 -0.0060861370856095456 0.0042889451789454676 0.030214710129702019
leaf_weight=39.374149507269976 11.118880779415123 6.0966828109230837 9.0305349018526595 9.7788904159206158 6.9576248806843095 11.141665773895509 53.950619520619512 10.408454066142445 8.3432497242465598 45.370816949900473 18.25341764140467 8.0685547840548697 15.736139586428179 9.3443190644611587 5.3864791923515432 5.7165871506003887 18.492394204251468 11.795652227941899 9.3112437566742283 5.1909941942431024 6.6238977229222682 6.1218753233552006 7.6279389187693623 5.5844075740315011 9.0122156832367164 9.8154232073575276 7.6622254122048608 19.682887133327313 6.0927730379626146 5.4263822627253822
leaf_count=112063 19522 135 184 407 559 3581 777 175 69 1113 616 129 482 311 606 341 169 115 75 66 66 105 98 74 100 108 70 328 128 108
internal_value=-2.18794e-10 0.00544818 -0.00158508 -0.00330245 -0.00571249 -0.0281284 0.0129237 0.00873379 0.0104197 -0.00201442 0.000640943 -0.00551922 0.00178517 0.0136759 0.0148397 0.0227156 0.00878888 -0.000140782 0.011582 0.0124854 0.0144814 0.00839781 0.00125932 0.0287354 0.0369138 0.00784297 0.0160054 -0.0128084 -0.0154646 0.00761337
internal_weight=402.517 363.143 187.106 178.075 157.193 22.2605 176.037 122.087 115.99 134.933 108.292 57.4952 33.149 17.4129 20.882 15.4955 107.647 31.5154 19.7197 76.1314 70.9404 49.7199 31.2275 21.2205 15.6361 25.1056 17.4776 26.6405 24.3462 50.7972
internal_count=142680 30617 28415 28231 26877 23103 2202 1425 1290 3774 2887 1666 922 440 1354 748 1221 365 250 856 790 550 381 240 166 276 178 887 744 1221
is_linear=0
shrinkage=0.05


Tree=71
num_leaves=31
num_cat=0
split_feature=4 4 3 4 13 11 4 2 5 7 0 0 13 5 0 3 11 9 0 13 9 5 13 13 11 0 13 4 7 5
split_gain=41.3006 7.25349 4.06236 4.57704 2.7722 2.68967 4.22315 2.31163 1.95147 2.02502 2.38483 3.96626 1.94553 1.86596 1.80643 1.71099 1.6756 1.57805 1.56572 1.774 1.76069 1.53541 4.27635 2.87125 2.19436 1.90684 1.58184 1.53198 1.4465 1.44638
threshold=0.59411767125129711 0.87083333730697643 0.30834107100963598 0.65686276555061351 0.028618008829653267 0.013793759513646366 0.77350428700447094 0.62691694498062145 0.68064773082733165 0.75468999147415172 0.70670887827873241 0.63836133480072033 0.014389234129339458 0.73125681281089794 0.532810539007187 0.48014423251152044 0.012903762981295587 0.73723709583282482 0.55394455790519725 0.011696306522935631 0.78180271387100231 0.71481776237487804 0.013423423748463394 0.016001024283468727 0.014389234129339458 0.67976370453834545 0.02551923226565123 0.81534090638160717 0.68716380000114452 0.67039108276367199
decision_type=2 2 2 2 2 2 2 2 2 2 2 2 2 2 2 2 2 2 2 2 2 2 2 2 2 2 2 2 2 2
left_child=-1 2 3 -2 7 6 -5 -3 17 10 11 16 -7 -11 -9 18 -10 -8 -16 -20 21 22 -21 -24 25 -23 -25 -14 29 -4
right_child=1 4 28 5 -6 12 8 14 9 13 -12 -13 27 -15 15 -17 -18 -19 19 20 -22 24 23 26 -26 -27 -28 -29 -30 -31
leaf_value=-0.050239204116726069 -0.051526927810158087 -0.022048432873093885 0.014930494721501248 -0.048617771894008545 0.022119348770416783 -0.012996350098759457 -0.0093319618580802437 -0.014714839555149678 -0.0036549554399391061 0.0047778292841910413 0.033615543356273078 -0.034892977189350374 -0.0035938125318457702 -0.024839025812504249 0.036798254588083029 0.038006260256404939 0.036270228931963126 -0.044984168091827433 0.033106422497541248 0.038761890148340333 -0.0024215578201548797 0.0027075518998043255 -0.028288100447633281 0.022472871207451641 0.050773990857927366 0.035169934641916034 -0.0092944416858855138 0.011521523096703764 -0.0048959789100274966 0.045402590326657867
leaf_weight=37.048985758168783 5.0341750547922848 5.9359889761544755 12.625424755649879 6.640013795642516 52.749887626152486 16.407342071701351 7.7293366443773248 6.970813187537714 5.1670541882922461 9.1170987536897901 6.7942453402210949 5.7859260459372299 26.230813141795807 12.763298954465425 5.1909001474268726 5.7826962652616194 5.3478183498955332 5.1864033698220737 6.8656016727909437 7.1494811289012459 33.119332204572856 13.122805486433213 8.6820804919116217 8.3320813390891981 5.0519115254282942 6.9034371711313716 7.3981168954633167 46.443770089186728 5.5122722171799969 5.6310109777841708
leaf_count=112063 11362 135 556 10128 777 584 343 95 298 359 158 275 1635 805 50 61 87 306 85 54 430 130 94 82 45 68 96 685 609 225
internal_value=5.00498e-10 0.00523324 -0.0017255 -0.00461362 0.0125599 -0.00307619 -0.0108497 0.00837539 -0.00651772 -0.00159826 0.00872851 -0.00164452 0.00255494 -0.0124983 0.00995169 0.0115497 0.0166508 -0.0236483 0.0100471 0.00860997 0.00673626 0.0120912 0.00475298 -0.00520702 0.0213265 0.013898 0.00753229 0.00606587 0.0175516 0.0243293
internal_weight=392.72 355.671 182.416 158.647 173.255 153.613 64.5312 120.505 57.8912 44.9754 23.095 16.3008 89.0819 21.8804 114.569 107.598 10.5149 12.9157 101.816 96.6248 89.7592 56.6399 31.5618 24.4123 25.0782 20.0262 15.7302 72.6746 23.7687 18.2564
internal_count=142680 30617 28415 27025 2202 15663 12759 1425 2631 1982 818 660 2904 1164 1290 1195 385 649 1134 1084 999 569 326 272 243 198 178 2320 1390 781
is_linear=0
shrinkage=0.05


Tree=72
num_leaves=31
num_cat=0
split_feature=4 4 13 3 4 11 0 11 11 9 13 0 8 12 2 9 6 13 2 12 7 11 0 12 6 0 0 13 6 0
split_gain=38.7018 7.09884 3.89221 2.69293 4.23067 3.75724 2.48683 2.78738 2.62932 1.78906 1.55437 2.10343 2.49974 1.6278 3.40738 1.59291 1.52929 1.49438 1.44045 2.13567 2.08892 1.62763 1.73051 1.95825 1.49661 2.08262 1.32292 1.6766 1.45889 1.2573
threshold=0.59411767125129711 0.87083333730697643 0.032138252630829818 0.30834107100963598 0.77350428700447094 0.013793759513646366 0.69074872136116039 0.012422839645296337 0.011173533275723459 0.79013866186141979 0.012903762981295587 0.61946007609367382 0.94999998807907116 0.010695492848753931 0.69568821787834179 0.71719256043434154 0.74422854185104381 0.013986697886139156 0.74774312973022472 0.012422839645296337 0.8085676133632661 0.012903762981295587 0.72787249088287365 0.016001024283468727 0.69979828596115123 0.70979717373847973 0.72095671296119701 0.02944979723542929 0.76001766324043285 0.66654881834983837
decision_type=2 2 2 2 2 2 2 2 2 2 2 2 2 2 2 2 2 2 2 2 2 2 2 2 2 2 2 2 2 2
left_child=-1 2 3 4 5 -2 7 8 -3 10 -9 12 -12 17 -15 -14 -17 -13 19 -8 21 -20 -23 -24 -21 -26 -27 -28 -29 -5
right_child=1 6 -4 29 -6 -7 18 9 -10 -11 11 13 15 14 -16 16 -18 -19 20 24 -22 22 23 -25 25 26 27 28 -30 -31
leaf_value=-0.050230153390728317 -0.049206458320951427 0.015448097448393681 0.030924197642753167 0.024065262776288579 -0.0025721032894079586 -0.0064716457292618955 0.053305206642925575 0.035626499973650576 -0.029497537794911172 -0.0083831790046803092 -0.020721439987395548 0.013130320491482545 0.034964439792098845 0.026255847549546848 -0.025005210191814533 -0.0099904588748258617 0.024533665120586409 0.042408516963514352 -0.015572142497611486 0.045792824482832145 0.032770692907486451 0.034963591008131491 -0.021169542525697096 0.016673610622585829 -0.0075683040930953132 0.044573106722460065 -0.0074668235894740564 0.014069019001247803 0.047504959057515624 -0.0013256789509296439
leaf_weight=34.87560326226685 9.8804405368973693 5.0261894338764241 8.5654927445502818 11.793164473696381 129.66572455073765 10.727741467562735 5.7579551236703983 7.0774094900116316 9.2282820695545507 10.892445309320463 9.0585921155288833 7.6903244499117198 5.1408750736154643 8.5474182292819005 5.2225722144357851 8.9360722131095809 5.0037597212940446 10.058699578046797 7.2673329273238805 5.0787605163641265 8.7545960545539838 5.8486119192093637 5.3933851635083547 9.3358058314770442 6.9830573117360464 5.6616382999345687 5.1130356397479799 9.2174399453215283 5.0496225766837588 8.3117232066761044
leaf_count=112063 19522 73 184 671 3774 3581 38 54 193 144 96 80 87 178 57 105 45 103 102 212 76 48 61 47 62 51 54 179 57 683
internal_value=7.27224e-11 0.00500105 -0.00196404 -0.00361744 -0.00591667 -0.0269605 0.0122751 0.00667339 -0.0136495 0.0104052 0.0134718 0.0108435 0.000907124 0.0197144 0.00681396 0.0111753 0.00240212 0.0297228 0.0187524 0.0249732 0.0114673 0.00476947 0.0119534 0.00281659 0.0205765 0.0165775 0.0233107 0.0170992 0.0259032 0.0135682
internal_weight=385.164 350.288 178.944 170.379 150.274 20.6082 171.344 91.8826 14.2545 77.6282 66.7357 59.6583 28.1393 31.519 13.77 19.0807 13.9398 17.749 79.4612 42.8615 36.5997 27.8451 20.5778 14.7292 37.1036 32.0248 25.0417 19.3801 14.2671 20.1049
internal_count=142680 30617 28415 28231 26877 23103 2202 1215 266 949 805 751 333 418 235 237 150 183 987 653 334 258 156 108 615 403 341 290 236 1354
is_linear=0
shrinkage=0.05


Tree=73
num_leaves=31
num_cat=0
split_feature=4 4 13 11 0 3 4 11 4 0 0 9 13 5 9 0 11 11 11 8 2 2 0 9 6 11 7 0 11 11
split_gain=36.2136 6.23416 3.47346 2.48534 2.42482 2.24372 3.94923 3.61667 2.00207 2.72742 1.83525 1.6103 2.52001 1.4453 2.1065 2.38324 1.42069 3.12487 2.91987 1.35402 1.24043 1.59274 1.2373 1.48445 1.49812 1.63537 1.23331 1.52169 1.19013 1.59519
threshold=0.59411767125129711 0.87083333730697643 0.032138252630829818 0.016001024283468727 0.69074872136116039 0.30834107100963598 0.77350428700447094 0.013793759513646366 0.93095237016677868 0.67902725934982311 0.53067633509635936 0.77886250615119945 0.025577103719115261 0.74968984723091137 0.73816636204719555 0.65862932801246654 0.013423423748463394 0.013986697886139156 0.014389234129339458 1.0500000119209292 0.7150009572505952 0.73397317528724682 0.59212139248847973 0.76444891095161449 0.74362483620643627 0.014815627597272398 0.67332786321640026 0.66654881834983837 0.012903762981295587 0.014389234129339458
decision_type=2 2 2 2 2 2 2 2 2 2 2 2 2 2 2 2 2 2 2 2 2 2 2 2 2 2 2 2 2 2
left_child=-1 2 5 4 8 6 7 -2 9 10 -3 12 -6 14 15 -12 -14 -18 -19 -10 -16 -22 -8 -24 -25 -26 27 -7 -13 -30
right_child=1 3 -4 -5 11 26 22 -9 19 -11 13 28 16 -15 20 -17 17 18 -20 -21 21 -23 23 24 25 -27 -28 -29 29 -31
leaf_value=-0.050221112696239682 -0.048978861883439057 -0.021373621037413471 0.029694044071887329 0.031091359211121401 0.05696292908688344 0.033557109020215824 -0.012346712297172482 -0.0062340904594639975 0.0021433931293837831 -0.029074132927756142 0.0061728894908206836 -0.0041898266848768278 -0.0046218005170972302 0.029482097353085053 0.0081967826808352472 0.042637382673296975 0.054994424060547602 -0.016481419315233808 0.031563093884929332 0.034188099287999589 -0.032481220820227051 -0.00089135903748994267 0.0065506969366946229 -0.025013483004894844 0.0016733823611909072 -0.026044512388835539 -0.0066626923042373831 -0.00039874654354960957 0.023598703109470463 -0.0022120551914318301
leaf_weight=32.775559931417774 9.3073574679865505 6.4265465871430925 8.3279349528602307 14.962448355741797 5.2701713596470681 8.5821508973531326 24.647711551078828 10.566864794509454 5.42455233586952 6.8883199454285196 21.398164366371933 10.574845024384556 5.1054263692349222 6.2580505767837158 9.4880921482108551 5.6678088470362118 5.9807363306172219 5.4676868696697039 7.5005598454736173 8.4030457148328406 7.0310585121624198 9.2258073785342258 47.950526579094003 8.3373401523713238 40.240842641913332 6.1324726168531916 5.9659441365438388 5.3601265264369422 19.113082982599739 8.7160189142450673
leaf_count=112063 19522 117 184 151 28 354 887 3581 51 101 280 139 50 73 163 70 131 56 150 94 85 141 1221 327 1239 100 701 299 206 116
internal_value=9.10691e-11 0.00478049 -0.00182122 0.0116369 0.009746 -0.00339196 -0.00552286 -0.026252 0.00418391 0.000853643 0.00400122 0.016826 0.0256488 0.00676193 0.00406961 0.0138088 0.0187881 0.0250954 0.0113065 0.021617 -0.00616933 -0.0145539 -0.00228683 0.000128427 -0.0055003 -0.00199207 0.012362 0.0205027 0.010089 0.0155148
internal_weight=377.097 344.322 175.419 168.902 153.94 167.091 147.183 19.8742 86.2114 72.3838 65.4955 67.7285 29.3246 59.069 52.8109 27.066 24.0544 18.949 12.9682 13.8276 25.745 16.2569 127.309 102.661 54.7107 46.3733 19.9082 13.9423 38.4039 27.8291
internal_count=142680 30617 28415 2202 2051 28231 26877 23103 1175 1030 929 876 415 812 739 350 387 337 206 145 389 226 3774 2887 1666 1339 1354 653 461 322
is_linear=0
shrinkage=0.05


Tree=74
num_leaves=31
num_cat=0
split_feature=4 4 13 11 3 4 11 0 12 13 13 13 7 2 6 9 11 13 0 5 2 2 7 11 2 2 11 0 13 0
split_gain=33.9718 5.8002 3.0056 2.1364 2.05517 3.63703 3.43492 1.98041 1.73444 4.49341 1.78719 1.70236 1.3412 1.62261 1.43952 1.32808 2.36488 2.91339 2.15534 2.57202 2.14108 1.89989 1.22906 1.6445 1.3461 1.28743 1.88379 1.20135 1.46775 1.14561
threshold=0.59411767125129711 0.87083333730697643 0.032138252630829818 0.014815627597272398 0.30834107100963598 0.77350428700447094 0.013793759513646366 0.69074872136116039 0.011561079882085325 0.02746168710291386 0.022604892961680893 0.030138242058455948 0.7312942147254945 0.71788781881332409 0.7221667766571046 0.77476269006729137 0.012422839645296337 0.012903762981295587 0.63099002838134777 0.66721826791763317 0.67882755398750316 0.76581209897995006 0.69484278559684765 0.011173533275723459 0.71277830004692089 0.76454776525497448 0.013423423748463394 0.59212139248847973 0.011561079882085325 0.78535196185112011
decision_type=2 2 2 2 2 2 2 2 2 2 2 2 2 2 2 2 2 2 2 2 2 2 2 2 2 2 2 2 2 2
left_child=-1 2 4 7 5 6 -2 8 10 -10 15 22 14 -14 -5 16 -3 -18 19 -19 -21 -17 -9 -24 -25 26 -26 -7 -29 -30
right_child=1 3 -4 12 -6 27 -8 11 9 -11 -12 -13 13 -15 -16 21 17 18 -20 20 -22 -23 23 24 25 -27 -28 28 29 -31
leaf_value=-0.050212455217113462 -0.048734058334291341 -0.018326382845433288 0.027817243680726706 0.028789302364832708 0.011889697904265292 -0.012262527189290039 -0.0062472629642914747 0.038536511981102896 -0.048644172073167999 0.01718459513223149 0.034490525931357804 -0.005672820112898898 0.053099053365662445 0.021238887227071946 -0.0013086228402623776 -0.02455334258498236 0.043104852807668931 0.030672373631796597 0.030905761481078327 0.017304459450387472 -0.020639124346155134 0.010544829068989126 -0.0096440078190297897 0.0004786810059980746 0.01616636991840149 0.013543271079282316 0.051772433034352097 0.025807507878207188 0.00027085888292825591 -0.020492405165164956
leaf_weight=30.866523654447519 8.7576113916002232 7.0965512427501372 8.1378639865943097 7.0822320864535895 19.575807606357557 24.259288391607697 10.414191369309263 6.8908496606163672 5.2195069019217026 5.1501527186483145 5.0982790123671284 8.1860979953780753 5.9600118095986572 12.128990392666308 9.0481419544666988 8.6369959930889291 6.6674674311652771 5.0736135425977471 6.9899667846038929 5.2389245908707407 12.805491610430179 6.9649084340780965 5.5326860710047177 7.3135662712156764 7.1304994355887192 13.870544821023939 7.754505951423198 5.2739707943110252 88.596442538168048 7.1818333590053944
leaf_count=112063 19522 138 184 139 1354 887 3581 57 79 114 68 201 131 83 68 190 42 78 66 68 119 90 101 96 54 121 99 282 2468 137
internal_value=-1.37644e-10 0.00458495 -0.00184253 0.0112588 -0.00331375 -0.00537365 -0.0256551 0.00836521 0.00303145 -0.0159499 0.00607967 0.0154176 0.0223888 0.0317363 0.0119062 0.00364421 0.0080999 0.0131994 0.00657675 -0.000779375 -0.00962278 -0.00888503 0.0189779 0.0157383 0.0196317 0.024503 0.0347157 -0.00227073 0.000127975 -0.00128605
internal_weight=368.904 338.037 172.197 165.84 164.059 144.483 19.1718 131.621 74.9419 10.3697 64.5722 56.6788 34.2194 18.089 16.1304 59.4739 43.872 36.7755 30.108 23.118 18.0444 15.6019 48.4927 41.6018 36.0691 28.7556 14.885 125.312 101.052 95.7783
internal_count=142680 30617 28415 2202 28231 26877 23103 1781 1052 193 859 729 421 214 207 791 511 373 331 265 187 280 528 471 370 274 153 3774 2887 2605
is_linear=0
shrinkage=0.05


Tree=75
num_leaves=31
num_cat=0
split_feature=4 4 3 4 13 2 0 12 1 9 0 6 11 0 7 4 9 13 0 7 0 0 0 11 4 13 13 5 9 11
split_gain=31.864 5.41354 2.91401 2.95055 2.2333 2.23542 1.59932 1.7142 2.54193 2.55242 1.83238 2.85853 1.79454 1.4367 1.36702 3.08415 2.21109 2.10495 1.92305 2.00376 1.4253 1.16326 2.29149 1.13529 2.26441 1.89866 1.71406 2.11429 2.50304 2.34105
threshold=0.59411767125129711 0.87083333730697643 0.30834107100963598 0.71008405089378368 0.028618008829653267 0.62691694498062145 0.532810539007187 0.012422839645296337 0.72854092717170726 0.77476269006729137 0.69232779741287243 0.76001766324043285 0.015038444194942715 0.71741595864295971 0.7707909643650056 0.91287881135940563 0.76771712303161632 0.014185110572725536 0.61376100778579723 0.79339388012886058 0.61946007609367382 0.64620026946067821 0.67382958531379711 0.013793759513646366 0.81534090638160717 0.028988552279770378 0.025005836039781574 0.69832825660705578 0.78693008422851574 0.013245614245533945
decision_type=2 2 2 2 2 2 2 2 2 2 2 2 2 2 2 2 2 2 2 2 2 2 2 2 2 2 2 2 2 2
left_child=-1 2 3 -2 5 -3 -7 10 -9 -10 12 -12 14 -13 15 16 20 -17 -16 -20 -8 -4 -23 25 -25 26 27 -5 29 -29
right_child=1 4 21 23 -6 6 7 8 9 -11 11 13 -14 -15 18 17 -18 -19 19 -21 -22 22 -24 24 -26 -27 -28 28 -30 -31
leaf_value=-0.050203920753513355 -0.033774345225254368 -0.024110649769357759 -0.0029947559375191474 -0.026533225937135824 0.019907480027666805 -0.015243708049095805 -0.0048250402827965215 -0.03227388075664514 0.030040950522517741 -0.011730077947411035 0.058737726868339293 0.029828803666346104 0.034200412699646264 -0.0041630824912556753 0.01999438057842897 0.04060204968397136 -0.028009333792739878 0.0044195019961053702 -0.040002747331132932 0.0016941917311577626 0.022746148828071723 0.044588226663908395 0.0061484715127655557 -0.010809330257421895 0.006932281167987127 -0.03631596909100742 0.011424413002455856 -0.0050780193507210221 -0.023714086446351798 0.032088928712126048
leaf_weight=29.069243090081727 8.0934964528278197 5.4670870129484674 6.4438981595994873 13.183086019736946 48.249679636443034 6.5837207227013996 9.9644213081337565 5.3978364109061685 6.8843241347931308 7.8015014762058854 5.2044182838872102 6.9751607635989767 6.592114671599119 5.6075848857872188 5.2000909158960011 11.168439496308567 5.4549182541668406 6.2797154216095796 5.1215364360250515 6.5867139636538923 8.8512129066511971 6.6501030930594416 9.2973298738361319 26.823869774205377 54.579549162648618 5.396189558756304 12.002391273701503 11.613119622852542 9.0127998341886251 6.6702986506643347
leaf_count=112063 18449 135 534 2144 777 95 120 72 58 107 31 70 55 70 70 104 106 60 86 87 99 189 667 1043 839 100 591 1938 1723 198
internal_value=2.11768e-10 0.00438049 -0.0018723 -0.0044257 0.0108773 0.00709318 0.00864865 0.0101745 -0.00293322 0.00785107 0.013346 0.0275711 0.00946635 0.0146801 0.00668522 0.0115459 1.91032e-05 0.0275797 -0.00530766 -0.0165453 0.00814494 0.0149336 0.0221779 -0.00272028 0.00108611 -0.00807384 -0.00516997 -0.0100903 -0.00214899 0.00848152
internal_weight=362.226 333.157 169.766 147.375 163.39 115.141 109.674 103.09 20.0837 14.6858 83.0063 17.7872 65.2192 12.5827 58.627 41.7187 24.2706 17.4482 16.9083 11.7083 18.8156 22.3913 15.9474 139.281 81.4034 57.8779 52.4817 40.4793 27.2962 18.2834
internal_count=142680 30617 28415 27025 2202 1425 1290 1195 237 165 958 171 787 140 732 489 325 164 243 173 219 1390 856 8576 1882 6694 6594 6003 3859 2136
is_linear=0
shrinkage=0.05


Tree=76
num_leaves=31
num_cat=0
split_feature=4 4 13 11 13 4 0 0 12 1 11 13 13 7 5 0 13 0 7 0 13 7 0 6 13 9 0 0 13 5
split_gain=30.2435 5.27221 2.9056 2.4883 1.86595 3.42344 1.74717 1.63219 2.27061 3.38883 2.24845 1.60856 3.03551 1.27696 1.24355 1.92916 2.33328 2.11798 1.79665 1.75835 1.22977 1.41864 1.28222 1.22743 1.14923 1.36979 4.27319 1.66225 1.90093 3.57142
threshold=0.59411767125129711 0.88562092185020458 0.031645495444536216 0.016261236742138866 0.011173533275723459 0.71008405089378368 0.53067633509635936 0.78535196185112011 0.015504807699471714 0.72928604483604442 0.012422839645296337 0.029224989004433159 0.028536876663565639 0.74605342745780956 0.750319004058838 0.65794783830642711 0.025248982943594459 0.63099002838134777 0.75352591276168834 0.61667752265930187 0.015268065501004459 0.74384874105453502 0.57871094346046459 0.78318294882774364 0.011696306522935631 0.78318649530410778 0.6812453866004945 0.63431081175804149 0.013793759513646366 0.6925257444381715
decision_type=2 2 2 2 2 2 2 2 2 2 2 2 2 2 2 2 2 2 2 2 2 2 2 2 2 2 2 2 2 2
left_child=-1 2 4 6 -2 -6 -3 8 10 -10 13 12 14 -7 15 17 18 19 -17 20 21 22 -12 -11 -8 27 -27 28 29 -26
right_child=1 3 -4 -5 5 7 24 -9 9 23 11 -13 -14 -15 -16 16 -18 -19 -20 -21 -22 -23 -24 -25 25 26 -28 -29 -30 -31
leaf_value=-0.050196567843629664 0.018832554096516081 -0.014457043064771675 0.020850605959394596 0.040645145761616805 -0.03228128574881569 -0.033428338543112432 0.034656874350361473 -0.022332294358062547 -0.0089632857258194389 0.01791056915948501 -0.0098505412573999598 -0.023360927435522476 0.035432963408208444 -0.0062419884984729447 -0.018402224654676752 0.0013787562873247804 -0.0058715524232005193 -0.025055784339573523 0.036433731150623115 0.024096807565951263 0.017470190364831589 -0.024228500448508689 0.014511252303139398 0.048675189296210224 0.04193433400472444 -0.028934075276746043 0.011341922968118891 0.019644594814421518 -0.0091436411308367955 -0.011745817164368606
leaf_weight=27.66771909446561 9.3919826796163743 6.8208575004246077 13.946486111850389 7.0650592455640426 10.105067476699331 9.0356715862726578 5.1518582617864004 9.5145453982549935 10.239277570501146 9.1781390830292349 15.406836755068072 7.474984441225387 5.9122505803534287 8.2750567302646214 9.7582812470573099 5.7194744719454347 11.411119498341575 10.533126828875536 10.127007464994675 6.4116721266509549 5.6148811486418699 9.4385692868090683 8.3166895060567168 5.0129429310763944 6.9563924008980411 8.2895499125588668 32.0397620187141 51.266619570786133 13.229534793645142 5.5871326066553593
leaf_count=112063 2204 105 336 76 17756 2000 71 236 381 241 683 146 106 2100 444 133 318 395 187 211 172 373 233 82 64 138 390 767 201 68
internal_value=3.11121e-10 0.00424417 -0.0011217 0.0117507 -0.00285418 -0.00407029 0.0101724 -0.00225893 -0.00096729 0.0129599 -0.00372375 -0.000998286 0.000696195 -0.0204324 -0.00151836 0.000467165 0.0113675 -0.00486496 0.0237813 -0.000158637 -0.00416921 -0.00783311 -0.0013101 0.028778 0.0115435 0.010529 0.00306333 0.0144371 0.00407868 0.0180241
internal_weight=354.899 327.231 190.824 136.407 176.878 167.486 129.342 157.381 147.866 24.4304 123.436 106.125 98.6499 17.3107 92.7377 82.9794 27.2576 55.7218 15.8465 45.1886 38.777 33.1621 23.7235 14.1911 122.521 117.369 40.3293 77.0397 25.7731 12.5435
internal_count=142680 30617 28737 1880 28401 26197 1804 8441 8205 704 7501 3401 3255 4100 3149 2705 638 2067 320 1672 1461 1289 916 323 1699 1628 528 1100 333 132
is_linear=0
shrinkage=0.05


Tree=77
num_leaves=31
num_cat=0
split_feature=4 4 3 4 11 13 12 0 11 5 5 6 0 7 2 13 5 9 1 0 0 13 12 11 7 12 5 11 13 12
split_gain=28.4723 5.15031 2.83934 2.54016 3.75532 1.95813 2.14252 1.59034 1.84027 2.88505 2.44234 4.71203 2.66184 2.29104 2.26034 2.79274 1.7706 1.56653 1.44442 1.21659 1.56615 1.20547 1.54873 3.07245 2.29568 1.73877 1.34208 1.39515 1.1498 1.11481
threshold=0.59411767125129711 0.88562092185020458 0.29291357100009924 0.77350428700447094 0.013793759513646366 0.028618008829653267 0.014185110572725536 0.53067633509635936 0.013423423748463394 0.6925257444381715 0.70868977904319774 0.78895115852355968 0.67310267686843883 0.76611620187759411 0.76803660392761242 0.021438312716782097 0.67437368631362926 0.72868442535400402 0.7251553237438203 0.64620026946067821 0.67382958531379711 0.011428944766521456 0.015504807699471714 0.012422839645296337 0.74605342745780956 0.015749008394777778 0.74834471940994274 0.013793759513646366 0.030947905033826831 0.015749008394777778
decision_type=2 2 2 2 2 2 2 2 2 2 2 2 2 2 2 2 2 2 2 2 2 2 2 2 2 2 2 2 2 2
left_child=-1 2 3 4 -2 6 7 -3 9 17 16 12 13 -12 15 -11 -10 -9 -18 -4 -21 -5 23 24 -23 -24 27 -27 -22 -7
right_child=1 5 19 21 -6 29 -8 8 10 14 11 -13 -14 -15 -16 -17 18 -19 -20 20 28 22 25 -25 -26 26 -28 -29 -30 -31
leaf_value=-0.050190391195082375 -0.04838407249378153 -0.013851687101808072 -0.0031688556881424587 0.017693606619121168 -0.0026261337106708404 0.031874463716588045 -0.023540896424290282 0.060650361229107275 0.01151586483764816 -0.018666609009429135 0.033031561731593849 -0.02453094378383909 0.053110028355615346 -0.0073886913697245767 0.027797699095781694 0.02185266463884443 -0.041652615851282646 0.022272369376764769 -0.0043169853214766038 0.0411718650210528 -0.0072632834254902703 -0.051237363884296443 0.030685414401600219 -0.0023670006664513661 -0.0084793964268677063 -0.018875458049132491 0.024306870113190628 0.0058829872979611411 0.02589786917580952 0.014610553761872808
leaf_weight=26.138258437757031 7.4942445104516109 6.8167151871602973 6.705041642340805 7.8157113064662544 11.162558681246081 14.279990539420394 5.2445700287353239 5.2724936364684236 5.4751891321502617 9.5784100461751276 7.1771458424627834 6.2508561196736983 5.9871663600206366 6.8531289477832615 11.704532350413499 7.6480093910358837 5.3661186755634827 5.3641712488606572 5.0083073433488607 6.5417645013221799 5.0244370701984717 5.9701341016188945 6.1427236363524562 89.084341549139936 6.6201673460600432 9.1967448606155866 5.264619195717386 14.92271189438179 5.4487184721147059 27.091962741920725
leaf_count=112063 19519 106 547 374 3648 198 77 33 113 165 92 75 79 83 109 53 70 63 53 191 620 638 79 1754 722 133 85 365 62 511
internal_value=-1.5703e-10 0.00406771 -0.00129758 -0.00364056 -0.0210066 0.0115087 0.00751015 0.00935021 0.0112864 0.0190293 0.0040124 0.013365 0.0251988 0.0132882 0.0108428 -0.000677277 -0.0114881 0.041296 -0.0236286 0.0148696 0.0219779 -0.00140637 -0.0024944 -0.00563456 -0.0287546 0.00649244 0.00143492 -0.0035574 0.00998899 0.0205694
internal_weight=348.651 322.513 187.394 163.674 18.6568 135.119 93.7468 88.5022 81.6855 39.5676 42.1179 26.2683 20.0174 14.0303 28.931 17.2264 15.8496 10.6367 10.3744 23.72 17.0149 145.017 137.201 101.675 12.5903 35.5268 29.3841 24.1195 10.4732 41.372
internal_count=142680 30617 28737 27317 23167 1880 1171 1094 988 423 565 329 254 175 327 218 236 96 123 1420 873 4150 3776 3114 1360 662 583 498 682 709
is_linear=0
shrinkage=0.05


Tree=78
num_leaves=31
num_cat=0
split_feature=4 4 13 13 13 6 9 13 0 0 9 4 2 13 6 2 11 0 5 0 0 5 4 0 8 5 1 0 11 2
split_gain=26.7394 4.82662 2.49794 1.96815 2.08034 2.02895 1.78763 1.80073 2.34277 2.99555 2.70378 2.52425 2.16821 1.86649 3.46082 1.79654 1.77504 2.0689 1.6552 1.94386 2.39009 1.59335 2.36106 2.44031 2.24695 1.75106 2.90877 1.93394 1.40551 1.38503
threshold=0.59411767125129711 0.87083333730697643 0.030138242058455948 0.030507040210068229 0.032138252630829818 0.73878011107444774 0.801141917705536 0.028377328999340538 0.67382958531379711 0.65933576226234447 0.75236189365386974 0.81534090638160717 0.72296515107154857 0.028988552279770378 0.74122118949890148 0.70895177125930797 0.016001024283468727 0.69074872136116039 0.67437368631362926 0.62123227119445812 0.60015058517456066 0.76596736907958995 0.93095237016677868 0.67902725934982311 1.0500000119209292 0.74550324678421032 0.73832422494888317 0.65862932801246654 0.013793759513646366 0.75447747111320507
decision_type=2 2 2 2 2 2 2 2 2 2 2 2 2 2 2 2 2 2 2 2 2 2 2 2 2 2 2 2 2 2
left_child=-1 2 6 -4 5 -5 7 8 9 12 -11 -10 15 -9 -15 18 17 21 -2 20 -20 22 23 25 -24 26 27 -3 -14 -8
right_child=1 16 3 4 -6 -7 29 13 11 10 -12 -13 28 14 -16 -17 -18 -19 19 -21 -22 -23 24 -25 -26 -27 -28 -29 -30 -31
leaf_value=-0.050182379281259765 -0.019772470014102754 0.0040655922999682037 0.036577699488035985 0.011152900141017561 0.025696857581706763 -0.026442107974121776 -0.039774365421036822 0.034963123638490093 -0.043146887210693291 0.040315045955116743 -0.0058876721758727921 -0.0064550401398151937 -0.003476096605751211 -0.026091877590398823 0.029091623084052054 -0.038243444011341332 0.027289183145477187 0.015381951488617658 -0.0020119342478356322 -0.02120971478223424 0.03703513499274274 -0.023859183909919219 7.1074673916719959e-05 -0.029400028807979012 0.043399226747846159 0.030832163799072651 -0.015609859352506786 0.034068056103485976 0.028634216922921257 -0.010461623319655181
leaf_weight=24.640149002701037 16.849120103793211 29.600460832705721 6.0691385212849154 7.5403781756140251 7.5297215503669568 6.8481583549437346 5.7048044549628711 5.9209583192350719 7.6560224383356426 7.4081774116721117 5.5302970107004512 12.088791025089447 7.1425627142780268 5.9291501184925419 5.4553323231739341 5.2693826160648305 13.723082848824559 61.717765498557128 14.995879771204278 7.773912679984277 5.3055854631929824 5.0799932599766171 5.1683942449744773 5.9065026338212183 7.1064753816463053 5.6293764444999388 16.915319266030565 6.5618698599282643 6.5175700439394859 13.725180534022
leaf_count=112063 5101 460 201 299 184 288 2284 242 6573 803 754 333 1784 276 198 1128 151 876 2409 1435 715 58 47 94 79 82 262 93 429 2979
internal_value=4.84493e-10 0.0038802 -0.00219937 0.0113802 0.00440307 -0.00674027 -0.0050511 -0.00265876 -0.00532123 -0.00137162 0.0205666 -0.0206822 -0.00581688 0.0121937 0.000351515 -0.0106234 0.0101085 0.00846762 -0.0073837 5.12862e-05 0.00819263 0.00326151 0.00505337 0.00123445 0.0251557 0.00431658 0.00150436 0.00950972 0.0118445 -0.0190681
internal_weight=343.31 318.669 161.26 27.9874 21.9183 14.3885 133.273 113.843 96.5373 76.7925 12.9385 19.7448 63.854 17.3054 11.3845 50.1939 157.409 143.686 44.9245 28.0754 20.3015 81.9684 76.8884 64.6135 12.2749 58.707 53.0776 36.1623 13.6601 19.43
internal_count=142680 30617 28415 972 771 587 27443 22180 21464 14558 1557 6906 13001 716 474 10788 2202 2051 9660 4559 3124 1175 1117 991 126 897 815 553 2213 5263
is_linear=0
shrinkage=0.05


Tree=79
num_leaves=31
num_cat=0
split_feature=4 4 3 4 11 0 3 13 5 9 13 2 5 0 12 1 9 5 12 11 11 7 12 5 2 0 0 7 7 0
split_gain=25.1808 4.31133 2.5847 2.29034 3.32994 1.84367 1.56654 1.1682 2.98731 4.70079 2.12078 2.86636 3.35484 1.74486 2.20839 1.48983 1.4796 1.34496 1.34203 1.04145 1.95698 1.27674 1.92065 1.756 1.53003 1.0213 1.71626 1.003 2.03644 0.978663
threshold=0.59411767125129711 0.87083333730697643 0.30834107100963598 0.77350428700447094 0.013793759513646366 0.53067633509635936 0.47855328023433691 0.013423423748463394 0.69081705808639537 0.80448052287101757 0.028303807601332668 0.77739527821540844 0.71612805128097545 0.61946007609367382 0.012422839645296337 0.73138618469238292 0.75580289959907543 0.6885165572166444 0.012121656909585001 0.013423423748463394 0.013986697886139156 0.73080605268478405 0.016261236742138866 0.72885665297508251 0.67465910315513622 0.64620026946067821 0.67009824514389049 0.76196739077568065 0.79203593730926525 0.59212139248847973
decision_type=2 2 2 2 2 2 2 2 2 2 2 2 2 2 2 2 2 2 2 2 2 2 2 2 2 2 2 2 2 2
left_child=-1 2 3 4 -2 -3 7 8 -7 16 11 12 13 17 15 -15 -10 -9 27 -12 -21 24 23 -23 -22 -4 -27 -14 -29 -5
right_child=1 5 25 29 -6 6 -8 10 9 -11 19 -13 18 14 -16 -17 -18 -19 -20 20 21 22 -24 -25 -26 26 -28 28 -30 -31
leaf_value=-0.050175051736613852 -0.048295458830093903 -0.013904594289874088 -0.0030583364572368682 -0.011638691482850369 -0.003996318817635027 0.048463127099914398 0.031226558432861113 -0.005314183758790455 0.0088187182897307287 0.04067310801119059 -0.0053072121036844659 -0.024968312236451171 0.03679699237367913 0.034211846108217703 -0.017841692359941694 -0.0011096905527951879 -0.024363403648744907 -0.039925688429544776 -0.00038247682758126521 0.042700736430080051 0.021073354342939585 0.055053261644969313 0.00018177635354142796 0.017235036768930682 -0.01524980874080085 0.044281684919930876 0.0086358421116812922 -0.0059971758279081713 0.035054906301194171 6.1116423475472017e-05
leaf_weight=23.273248423151017 6.9755596402274049 7.9132454446516922 5.9828584242459355 21.959046152551309 10.825803511665979 6.4836043014656779 8.8807584110181761 6.0399332875385898 6.5498930397443491 7.758592637255787 5.1054102759808293 8.7300169882364553 9.2222974561154896 6.018888932187112 7.5599046868737778 5.9233257221058011 6.8970994516275823 5.2434523513074964 7.3633376061916342 6.9697280463296911 5.1015542703680712 5.2253734241239744 6.9859843393787733 7.4395392029546201 6.715485461987555 5.2730924080678951 9.3899773180892208 5.9336574804037792 6.1541064850753173 96.073888505226932
leaf_count=112063 19522 136 534 887 3648 70 123 102 54 85 51 105 102 81 90 56 137 59 88 201 138 67 126 75 94 158 698 86 76 2968
internal_value=-1.69904e-11 0.00373442 -0.00213164 -0.00463693 -0.0213552 0.00961044 0.0108652 0.00956821 0.0187621 0.00968098 0.00728981 0.00178513 0.00571319 -0.00574891 0.00330542 0.0166924 -0.00820073 -0.0213983 0.0180196 0.0159102 0.0187283 0.0134188 0.0212288 0.0328383 0.000431326 0.0143512 0.0214547 0.0243781 0.0149032 -0.00211554
internal_weight=335.969 312.695 156.48 135.834 17.8014 156.215 148.302 139.421 27.6892 21.2056 111.732 68.1889 59.4589 30.7855 19.5021 11.9422 13.447 11.2834 28.6734 43.5431 38.4377 31.4679 19.6509 12.6649 11.817 20.6459 14.6631 21.3101 12.0878 118.033
internal_count=142680 30617 28415 27025 23170 2202 2066 1943 346 276 1597 845 740 388 227 137 191 161 352 752 701 500 268 142 232 1390 856 264 162 3855
is_linear=0
shrinkage=0.05


Tree=80
num_leaves=31
num_cat=0
split_feature=4 4 3 4 11 0 11 13 5 2 0 8 9 1 7 0 12 2 1 9 2 13 11 7 5 9 2 7 1 13
split_gain=23.6748 4.07448 2.69996 2.27954 3.15784 2.16956 1.48785 1.97798 3.80462 4.8364 3.02088 5.07024 2.28769 3.00973 1.60564 1.16163 0.999296 1.35061 2.29744 1.34248 1.905 1.03404 2.1254 0.979113 0.905435 0.871928 2.50101 0.870782 1.63431 1.23769
threshold=0.59411767125129711 0.88562092185020458 0.29291357100009924 0.77350428700447094 0.013793759513646366 0.53067633509635936 0.014815627597272398 0.013423423748463394 0.69081705808639537 0.76803660392761242 0.61946007609367382 1.1500000357627871 0.80586600303649913 0.8116576373577119 0.73883977532386791 0.70302674174308788 0.015504807699471714 0.76803660392761242 0.78315791487693798 0.76645573973655712 0.69691607356071483 0.011561079882085325 0.012422839645296337 0.69784131646156322 0.67039108276367199 0.79679518938064586 0.77072086930274974 0.74046245217323314 0.74299475550651561 0.026494508609175686
decision_type=2 2 2 2 2 2 2 2 2 2 2 2 2 2 2 2 2 2 2 2 2 2 2 2 2 2 2 2 2 2
left_child=-1 2 3 4 -2 -3 7 8 -7 -10 11 -9 27 -14 15 -8 21 18 19 20 -18 -5 -23 24 -4 -24 -27 29 -29 -12
right_child=1 5 23 16 -6 6 14 10 9 -11 12 -13 13 -15 -16 -17 17 -19 -20 -21 -22 22 25 -25 -26 26 -28 28 -30 -31
leaf_value=-0.050168162913191983 -0.048055172158054188 -0.017101601556013972 0.012937430399048292 0.012766153493640357 -0.0040726986632436844 0.05414967585445684 0.02725044385614574 -0.046377643842488138 -0.016274602064099218 0.036494703195084736 0.033992710200896364 0.017561372972885722 -0.036444377313976394 0.012521737339457266 0.037451120518639115 -0.0014916254266925475 -0.0057066737774645916 -0.017193494802327697 0.033764487465528056 -0.014552042274769975 0.033605648185167834 -0.026868703849340994 -0.00081081669332665391 -0.0037891724897019738 0.037804766798949473 -0.036006601102699612 0.0098539287626322174 -0.0098979908992276114 0.016768861657008461 0.011195468142354614
leaf_weight=21.950256791698848 6.5912922336501678 6.8626643354073158 11.667258391145884 8.4634739544708264 10.715820679887655 6.5197805729694691 6.50640119565651 6.8340127579867822 8.9381249919533747 8.4443047437816841 10.572438202332707 5.6754327579401433 5.6890646016690862 6.9987985154148191 10.60771984560415 7.6470561528112739 6.9208627734915407 5.2911233747145152 7.6244375854148521 7.8915561438770956 5.5550697826547548 10.344778695201965 72.976414257922443 5.3483617042948017 5.3339661298086858 6.6000938520592154 5.4094689049525186 8.5722207501530665 17.423857974121347 13.62810736754909
leaf_count=112063 19519 106 591 489 3648 55 94 90 150 70 134 87 87 69 158 102 233 50 65 226 88 1245 1433 510 319 215 106 171 214 293
internal_value=-2.37782e-11 0.00357936 -0.00137306 -0.00372444 -0.0208231 0.0102648 0.0117787 0.00904433 0.0215776 0.00936048 0.0050709 -0.017369 0.00953482 -0.009434 0.0227439 0.0117212 -0.00156559 0.00597333 0.0103524 0.00158823 0.0117976 -0.00398305 -0.00547005 0.0148695 0.0207393 -0.00286533 -0.0153496 0.0143294 0.00797545 0.0211548
internal_weight=329.604 307.654 176.734 154.384 17.3071 130.92 124.057 99.2961 23.9022 17.3824 75.3939 12.5094 62.8845 12.6879 24.7612 14.1535 137.077 33.283 27.9919 20.3675 12.4759 103.794 95.3308 22.3496 17.0012 84.986 12.0096 50.1966 25.9961 24.2005
internal_count=142680 30617 28737 27317 23167 1880 1774 1420 275 220 1145 177 968 156 354 196 4150 662 612 547 321 3488 2999 1420 910 1754 321 812 385 427
is_linear=0
shrinkage=0.05


Tree=81
num_leaves=31
num_cat=0
split_feature=4 4 0 13 3 4 11 3 13 5 9 6 13 1 5 11 7 7 9 10 13 13 1 0 13 12 7 0 0 0
split_gain=22.275 3.72253 2.74081 2.1855 1.41207 2.18302 2.60167 1.36969 1.1702 4.32606 2.84457 2.18306 1.54354 2.00346 2.55046 1.56993 1.81951 1.53848 1.32927 1.3246 1.79328 1.17431 1.71052 2.3553 1.34351 2.44168 1.01132 1.34373 0.948657 1.8255
threshold=0.59411767125129711 0.87083333730697643 0.53067633509635936 0.032138252630829818 0.30834107100963598 0.77350428700447094 0.013793759513646366 0.47855328023433691 0.013423423748463394 0.69081705808639537 0.80448052287101757 0.66076666116714489 0.028303807601332668 0.79852426052093517 0.71612805128097545 0.014389234129339458 0.76196739077568065 0.79203593730926525 0.75580289959907543 0.99999997019767772 0.015038444194942715 0.030292681418359283 0.78211885690689098 0.71511828899383556 0.030947905033826831 0.016261236742138866 0.67332786321640026 0.66582989692687999 0.78535196185112011 0.76265743374824535
decision_type=2 2 2 2 2 2 2 2 2 2 2 2 2 2 2 2 2 2 2 2 2 2 2 2 2 2 2 2 2 2
left_child=-1 3 -3 4 5 6 -2 8 9 -4 18 -10 13 14 19 16 -16 -18 -11 -13 -21 22 23 -14 -23 -26 27 -6 29 -7
right_child=1 2 7 -5 26 28 -8 -9 11 10 -12 12 21 -15 15 -17 17 -19 -20 20 -22 24 -24 -25 25 -27 -28 -29 -30 -31
leaf_value=-0.050160871885998132 -0.047826336802846356 -0.018994888695327252 0.051939396844274066 0.024864294594489758 0.031561491082635805 -0.0034086318727629874 -0.0062188386987243978 0.029911003383064461 -0.025023895939478569 0.0091123546976613051 0.031065974982577033 0.011313324912154268 0.033831529548393961 -0.01727254544451769 0.030624975223381062 0.043453215929073925 -0.019620861865844715 0.01508954502784207 -0.022905180052117183 -0.034664922691814835 -0.00029494284075306165 -0.0092409732508875551 0.047586255284785384 -0.0095897041170079356 -0.0034296761210650404 0.037881417585723103 -0.0085821821393938617 -0.0021284251790445086 -0.021534648733911848 0.023753789927950453
leaf_weight=20.722901752474172 6.2368979048706015 8.3160114162601513 7.1603118975181159 7.1424426133999068 7.2097970487520815 98.525359878243762 9.4492190007922527 8.5701815565116686 5.0865366850048295 6.2807574593462068 7.6239188574254504 9.5916152759455162 7.2183188316412288 9.6893694230820966 8.4456851466093266 5.0514389914460471 5.3967016730457527 7.8156669386662543 6.6996505411807448 5.7399475099518922 11.201280083740128 7.2822142310906228 5.9160614800639442 5.5047535521443933 7.1832844032905978 7.1242090412415564 5.2056924388307371 5.0208565077773528 6.3973658031900404 6.6000154233770436
leaf_count=112063 19522 136 70 184 353 3481 3581 123 217 54 85 93 116 120 93 55 84 96 137 71 156 104 47 146 61 138 701 300 137 156
internal_value=-3.18832e-10 0.00341164 0.00891821 -0.0021352 -0.00346841 -0.00529741 -0.0227622 0.0105237 0.0093021 0.0184595 0.00682479 0.00695327 0.00852997 0.00364 0.0074458 0.0183529 0.0124986 0.000911791 -0.00741303 -0.00353394 -0.01194 0.0161796 0.0253736 0.0150449 0.00824208 0.0171406 0.0098753 0.0177313 -0.00284091 -0.00170331
internal_weight=325.408 304.686 152.898 151.788 144.645 127.209 15.6861 144.582 136.012 27.7646 20.6043 108.247 103.161 62.9317 53.2423 26.7095 21.6581 13.2124 12.9804 26.5328 16.9412 40.2288 18.6391 12.7231 21.5897 14.3075 17.4363 12.2307 111.523 105.125
internal_count=142680 30617 2202 28415 28231 26877 23103 2066 1943 346 276 1597 1380 768 648 328 273 180 191 320 227 612 309 262 303 199 1354 653 3774 3637
is_linear=0
shrinkage=0.05


Tree=82
num_leaves=31
num_cat=0
split_feature=4 4 13 12 13 0 0 5 11 7 13 9 11 3 11 7 9 6 13 7 2 9 12 8 6 12 2 11 11 9
split_gain=21.0193 3.71403 2.2559 2.12111 1.82879 2.22996 2.06044 2.59554 1.60365 2.08599 1.96514 2.30479 1.57613 2.07455 1.6661 1.50842 2.37303 1.53248 1.50853 1.50587 1.45484 2.0197 1.44435 1.58731 1.41032 1.43699 1.83836 1.2926 1.40968 2.13521
threshold=0.59411767125129711 0.88562092185020458 0.026262962259352211 0.011173533275723459 0.028618008829653267 0.73234611749649059 0.70134183764457714 0.76596736907958995 0.010582306887954475 0.63825577497482311 0.014389234129339458 0.79355257749557506 0.013072453904896976 0.29291357100009924 0.013606071937829258 0.75741124153137218 0.72140368819236766 0.74956858158111583 0.019752090796828273 0.78407239913940441 0.63215413689613353 0.71188929677009594 0.014389234129339458 1.0500000119209292 0.78220185637474071 0.015749008394777778 0.72164857387542736 0.014815627597272398 0.011696306522935631 0.79905468225479137
decision_type=2 2 2 2 2 2 2 2 2 2 2 2 2 2 2 2 2 2 2 2 2 2 2 2 2 2 2 2 2 2
left_child=-1 2 3 8 5 6 20 -8 -2 -10 11 -11 -4 14 -14 16 -12 -18 -17 -16 -3 -22 23 -5 25 -6 -27 28 -23 -30
right_child=1 4 12 22 24 -7 7 -9 9 10 15 -13 13 -15 19 18 17 -19 -20 -21 21 27 -24 -25 -26 26 -28 -29 29 -31
leaf_value=-0.050154213655563454 0.022271967670260663 -0.02114220378676146 0.026692974399296122 -0.053898023540004031 0.028808283065423792 -0.024262773732656437 0.0095291083905909985 0.054062205847160087 -0.03267739254685114 -0.0046817524849208196 0.026746172601493146 -0.037665287012382198 -0.028034889312928607 0.026159308877514179 0.0061614283494676311 0.034045390891483285 -0.03119554958680177 0.0037980900152766051 -6.3260576970715102e-05 -0.019999294157456254 0.036870035611991675 0.022357879216975889 -0.0027333499944556801 -0.015179280288029735 0.034010775881926844 0.01571763223890071 -0.018488247425536456 0.025712659125396088 0.0019622547166404727 -0.032555351287208573
leaf_weight=19.609296555785477 5.8897172067145211 5.1792652097064993 7.9776228737700867 5.0146156574410288 9.1990153060760367 5.7610643843654534 9.3353947994764876 5.037458083825185 6.1812830321869106 42.01750276968869 5.011763023304872 6.0602446967968708 5.1099439847603199 8.2061142402781098 36.131643579770753 7.8542348172486509 6.3552312842712109 6.1623432384913031 5.5198161909520422 6.4886908515618407 5.0169169171713284 6.9896627028938374 5.9768263636160546 5.6065115645528749 10.988106642849742 11.945029817987235 5.8525129831396034 6.0802902197465292 42.217341363662854 5.0121139397379002
leaf_count=112063 1797 124 790 2390 174 93 104 29 1656 7101 418 2193 321 178 1575 624 838 602 693 368 77 99 2643 4550 83 376 76 60 491 94
internal_value=-6.82909e-10 0.00327635 -0.00153908 -0.00595689 0.00969985 0.00583995 0.00788339 0.0251373 -0.0029603 -0.00470533 -0.00251616 -0.00883936 0.00590183 0.0029366 -0.00105601 0.00732111 -0.00232777 -0.0139683 0.0199679 0.00217861 0.00436563 0.00638827 -0.0223954 -0.0334598 0.0189094 0.0127628 0.00446943 0.00385219 0.00140069 -0.00170084
internal_weight=319.788 300.178 171.564 107.65 128.614 90.6295 84.8684 14.3729 91.0521 85.1624 78.9811 48.0777 63.914 55.9364 47.7303 30.9034 17.5293 12.5176 13.3741 42.6203 70.4956 65.3163 16.598 10.6211 37.9847 26.9966 17.7975 60.2994 54.2191 47.2295
internal_count=142680 30617 28737 25505 1880 1171 1078 133 15922 14125 12469 9294 3232 2442 2264 3175 1858 1440 1317 1943 945 821 9583 6940 709 626 452 744 684 585
is_linear=0
shrinkage=0.05


Tree=83
num_leaves=31
num_cat=0
split_feature=4 4 3 4 8 0 3 11 0 13 0 0 9 0 0 0 9 1 9 6 0 13 11 10 1 5 5 7 8 7
split_gain=19.7893 3.53684 2.14679 1.75601 2.94896 1.43247 1.24422 1.20431 1.00687 1.44323 1.04841 1.80311 2.63169 1.7578 1.19659 1.10921 1.21117 1.05725 1.04665 0.997636 1.37077 1.04415 2.39118 3.22292 1.99454 3.16892 1.49881 1.40588 2.24048 2.1102
threshold=0.59411767125129711 0.87083333730697643 0.30834107100963598 0.77350428700447094 0.84999999403953563 0.53067633509635936 0.47855328023433691 0.015038444194942715 0.59212139248847973 0.011696306522935631 0.65862932801246654 0.67382958531379711 0.7510344684123994 0.70670887827873241 0.71511828899383556 0.73234611749649059 0.801141917705536 0.67804989218711864 0.74718081951141369 0.67836034297943126 0.5654306709766389 0.028303807601332668 0.013423423748463394 0.99999997019767772 0.78315791487693798 0.69597953557968151 0.72135570645332348 0.71589571237564098 0.94999998807907116 0.78063941001892101
decision_type=2 2 2 2 2 2 2 2 2 2 2 2 2 2 2 2 2 2 2 2 2 2 2 2 2 2 2 2 2 2
left_child=-1 2 3 4 7 -3 19 -2 -5 -10 17 12 -12 -13 -15 -16 -17 -11 -19 -7 -21 22 27 26 25 -25 -24 28 -22 -29
right_child=1 5 -4 8 -6 6 -8 -9 9 10 11 13 -14 14 15 16 -18 18 -20 20 21 -23 23 24 -26 -27 -28 29 -30 -31
leaf_value=-0.050147819360579174 -0.021399925798904828 -0.012450571743343944 0.013140786913825357 -0.012387333056080455 -0.051160657368443496 -0.0070770672835382929 0.028560053027846019 0.011845945260282469 0.025645229450004234 0.010120098148330313 0.04342735173900291 -0.016574954223710057 -0.0056322348975944613 0.024699557429466848 -0.021004426419211481 0.013513962131269578 -0.0095962517051318211 -0.030853197339466149 -0.0069397061026239583 0.031054059331704444 0.0069748683211425357 0.015390733868500548 -0.0047493686436266133 -0.040831492257151235 -0.042818412937396043 0.0065630187812794885 0.030100452605201194 -0.0043410641479301581 0.051498352973272259 0.021161393494186109
leaf_weight=18.511699582807978 5.6534920706999419 7.6658618260407811 19.411162107560813 20.840598769762437 5.1917810926001939 9.4601139656733704 8.2695945220766571 5.2568019055797777 5.0980679196945848 5.0145866683742524 5.7630921513045887 14.959828562117762 5.2000138065923238 5.7782572726428034 5.2547230755735681 14.351883473776981 9.3713153644930554 7.1630596067698233 12.667479172901947 7.1282223982270798 5.9453820271883142 36.986605646903627 5.3072327151894552 5.0401670043356779 5.3124370644800356 11.747121144551782 7.3689456696156412 17.200984636088833 5.384593770140782 15.350121735362334
leaf_count=112063 2191 136 1390 887 20722 330 123 257 317 141 111 547 135 123 245 379 276 255 439 75 49 561 62 78 70 174 90 230 47 177
internal_value=-3.16166e-10 0.00314532 -0.00235026 -0.00470749 -0.020142 0.00859672 0.00974508 -0.00538139 -0.0024778 -0.000198888 -0.00173945 0.00180291 0.0201574 -0.00224453 0.0039236 -0.000219172 0.00438479 -0.0103909 -0.0155776 0.00856842 0.00977397 0.00846227 0.00520433 -0.00458848 -0.0161165 -0.00766657 0.0155096 0.0129652 0.0281347 0.00768513
internal_weight=313.655 295.144 146.976 127.565 16.1021 148.167 140.502 10.9103 111.463 90.6223 85.5242 60.6791 10.9631 49.716 34.7562 28.9779 23.7232 24.8451 19.8305 132.232 122.772 115.644 78.657 34.7759 22.0997 16.7873 12.6762 43.8811 11.33 32.5511
internal_count=142680 30617 28415 27025 23170 2202 2066 2448 3855 2968 2651 1816 246 1570 1023 900 655 835 694 1943 1613 1538 977 474 322 252 152 503 96 407
is_linear=0
shrinkage=0.05


Tree=84
num_leaves=31
num_cat=0
split_feature=4 4 3 4 11 11 0 0 13 11 5 0 11 9 11 11 13 13 0 7 0 2 4 0 0 13 5 9 0 2
split_gain=18.6886 3.30023 2.2547 1.76763 2.67612 1.51275 1.31147 1.14791 1.75039 1.71824 1.85813 1.00863 2.38863 1.70243 1.56968 1.83428 1.44448 1.15246 1.15586 2.24217 1.73099 1.09331 1.14589 1.00795 1.12926 2.72079 1.91874 1.53213 3.04512 1.79761
threshold=0.59411767125129711 0.88562092185020458 0.29291357100009924 0.77350428700447094 0.013793759513646366 0.016261236742138866 0.53067633509635936 0.58966997265815746 0.011561079882085325 0.013245614245533945 0.68675106763839733 0.70670887827873241 0.012422839645296337 0.75236189365386974 0.013072453904896976 0.013986697886139156 0.026262962259352211 0.013793759513646366 0.65933576226234447 0.72265517711639415 0.67310267686843883 0.74579966068267833 0.83974358439445507 0.56214097142219555 0.63431081175804149 0.013793759513646366 0.7062416970729829 0.78318649530410778 0.67976370453834545 0.74171021580696117
decision_type=2 2 2 2 2 2 2 2 2 2 2 2 2 2 2 2 2 2 2 2 2 2 2 2 2 2 2 2 2 2
left_child=-1 2 3 4 -2 6 -3 9 -9 -5 -11 12 -10 17 16 -16 -13 -14 19 -19 -20 22 -15 -8 25 -25 -27 29 -29 -26
right_child=1 5 -4 7 -6 -7 23 8 11 10 -12 14 13 21 15 -17 -18 18 20 -21 -22 -23 -24 24 27 26 -28 28 -30 -31
leaf_value=-0.050142276651272702 -0.047599611472171913 -0.013898629828622285 0.013643399794007883 -0.033977969652494354 -0.0043662032313941564 0.033535128294272548 0.028891747088600352 0.025373039106104601 -0.037303493276066933 -0.020838202636133608 0.012479222830626075 0.0014049761451404852 0.026620353945780575 -0.032746153787030184 -0.02070028298898921 0.0065434226089634562 0.036342077902704335 0.011805335346394333 0.034108502317727087 -0.034365770929546915 -0.006127450673036979 0.00088513807953972718 -0.0050935636409696191 0.014722052430264605 0.012284050787246268 -0.039746594518673121 0.002071676880206659 -0.032816629712890621 0.0088870784444413844 0.038271675627810947
leaf_weight=17.525709966051181 5.5489213461487443 6.5106250832322976 21.154136449917132 6.4207121939689413 10.084334004491209 6.0570773388026273 6.1332498760893932 6.5315032476355546 5.3933778986975076 8.0692396311496868 8.6931348363286798 5.5727409847022482 5.594103800540327 8.2524091023660748 8.7975698334630597 20.752445107558742 6.306804291147273 5.4041494515840913 5.0133946037385595 5.1213415937963873 5.7260789531865157 10.376004398582152 6.8611679961904875 11.969514341326432 38.521002508001402 5.7311635301448387 5.2609072653576732 5.0810432606376699 31.598063468001783 8.0438510249368829
leaf_count=112063 19519 105 1420 582 3648 76 74 303 672 200 148 442 81 276 209 393 75 141 65 100 137 215 111 165 694 117 77 87 404 81
internal_value=1.40978e-10 0.00302422 -0.00160252 -0.00383415 -0.0197116 0.00916105 0.00791884 -0.00190829 0.000301551 -0.0119841 -0.00355945 -0.00134967 -0.00562088 -0.00235668 0.00460328 -0.00156752 0.0199529 0.00642722 0.00111508 -0.0106599 0.0126555 -0.0116125 -0.0201926 0.00918328 0.00804513 -0.00177163 -0.019732 0.0107529 0.00310999 0.0167733
internal_weight=308.106 290.58 165.674 144.519 15.6333 124.906 118.849 128.886 105.703 23.1831 16.7624 99.1716 57.742 52.3486 41.4296 29.55 11.8795 26.8591 21.265 10.5255 10.7395 25.4896 15.1136 112.339 106.206 22.9616 10.9921 83.244 36.6791 46.5649
internal_count=142680 30617 28737 27317 23167 1880 1804 4150 3220 930 348 2917 1798 1126 1119 602 517 524 443 241 202 602 387 1699 1625 359 194 1266 491 775
is_linear=0
shrinkage=0.05


Tree=85
num_leaves=31
num_cat=0
split_feature=4 4 3 5 6 13 0 6 0 11 11 9 0 0 6 1 4 11 0 0 0 0 13 5 0 9 0 2 12 12
split_gain=17.6563 3.28457 2.08878 1.61906 1.56885 1.47276 3.33195 1.38291 2.03608 1.26719 1.20603 1.18137 1.02218 0.981662 1.38142 0.914605 0.925216 1.13205 2.19325 1.0835 0.899915 1.01416 2.02271 1.50634 1.2622 1.20623 2.01652 1.59897 1.41102 1.53414
threshold=0.59411767125129711 0.88562092185020458 0.29291357100009924 0.68235921859741222 0.76218238472938549 0.026739345863461498 0.68918323516845714 0.75662142038345348 0.73079112172126781 0.016261236742138866 0.015268065501004459 0.76135915517807018 0.53067633509635936 0.64620026946067821 0.71090948581695568 0.66891500353813182 0.83974358439445507 0.013606071937829258 0.66803216934204113 0.63099002838134777 0.56214097142219555 0.63431081175804149 0.013793759513646366 0.7062416970729829 0.59082463383674633 0.78318649530410778 0.6812453866004945 0.74171021580696117 0.011561079882085325 0.013072453904896976
decision_type=2 2 2 2 2 2 2 2 2 2 2 2 2 2 2 2 2 2 2 2 2 2 2 2 2 2 2 2 2 2
left_child=-1 2 3 4 5 -2 -7 8 10 12 11 15 -3 -4 -15 -5 17 -17 -19 -18 -14 22 24 -24 -22 27 -27 28 -23 -30
right_child=1 9 13 7 -6 6 -8 -9 -10 -11 -12 -13 20 14 -16 16 19 18 -20 -21 21 25 23 -25 -26 26 -28 -29 29 -31
leaf_value=-0.050137274067068388 -0.026760641107704514 -0.011633194255924267 -0.0041844089594737918 0.019337666314284511 0.011225640582923016 0.021137347248126985 -0.031556237036368666 -0.006881506993140051 0.029390000161438057 0.031836725572313242 0.020563532985450713 -0.02342979533314829 0.02771388371652457 0.039642976896529208 0.0082183803494605256 -0.026848152163981939 0.019574449699807577 -0.021763220070029728 0.023208599989351916 -0.0087730330303100769 0.030587777105256342 0.026483704359087985 -0.035511943460406196 0.0020505211573199375 -0.0021997079865672801 -0.024666979754760052 0.0086161925577755601 0.036460063466342042 -0.018752530269930012 0.011341304736528508
leaf_weight=16.59683686557446 17.95230435229951 6.3094411029014728 5.9724031059740836 5.7707527905313318 5.5605970795349995 6.2523564191415044 5.767265895357923 50.118185510862531 7.1886829573977584 5.8246384985977775 6.7298273009691902 5.6854100590498993 6.1071619379799804 5.5316761092981315 9.5092120100343873 6.3454398457761334 7.805132497684097 5.6722312672645767 5.1932975737399829 5.9332675409968942 5.4136610759887862 11.337269603973253 5.476596155902369 5.2064005949068815 6.4117276514880359 5.3368449015542856 30.900337080704048 7.8505592797882846 5.2647134973667589 21.651862288825214
leaf_count=112063 6736 105 547 556 966 331 327 9354 762 76 540 2405 74 446 427 4352 116 577 173 122 65 137 117 77 100 92 399 81 53 504
internal_value=2.07598e-11 0.00290871 -0.00174717 -0.00392478 -0.0131662 -0.0176916 -0.00414614 -0.000839809 0.00453621 0.00907367 0.000900007 -0.00222063 0.00794302 0.0129657 0.0197756 0.00106321 -0.00234421 -0.010068 -0.00026845 0.00733189 0.0090562 0.00796945 -0.00143595 -0.0172057 0.0128104 0.0105405 0.0037144 0.0159056 0.0116874 0.00545514
internal_weight=302.676 286.079 162.988 141.975 35.5325 29.9719 12.0196 106.442 56.324 123.091 49.1354 42.4055 117.267 21.0133 15.0409 36.7201 30.9494 17.211 10.8655 13.7384 110.957 104.85 22.5084 10.683 11.8254 82.3416 36.2372 46.1044 38.2538 26.9166
internal_count=142680 30617 28737 27317 8360 7394 658 18957 9603 1880 8841 8301 1804 1420 873 5896 5340 5102 750 238 1699 1625 359 194 165 1266 491 775 694 557
is_linear=0
shrinkage=0.05


Tree=86
num_leaves=31
num_cat=0
split_feature=4 4 3 4 11 12 4 5 5 8 13 11 9 0 13 13 2 7 11 11 11 6 9 13 0 0 12 12 9 5
split_gain=16.663 3.12463 1.82694 1.49269 2.44389 1.30555 1.70847 2.31022 2.11389 1.74687 1.42806 1.70564 1.81453 1.64361 2.96745 3.42127 1.74172 1.28769 1.24115 1.59473 1.10364 0.839764 1.45323 1.3243 0.8156 1.66657 0.803604 1.58314 1.78718 1.41227
threshold=0.59411767125129711 0.87083333730697643 0.30834107100963598 0.77350428700447094 0.013793759513646366 0.016001024283468727 0.93095237016677868 0.74968984723091137 0.75519639253616344 1.0500000119209292 0.029643408022820953 0.012739370577037336 0.79198560118675243 0.61946007609367382 0.026494508609175686 0.028131763450801376 0.69825604557991039 0.74260598421096813 0.013793759513646366 0.01197647722437978 0.011561079882085325 0.72305032610893261 0.78693008422851574 0.031039468012750152 0.64620026946067821 0.67382958531379711 0.015504807699471714 0.016001024283468727 0.77683988213539135 0.750319004058838
decision_type=2 2 2 2 2 2 2 2 2 2 2 2 2 2 2 2 2 2 2 2 2 2 2 2 2 2 2 2 2 2
left_child=-1 2 3 4 -2 6 7 10 9 -8 11 20 13 16 17 -16 -13 -15 19 -9 -3 -7 -23 -24 -4 -26 29 28 -28 -5
right_child=1 5 24 26 -6 21 8 18 -10 -11 -12 12 -14 14 15 -17 -18 -19 -20 -21 -22 22 23 -25 25 -27 27 -29 -30 -31
leaf_value=-0.050131594631844113 -0.047361263726457666 -0.0014644322919704442 -0.0042460128962315564 -0.0027672594460331754 -0.0048249377667479677 0.034286071567236759 0.0085301213103698408 0.030779271012231886 -0.0081805399952967345 0.04369649762446029 -0.022867483415169278 0.0096105468792074024 -0.016828882330506639 0.043195214083549142 -0.027158747000677771 0.024575460335954473 -0.020590795790762666 0.015495630891708211 0.037548595429712867 -0.0069427120594523538 -0.028113402670694395 -0.0024876769149812161 0.0077194027665031294 0.043524278404999603 0.040390295435688915 0.0043076624915110093 -0.00021308619276486039 -0.0050042526213136375 0.041503822686560859 -0.023586666306308134
leaf_weight=15.703564970800924 5.1668307753589025 8.9241829761303944 5.487371472354428 71.656507356085058 9.7466992429317525 6.2436820428119999 6.0615739556960788 5.0170942349359411 5.1821889451239249 8.4602057507727277 6.5564558306941754 12.403951164800675 7.8749535235110661 8.9904194239061379 6.4873703781049681 6.2983979899436235 7.7605994306504718 7.8672871682792893 6.1844971263781181 6.3453989583067596 6.8806624882854512 8.2956176395528036 5.1675739553756994 5.1624839834403247 5.3109933013765831 8.0516294157387147 5.2373942098638508 15.71619095391361 5.0359347463818267 9.1903006056381837
leaf_count=112063 19522 174 534 2684 3648 295 57 64 52 104 119 200 124 109 70 111 87 94 80 87 155 100 60 60 189 667 111 434 65 561
internal_value=1.98279e-10 0.0027841 -0.00250108 -0.00474373 -0.0195618 0.00801111 0.00580482 0.00309335 0.0192344 0.0290176 -0.00050851 0.00148632 0.00547361 0.00899977 0.0164909 -0.00167396 -0.00201285 0.0302682 0.019524 0.00971338 -0.0130661 0.018417 0.0130974 0.025613 0.0119839 0.0186488 -0.00267525 0.00497303 0.0202363 -0.00513392
internal_weight=298.468 282.764 140.6 121.75 14.9135 142.165 117.295 97.5913 19.704 14.5218 80.0443 73.4878 57.683 49.808 29.6435 12.7858 20.1646 16.8577 17.547 11.3625 15.8048 24.8694 18.6257 10.3301 18.85 13.3626 106.836 25.9895 10.2733 80.8468
internal_count=142680 30617 28415 27025 23170 2202 1687 1474 213 161 1243 1124 795 671 384 181 287 203 231 151 329 515 220 120 1390 856 3855 610 176 3245
is_linear=0
shrinkage=0.05


Tree=87
num_leaves=31
num_cat=0
split_feature=4 4 7 11 13 13 4 0 2 5 2 13 13 0 0 13 7 13 7 12 5 6 9 11 6 2 2 7 2 6
split_gain=15.6992 2.90547 2.14692 1.86075 1.61757 1.74718 1.3642 1.96022 1.36845 1.36274 1.24263 2.93458 1.67914 1.88292 1.17587 1.56519 2.09538 2.04961 2.01721 1.99495 1.16275 1.7674 1.46493 1.29895 1.46624 1.17809 1.13923 1.07997 1.07737 1.34661
threshold=0.59411767125129711 0.82843136787414562 0.78148043155670177 0.014815627597272398 0.011428944766521456 0.013072453904896976 0.89444443583488475 0.57871094346046459 0.66568490862846386 0.67563143372535717 0.72606682777404796 0.03152930177748204 0.031408416107296951 0.63099002838134777 0.57733893394470226 0.026543322950601581 0.73966848850250255 0.029794783331453804 0.74122586846351635 0.0090499590151011961 0.67039108276367199 0.7168962061405183 0.70998886227607738 0.014389234129339458 0.75797614455223095 0.72228452563285839 0.74859771132469188 0.74716487526893627 0.73281845450401317 0.7770887315273286
decision_type=2 2 2 2 2 2 2 2 2 2 2 2 2 2 2 2 2 2 2 2 2 2 2 2 2 2 2 2 2 2
left_child=-1 2 4 6 -2 -6 7 -3 -9 -8 12 -12 13 -5 -11 16 19 18 -17 -16 21 22 -7 25 27 -22 -27 -25 -18 -30
right_child=1 3 -4 10 5 20 9 8 -10 14 11 -13 -14 -15 15 17 28 -19 -20 -21 23 -23 -24 24 -26 26 -28 -29 29 -31
leaf_value=-0.050126641069253464 0.022085898100006916 -0.020596774443641629 -0.029633675177649324 0.0098606215427129371 -0.030943444091039964 -0.0073982762168687422 0.023767479276298971 -0.017126157868435424 0.0047514725334651953 -0.012374635967663162 -0.014532917401695766 0.02781784115538671 0.0043680714490738201 0.045525288771740835 0.010326377056446923 -0.037532486967803667 -0.0091293645359413079 0.017341880173535506 0.0010915190151753241 0.049301431393341276 -0.01908672171720982 0.0067436881760172228 -0.044034356541212363 0.0073278407471110531 -0.010994282475746365 0.017801109758069141 -0.013052371381420095 0.034952399526844785 0.027982689336115064 0.0021034734874303411
leaf_weight=14.833740133210538 6.0495259572139721 11.364329910778904 8.2203260298992955 5.9057236858643618 5.8780913265959489 5.5021227318193286 11.526603041915221 8.2010981698986125 55.649444952374324 8.3621873969677818 8.9352664209436643 7.5437345277750856 8.2347644929541257 9.9122725885827077 6.6044469771441054 5.7581474088365239 8.6498481051530707 7.6554259466938666 8.1866571530699712 6.5288561815395951 9.7346588136360896 6.9130665558714091 5.4129449466227015 7.7555057720255736 5.241866317433959 6.8160739199538494 5.3325529412195465 6.5060943928801862 8.0235301102511603 13.457878148416055
leaf_count=112063 2740 351 5420 103 6362 976 266 261 1169 106 99 54 242 165 87 88 137 175 122 48 3905 1096 1583 721 654 1448 1608 363 103 165
internal_value=-5.8842e-11 0.00265689 -0.00544067 0.0058621 -0.00264524 -0.00494367 0.00343752 -0.00146387 0.00194146 0.00778728 0.0154313 0.00485435 0.0226778 0.0322097 0.00527185 0.00754678 0.0130347 -0.00344544 -0.0148573 0.0297017 -0.00236274 -0.0130379 -0.0255667 0.0022358 0.0116187 -0.00612666 0.00425819 0.0199301 0.00577011 0.0117696
internal_weight=294.697 279.863 79.3628 200.5 71.1425 65.093 159.968 75.2149 63.8505 84.7536 40.5318 16.479 24.0528 15.818 73.227 64.8648 43.2646 21.6002 13.9448 13.1333 59.2149 17.8281 10.9151 41.3868 19.5035 21.8833 12.1486 14.2616 30.1313 21.4814
internal_count=142680 30617 26876 3741 21456 18716 3078 1781 1430 1297 663 153 510 268 1031 925 540 385 210 135 12354 3655 2559 8699 1738 6961 3056 1084 405 268
is_linear=0
shrinkage=0.05


Tree=88
num_leaves=31
num_cat=0
split_feature=4 4 3 4 0 0 11 13 12 13 7 11 9 13 9 2 13 5 0 13 6 5 11 5 7 0 7 11 0 13
split_gain=14.8059 2.8629 2.82529 1.90053 1.71562 3.19149 2.71934 2.39718 3.94933 3.38149 1.80757 3.12185 2.03113 1.68983 1.65736 1.65435 1.62061 1.403 1.61943 3.13791 2.48373 1.59024 1.39473 1.3766 1.22072 1.05389 1.77492 1.03851 1.01293 2.42068
threshold=0.59411767125129711 0.91287881135940563 0.29291357100009924 0.81534090638160717 0.70577287673950206 0.69793990254402172 0.015038444194942715 0.02461287193000317 0.0088890646584332007 0.027757008560001854 0.75021964311599743 0.014185110572725536 0.80385890603065502 0.027528078295290474 0.71188929677009594 0.73479959368705761 0.011696306522935631 0.67397373914718639 0.63099002838134777 0.024954754859209064 0.74748575687408458 0.70908358693122875 0.016001024283468727 0.74076938629150402 0.67580130696296703 0.67677313089370739 0.77134332060813915 0.014389234129339458 0.71855038404464733 0.029987722635269169
decision_type=2 2 2 2 2 2 2 2 2 2 2 2 2 2 2 2 2 2 2 2 2 2 2 2 2 2 2 2 2 2
left_child=-1 2 3 17 5 6 7 8 16 -9 13 23 -13 -6 -3 -15 -5 -2 20 -20 -19 -21 24 -12 -4 26 -16 -18 -27 -30
right_child=1 14 22 4 10 -7 -8 9 -10 -11 11 12 -14 15 25 -17 27 18 19 21 -22 -23 -24 -25 -26 28 -28 -29 29 -31
leaf_value=-0.050121125241835165 -0.028549963895922605 0.037933296369358271 0.019328001606422326 0.016214861452415175 0.040101286962083038 -0.0413796984711607 0.02032609845504817 -0.046239857123998335 0.028383402534021353 0.00311356557134822 -0.038555282929500376 0.035950360488992 -0.0012739764362807568 0.021343983796882737 0.0095765528030189295 -0.012117107990716566 -0.012393253692696065 -0.012833918857017677 -0.03561284498580005 0.021337009277561547 0.034652158119397737 -0.013122606771027934 0.038747574862934078 -0.0056334437413495773 -0.0055549376565849854 0.024326188752735754 -0.022584303731067346 0.0076096535218468904 -0.010356793005285053 0.029800696802260097
leaf_weight=14.025774588306374 9.3200583477794208 5.6864161145640528 12.640119725194387 7.2279155634751069 6.4330389844544724 5.2341581399086854 12.610505455289966 7.5234770530369115 9.9313985633416433 6.442813238943927 5.0256259950110715 6.633659654762595 8.1876007916871441 10.763707565260122 16.58444850938395 5.6239447228144845 40.363582015561406 5.9699456373245976 9.8672333330951023 5.7702483418106549 5.1112785178356717 7.9753446140548476 5.1289730183525526 8.6240973345411458 8.0794243299424107 15.893020547577182 5.7870689674746236 7.7317503918893626 9.0221192095195857 6.4252558676525942
leaf_count=112063 6482 107 712 271 109 124 188 140 267 136 129 128 62 333 213 66 966 3507 10212 717 2256 1683 73 273 742 188 119 103 126 185
internal_value=1.50154e-10 0.00253221 -0.000116833 -0.00220229 0.000504646 -0.00340392 -0.0012394 -0.00467222 -0.000648439 -0.0234725 0.00790131 -0.000502131 0.0153868 0.0183854 0.0122644 0.00986074 -0.00586011 -0.0113265 -0.00669967 -0.0140999 0.00906931 0.00134316 0.0154037 -0.0177548 0.00962509 0.00954683 0.00125718 -0.00917761 0.0154642 0.00634651
internal_weight=291.644 277.618 218.22 192.371 148.357 97.0656 91.8314 79.2209 65.2546 13.9663 51.2917 28.471 14.8213 22.8207 59.3983 16.3877 55.3232 44.0141 34.6941 23.6128 11.0812 13.7456 25.8485 13.6497 20.7195 53.7119 22.3715 48.0953 31.3404 15.4474
internal_count=142680 30617 29679 28152 3295 2195 2071 1883 1607 276 1100 592 190 508 938 399 1340 24857 18375 12612 5763 2400 1527 402 1454 831 332 1069 499 311
is_linear=0
shrinkage=0.05


Tree=89
num_leaves=31
num_cat=0
split_feature=4 13 4 13 0 0 4 11 13 1 9 12 13 13 11 2 0 10 0 0 7 5 8 1 2 2 13 5 13 9
split_gain=13.9698 2.55052 2.56463 2.08567 2.83823 2.81296 2.17387 2.46859 1.66506 1.65187 1.4155 2.88163 1.35188 1.29697 1.18411 1.10727 1.60186 1.44647 1.14014 2.34884 1.28762 1.99066 1.09966 1.12533 1.71185 1.52579 1.09703 1.28746 1.61024 1.51042
threshold=0.59411767125129711 0.010929288342595102 0.82843136787414562 0.028377328999340538 0.73234611749649059 0.70577287673950206 0.93095237016677868 0.014815627597272398 0.025835551321506504 0.79425516724586498 0.78838467597961437 0.015504807699471714 0.028988552279770378 0.03152930177748204 0.013245614245533945 0.72164857387542736 0.63099002838134777 0.99999997019767772 0.64535194635391246 0.67382958531379711 0.71851545572280895 0.66338744759559642 1.0500000119209292 0.79425516724586498 0.72760057449340831 0.67954149842262279 0.026424906216561798 0.68235921859741222 0.013606071937829258 0.77374282479286205
decision_type=2 2 2 2 2 2 2 2 2 2 2 2 2 2 2 2 2 2 2 2 2 2 2 2 2 2 2 2 2 2
left_child=-1 -2 10 4 5 6 7 9 -7 26 15 -12 -5 22 -8 18 -17 -18 20 -20 21 -3 -14 24 25 -24 27 28 -4 -29
right_child=1 2 3 12 -6 8 14 -9 -10 -11 11 -13 13 -15 -16 16 17 -19 19 -21 -22 -23 23 -25 -26 -27 -28 29 -30 -31
leaf_value=-0.050117079968196622 0.034972836390651206 -0.027570230367407696 0.0036149676104078789 0.031483840893288248 -0.02528440657616406 0.03189893010775658 0.033285872327383177 0.018482166261864427 -0.0015465443865599155 -0.031853473226886989 -0.03938008561103936 0.0027694276860036303 0.01914935178182342 0.022362844432940863 0.003690450146225223 0.029374648190249528 0.017395936843575144 -0.015633418988120401 0.021161919435370075 -0.013573259964246935 -0.03580066739130227 0.011300411133236928 -0.015235540992248386 0.017761204560931266 -0.028153912730708483 0.019300326269281146 -0.022094820852145293 0.0071276025552957272 -0.025534392151399767 -0.013240064758809889
leaf_weight=13.26300392598341 5.8894811388781809 6.3893983426396534 8.4774952186271566 8.2618636135011894 9.2909656402189267 12.372945786919447 7.0558629031293076 12.451949800946748 5.3219180719461283 5.5046881866292088 8.4753551719950355 7.7748979666830556 9.2470071526477096 14.14845422003418 6.4869823006447405 5.7457837395613778 5.6219015377773731 8.0771007676175941 8.3588991513825039 11.650113700871769 5.799969515472184 6.7983528412305532 5.8790863917674923 6.0771436209324738 6.3564375923015168 7.0131631308468059 7.2113513215444973 39.906080568791367 10.739847784512675 11.792131527676245
leaf_count=112063 849 3305 213 110 212 143 48 173 67 183 7016 673 177 283 96 1080 1104 2371 2115 3247 3226 1937 275 55 118 215 108 655 244 319
internal_value=-6.14822e-10 0.00242436 0.00170985 0.00474634 0.00139457 0.00334141 0.000355562 -0.00228782 0.0218398 -0.00538027 -0.00616049 -0.0192137 0.0127819 0.00961054 0.0191098 -0.0025309 0.00721561 -0.00207858 -0.00739076 0.000937594 -0.0161671 -0.00753222 0.00439184 -0.00099645 -0.00691857 0.00355138 -0.00351501 -0.00162565 -0.0126755 0.00248183
internal_weight=287.44 274.177 268.287 193.595 136.612 127.321 109.626 96.0835 17.6949 83.6316 74.6918 16.2503 56.9832 48.7213 13.5428 58.4415 19.4448 13.699 38.9967 20.009 18.9877 13.1878 34.5728 25.3258 19.2487 12.8922 78.1269 70.9156 19.2173 51.6982
internal_count=142680 30617 29768 3694 2461 2249 2039 1895 210 1722 26074 7689 1233 1123 144 18385 4555 3475 13830 5362 8468 5242 840 663 608 490 1539 1431 457 974
is_linear=0
shrinkage=0.05


Tree=90
num_leaves=31
num_cat=0
split_feature=4 13 4 13 3 4 5 8 4 6 5 0 0 0 0 0 12 2 2 11 13 12 6 4 7 0 0 0 5 8
split_gain=13.23 2.45731 2.39822 2.61212 2.25916 2.25969 1.65978 2.12347 1.63776 1.47837 1.24779 4.34757 2.89179 2.00312 1.84691 1.32881 1.50306 1.14061 1.669 1.53634 1.11874 1.66801 1.08921 1.08019 1.00117 1.62162 3.83679 2.18777 1.12154 1.07594
threshold=0.59411767125129711 0.010929288342595102 0.93095237016677868 0.014389234129339458 0.29291357100009924 0.81534090638160717 0.75519639253616344 0.94999998807907116 0.77350428700447094 0.70136579871177684 0.72026038169860851 0.66444262862205516 0.70773082971572887 0.68201303482055675 0.68433219194412243 0.72095671296119701 0.016261236742138866 0.7502821981906892 0.78443348407745372 0.014389234129339458 0.029892162419855598 0.013793759513646366 0.74470171332359325 0.90454545617103588 0.79339388012886058 0.66298577189445507 0.63914990425109874 0.61766439676284801 0.72651609778404247 1.3499999642372134
decision_type=2 2 2 2 2 2 2 2 2 2 2 2 2 2 2 2 2 2 2 2 2 2 2 2 2 2 2 2 2 2
left_child=-1 -2 3 8 5 -5 7 -4 -3 -6 12 -12 13 -7 -13 -14 -17 20 19 -19 21 -16 -9 -15 25 26 27 29 -27 -10
right_child=1 2 6 4 9 10 -8 22 24 -11 11 14 15 23 17 16 -18 18 -20 -21 -22 -23 -24 -25 -26 28 -28 -29 -30 -31
leaf_value=-0.050112852874803972 0.034329472787987085 -0.031894214834948302 -0.00087665238255989902 -0.010895656538389953 0.037647275450193807 -0.00095771576735304139 -0.0068570599545167968 0.021794636127315317 -0.0094136703893764363 0.0078386916261817385 0.040652772948996552 -0.024300097921910662 0.0360631125549567 -0.011281559944029783 0.024338052465525693 -0.0056281746029291377 0.024628235780407293 -0.023224048792282698 0.020859452559293879 0.0086574514908559826 0.031592196126356796 -0.011255977108736872 0.052974852043001168 -0.04204063964250921 -0.023921883356179723 0.031952326408810065 -0.041206683065538346 0.021764152738433493 -0.0014552339832428652 0.014107915875398142
leaf_weight=12.584300606535633 5.8706371783428031 6.1784174142403563 5.2517362206708702 28.061647927404465 7.5415441140830834 26.420105769153452 5.2809777768561608 5.5069172794464958 37.028502070636023 9.2750782925140793 9.7187919481657428 5.1581254220800465 5.3030409154016551 5.9628543112776224 6.8276657080859895 9.5722822139505315 7.1862071750219902 8.7681224329862761 6.4197072157403445 6.640663970494642 7.2865954810986286 6.3549640107667074 5.6998481074115261 5.4749857352580875 6.4551408146216991 5.0172904402133991 7.0126078475150271 8.2781561175361258 5.0318300838989671 5.5965847055849727
leaf_count=112063 849 13259 53 10598 403 599 60 89 1158 362 129 85 107 151 102 158 271 173 96 68 232 131 55 74 375 175 203 211 199 192
internal_value=-2.32054e-10 0.00233412 0.00162347 0.000197655 0.00385773 0.00184783 0.0175328 0.0253587 -0.00715771 0.0212066 0.00490181 0.0101857 -0.000140052 -0.00852516 0.00394617 0.0142489 0.00734608 0.00739075 -0.000560208 -0.0094842 0.0158697 0.0071792 0.0376531 -0.0260051 -0.00510406 -0.00331679 -0.00653391 -0.00175727 0.0152244 -0.00632534
internal_weight=282.765 270.181 264.31 242.571 161.972 145.156 21.7395 16.4585 80.5985 16.8166 117.094 57.1746 59.9195 37.8579 47.4558 22.0615 16.7585 42.2977 21.8285 15.4088 20.4692 13.1826 11.2068 11.4378 74.4201 67.965 57.9159 50.9032 10.0491 42.6251
internal_count=142680 30617 29768 29511 13739 12974 257 197 15772 765 2376 1016 1360 824 887 536 429 802 337 241 465 233 144 225 2513 2138 1764 1561 374 1350
is_linear=0
shrinkage=0.05


Tree=91
num_leaves=31
num_cat=0
split_feature=4 4 3 4 5 0 13 6 5 0 0 0 0 7 7 0 0 2 5 8 13 13 11 11 7 2 7 0 7 0
split_gain=12.4743 2.37371 2.73056 1.70871 1.52459 1.66638 2.61305 2.25441 1.61526 1.43609 1.57195 1.92376 1.82315 1.53316 1.49694 1.4846 1.29158 1.83975 2.01269 1.23857 1.0414 2.19989 1.31905 2.30627 2.7376 1.00358 1.35305 0.956635 2.20582 1.47952
threshold=0.59411767125129711 0.91287881135940563 0.29291357100009924 0.81534090638160717 0.67397373914718639 0.63099002838134777 0.024954754859209064 0.74748575687408458 0.70908358693122875 0.64236199855804454 0.66444262862205516 0.70577287673950206 0.65862932801246654 0.78243944048881542 0.71431401371955883 0.71511828899383556 0.62676063179969799 0.70844495296478283 0.67492294311523449 1.1500000357627871 0.031645495444536216 0.030600341968238357 0.014185110572725536 0.013245614245533945 0.74716487526893627 0.69621488451957714 0.72026458382606517 0.6812453866004945 0.77134332060813915 0.71855038404464733
decision_type=2 2 2 2 2 2 2 2 2 2 2 2 2 2 2 2 2 2 2 2 2 2 2 2 2 2 2 2 2 2
left_child=-1 2 3 4 -2 7 -7 -6 -8 13 12 14 -11 16 -12 -13 17 18 -5 -16 21 22 23 24 -17 26 -20 28 -3 -29
right_child=1 27 -4 9 5 6 8 -9 -10 10 11 15 -14 -15 19 20 -18 -19 25 -21 -22 -23 -24 -25 -26 -27 -28 29 -30 -31
leaf_value=-0.050109116403996914 -0.029271032048582508 0.01213495651987944 0.015313744334741876 -0.017907287264387652 -0.01186081646120081 -0.034287007544310459 0.020665343054829158 0.033588935381566036 -0.014492399703233814 0.0036340747671852187 -0.026814584473613415 0.028492334990882336 0.039234238974765155 0.017790142320266846 0.0085302535943321753 0.041256707312464252 -0.028539490103620981 -0.025574420470243553 0.018353807648473074 -0.01950407624722722 0.02000560657165321 -0.024500649977553964 0.026544090285312856 -0.018718633368248173 -0.0057509566435609205 0.027302634359315587 -0.013385544350399115 0.02853948031160139 -0.021546086070378674 0.0060923087767775948
leaf_weight=11.890571997741061 9.0854736805131306 21.834919217391874 24.87734587765317 9.9441489097662288 5.7123714804774846 9.2950532129088987 5.6117626423383609 5.2231653352027934 7.8186323031768552 8.2809057353297231 8.6622811881825346 6.8828916428319635 6.3572109354427075 5.818762004520976 11.185770751704696 5.3889613333158248 7.4275691112852646 8.9485978734446672 6.6519824132556113 6.08209615148371 7.8165308363968498 7.353451589937321 6.2163878541905424 9.1335667636012641 7.2830350589938462 5.7447385629639021 6.7805620671133511 14.98379563726485 6.2533366355346507 14.391065542353315
leaf_count=112063 6482 310 1527 352 3507 10212 717 2256 1683 221 179 130 85 153 225 85 156 250 102 222 159 162 80 219 265 70 180 183 134 311
internal_value=-4.59571e-10 0.00223117 -0.000237183 -0.00233168 -0.0110955 -0.00618978 -0.0139069 0.00984745 0.000197928 0.000307274 0.00409117 0.00120154 0.0190949 -0.00637645 -0.00985277 0.00692577 -0.00946715 -0.00574609 0.000346874 -0.00134401 0.00348901 -0.000160493 0.00622679 0.000434682 0.0142398 0.00981235 0.00233222 0.0112339 0.00463649 0.0175424
internal_weight=278.937 267.046 209.583 184.706 42.7465 33.661 22.7254 10.9355 13.4304 141.959 90.6431 76.005 14.6381 51.3164 25.9301 50.0748 45.4976 38.07 29.1214 17.2679 43.1919 35.3754 28.022 21.8056 12.672 19.1773 13.4325 57.4631 28.0883 29.3749
internal_count=142680 30617 29679 28152 24857 18375 12612 5763 2400 3295 2032 1726 306 1263 626 1100 1110 954 704 447 970 811 649 569 350 352 282 938 444 494
is_linear=0
shrinkage=0.05


Tree=92
num_leaves=31
num_cat=0
split_feature=4 13 13 4 13 13 0 11 4 4 2 13 5 5 3 13 1 0 0 9 11 7 5 13 7 4 0 0 0 0
split_gain=11.8217 2.2005 2.39971 2.08615 2.06707 1.56298 1.3953 1.37534 1.35708 1.25534 1.40141 1.59707 1.22478 1.1569 0.919536 1.1759 1.9969 1.71979 4.11237 1.49719 2.45704 2.41658 1.61926 1.16771 1.13286 1.05878 0.894372 2.06101 1.44052 3.09759
threshold=0.59411767125129711 0.010929288342595102 0.028377328999340538 0.93095237016677868 0.028988552279770378 0.031645495444536216 0.7989688813686372 0.013245614245533945 0.71008405089378368 0.85164836049079906 0.72164857387542736 0.030292681418359283 0.67039108276367199 0.6812763810157777 0.29291357100009924 0.026617290452122692 0.75483268499374401 0.70670887827873241 0.73234611749649059 0.78647109866142284 0.013793759513646366 0.77918288111686718 0.68364748358726513 0.013606071937829258 0.67332786321640026 0.89444443583488475 0.61766439676284801 0.63099002838134777 0.65720948576927196 0.67457929253578197
decision_type=2 2 2 2 2 2 2 2 2 2 2 2 2 2 2 2 2 2 2 2 2 2 2 2 2 2 2 2 2 2
left_child=-1 -2 3 8 -4 9 12 -5 -3 -6 13 -12 -7 -11 15 17 -17 19 25 22 21 -21 23 -10 -16 -19 -24 -28 -29 -30
right_child=1 2 4 7 5 6 -8 -9 14 10 11 -13 -14 -15 24 16 -18 18 -20 20 -22 -23 26 -25 -26 -27 27 28 29 -31
leaf_value=-0.050105705300771887 0.032582933015684316 -0.024155721324371843 0.029228369807417276 0.028466480344706332 -0.0079999347586000077 -0.0076674798857828954 0.036988489925308767 2.006375783056816e-05 0.0022281843042891137 0.037374250506585965 0.015378895550250042 -0.021296752674783814 0.023928916422008027 0.0071367908830544035 0.029090477414813382 0.0029025472805908545 -0.031626470370821641 0.013400765242509959 -0.024987132193398778 -0.05731518163020928 0.00045719411481115983 -0.0093114907970169147 -0.0034471793616152242 -0.020043610282411965 -0.0025506547222068133 0.042684469210699856 0.034369611518186495 -0.012628701378072116 0.029538142113115236 -0.012055265765691877
leaf_weight=11.287586212830773 5.8086518256714035 7.5151185909971892 10.74729076387848 8.9619341541547346 21.984237001262954 6.1729982669512555 6.2942335118714245 8.0800171232549456 9.2439777065756079 5.4216916650766525 5.6171631872421113 6.2946117365499958 6.0957918071180757 7.5942977085942402 5.0021680666832236 7.6941036584066778 9.186847124128688 6.0502957139733571 5.1110601668551672 5.2445519249859007 11.067075500803183 5.2424821947461169 29.280308798213809 16.1975582396135 6.5110501075032516 6.3016267552739009 6.2681382966693482 9.9485256511979987 10.070036873577921 8.0582442993982095
leaf_count=112063 849 17958 374 61 1157 129 109 117 1058 215 98 78 244 262 152 278 211 633 868 785 279 545 1367 827 240 50 231 527 331 584
internal_value=-9.67947e-10 0.00214992 0.00146277 -0.00167069 0.00890505 0.00556911 0.0178499 0.0149793 -0.00340094 0.000709607 0.00839071 -0.00400184 0.0080313 0.0197319 -0.00240416 -0.00348433 -0.0158886 -0.0018495 0.0127326 -0.00415148 -0.015976 -0.0333181 -0.00128996 -0.0119513 0.0111965 0.0283405 0.00297316 0.00844673 0.00265945 0.0110494
internal_weight=274.354 263.066 257.257 181.035 76.2223 65.475 18.563 17.042 163.993 46.912 24.9278 11.9118 12.2688 13.016 156.478 144.965 16.881 128.084 17.463 110.621 21.5541 10.487 89.0668 25.4415 11.5132 12.3519 63.6253 34.3449 28.0768 18.1283
internal_count=142680 30617 29768 27102 2666 2292 482 178 26924 1810 653 176 373 477 8966 8574 489 8085 1551 6534 1609 1330 4925 1885 392 683 3040 1673 1442 915
is_linear=0
shrinkage=0.05


Tree=93
num_leaves=31
num_cat=0
split_feature=4 4 7 13 13 13 2 3 4 7 0 13 9 11 0 0 13 9 5 11 4 10 11 13 13 12 0 12 9 0
split_gain=11.1661 2.09732 1.93879 1.84965 1.71272 1.54958 1.31142 1.30912 1.38251 1.57707 1.49372 1.18035 2.11318 1.51633 1.44935 2.46376 1.60206 2.09784 1.95479 1.5905 1.66224 1.46648 1.9844 1.06573 1.19177 0.954722 3.72107 1.52049 1.94751 1.42325
threshold=0.59411767125129711 0.82843136787414562 0.78148043155670177 0.011428944766521456 0.028377328999340538 0.013072453904896976 0.62794312834739696 0.43748135864734655 0.93095237016677868 0.75741124153137218 0.54308572411537182 0.026424906216561798 0.75532090663909923 0.015038444194942715 0.70670887827873241 0.71741595864295971 0.011696306522935631 0.77374282479286205 0.7225359082221986 0.012739370577037336 0.87083333730697643 0.99999997019767772 0.013423423748463394 0.028988552279770378 0.03152930177748204 0.015504807699471714 0.67382958531379711 0.016001024283468727 0.77204152941703807 0.65578052401542675
decision_type=2 2 2 2 2 2 2 2 2 2 2 2 2 2 2 2 2 2 2 2 2 2 2 2 2 2 2 2 2 2
left_child=-1 2 3 -2 6 -5 -3 8 10 -10 -8 13 -13 14 16 -16 -12 19 -19 -18 -21 -22 -23 -6 -25 26 29 -27 -29 -7
right_child=1 4 -4 5 23 25 7 -9 9 -11 11 12 -14 -15 15 -17 17 18 -20 20 21 22 -24 24 -26 27 -28 28 -30 -31
leaf_value=-0.050101589718017196 0.023800644770803792 -0.018528296166432805 -0.02959919055487913 -0.03065772593940146 0.029338576164461866 -0.0045578361527382717 -0.022798500618023222 0.022512079528242884 0.030620850021328111 -0.0011297688793120517 0.021309515442919501 0.012088294038343612 -0.027591435373708329 0.027683890145268092 0.042693357976881841 -0.00073684885260851202 -0.019417091097860415 -0.045348414029164737 -0.0075456841356262919 -0.010629429739816312 0.031031258464457312 0.027339259966093845 -0.011809249292837623 0.0043418309034792919 0.022224157145696841 0.026406406441755372 -0.034460652215821251 0.015589542315841113 -0.026679301663026057 0.021454854770520573
leaf_weight=10.680355106292607 6.1079128954879698 7.4577384336444075 7.2799200792851471 5.3900816834093339 7.9478032416664055 20.457923180893889 6.9496738633606574 8.0859357154695299 8.2264847272308526 7.4553843372268593 6.7177822989178813 5.4997271052561691 8.6055850394768623 6.026343176374211 5.372029688442125 8.3278847843175736 7.2746015624143174 5.144690546381752 10.199533706268992 9.7155990521423536 8.1347885599825531 5.4584312024526298 7.9536404261598364 32.348354810266756 13.086466230626682 6.4320280179053979 9.2942512705103564 5.8128386768312321 5.1300546068305266 7.0775254382242556
leaf_count=112063 2740 275 5420 6362 110 5237 179 111 57 96 168 92 102 79 62 218 187 150 279 194 83 41 135 840 283 798 4210 543 352 1214
internal_value=2.85464e-10 0.00206627 -0.00511681 -0.00240413 0.00488493 -0.00508989 0.00184062 0.00305443 0.00171041 0.0155262 -0.000426657 0.00121981 -0.0121201 0.00356233 0.00160585 0.0162931 -0.00171456 -0.00458514 -0.0202204 0.00164031 0.00654025 0.0142822 0.00412337 0.0124472 0.00949243 -0.00254743 -0.0071052 0.0071137 -0.00422619 0.00212829
internal_weight=269.651 258.971 72.9825 65.7026 185.988 59.5947 132.606 125.148 117.062 15.6819 101.38 94.4306 14.1053 80.3253 74.299 13.6999 60.5991 53.8813 15.3442 38.5371 31.2625 21.5469 13.4121 53.3826 45.4348 54.2046 36.8297 17.3749 10.9429 27.5354
internal_count=142680 30617 26876 21456 3741 18716 2508 2233 2122 153 1969 1790 194 1596 1517 280 1237 1069 429 640 453 259 176 1233 1123 12354 10661 1693 895 6451
is_linear=0
shrinkage=0.05


Tree=94
num_leaves=31
num_cat=0
split_feature=4 4 7 13 13 13 2 3 4 0 7 13 11 5 6 11 13 13 8 1 2 2 0 12 0 2 5 9 5 13
split_gain=10.5721 1.97629 1.90112 1.68273 1.59163 1.42032 1.23861 1.19477 1.18409 1.47676 1.38973 1.03287 1.03806 0.956317 1.51761 0.957931 0.903295 1.0487 0.890096 0.983417 1.26308 1.48894 0.867895 1.73021 1.67839 1.44758 1.50792 2.62403 1.38914 1.20296
threshold=0.59411767125129711 0.82843136787414562 0.78148043155670177 0.011428944766521456 0.028377328999340538 0.013072453904896976 0.62794312834739696 0.43748135864734655 0.93095237016677868 0.54308572411537182 0.75741124153137218 0.011696306522935631 0.015038444194942715 0.67039108276367199 0.7168962061405183 0.015268065501004459 0.028988552279770378 0.03152930177748204 1.0500000119209292 0.79425516724586498 0.72391852736473095 0.67954149842262279 0.70577287673950206 0.013423423748463394 0.71741595864295971 0.75706934928894054 0.7225359082221986 0.73411965370178234 0.73192232847213756 0.013606071937829258
decision_type=2 2 2 2 2 2 2 2 2 2 2 2 2 2 2 2 2 2 2 2 2 2 2 2 2 2 2 2 2 2
left_child=-1 2 3 -2 6 -5 -3 8 9 -8 -10 -11 22 14 -7 -15 -6 18 -18 20 21 -20 25 24 -24 26 27 -13 -28 -29
right_child=1 4 -4 5 16 13 7 -9 10 11 -12 12 -14 15 -16 -17 17 -19 19 -21 -22 -23 23 -25 -26 -27 28 29 -30 -31
leaf_value=-0.050097098071688752 0.022651715883690155 -0.018149320477148741 -0.029419164012970584 -0.029746928778356902 0.027508620897152752 -0.025195206132166373 -0.022626033099486919 0.021723432596813863 0.02889616852030219 0.018855722016402295 -0.0010923529189560989 0.0057165440275093182 0.017955393831312855 -0.0020430901408149522 0.0065028424007216494 0.018220710689015342 0.018282241736327368 0.021317511508610734 -0.015781677741576662 0.017785641352656322 -0.024635385597891257 0.019769420063970172 0.040132226613263655 -0.011510417224808675 0.0018555007953884159 -0.028669667258844362 0.030648362890567122 -0.0031089334641315452 0.00063241346662672149 -0.031463784084360812
leaf_weight=10.129077843365392 6.1050755364112765 7.3629617152328128 7.196841709817817 5.2497882464786008 8.0157794022234139 9.6419926005310099 6.9126839987002304 7.9389110681368029 8.0655274932505545 7.7080906005576244 7.4150394289754322 16.009852156625129 7.1615356100955969 30.175293728124416 6.2067321231370434 7.2294973115986059 8.5375363970524614 12.924301273829768 5.4878747566836008 5.5760905524948603 6.1475801201304412 6.3565340167842805 5.3090743026696163 7.3886713914107522 6.218431809451431 5.791432068886933 5.2424910396803197 5.4958276536199291 14.560353101755025 11.711959095555356
leaf_count=112063 2740 275 5420 6362 110 2559 179 111 57 189 96 261 93 7787 1096 912 177 283 275 55 130 203 56 162 128 180 99 111 284 227
internal_value=3.60442e-11 0.00198883 -0.00504273 -0.0023274 0.00474277 -0.00493408 0.00177021 0.00296331 0.00166812 -0.000333075 0.014532 0.00133116 -0.000260095 -0.002488 -0.0127815 0.00187344 0.0120441 0.00929122 0.00444996 -0.000560781 -0.00624672 0.00329752 -0.00193839 0.00737763 0.0194841 -0.00493479 -0.00234222 -0.00885276 0.00857866 -0.0224078
internal_weight=265.273 255.144 71.8052 64.6084 183.339 58.5033 130.293 122.93 114.991 99.5104 15.4806 92.5977 84.8896 53.2535 15.8487 37.4048 53.0457 45.0299 32.1056 23.5681 17.992 11.8444 77.7281 18.9162 11.5275 58.8119 53.0205 33.2176 19.8028 17.2078
internal_count=142680 30617 26876 21456 3741 18716 2508 2233 2122 1969 153 1790 1601 12354 3655 8699 1233 1123 840 663 608 478 1508 346 184 1162 982 599 383 338
is_linear=0
shrinkage=0.05


Tree=95
num_leaves=31
num_cat=0
split_feature=4 13 13 4 9 5 0 0 8 13 11 2 9 11 11 0 2 0 7 4 11 11 7 4 13 4 7 4 12 6
split_gain=10.0087 1.92593 2.33513 1.44547 1.61952 1.44487 1.47619 2.01606 1.77675 1.21561 1.32659 1.18772 1.1866 1.5344 2.9061 1.91539 1.03861 1.03887 1.80221 1.0312 1.06127 2.18071 3.08491 2.41622 0.937724 0.857224 2.11663 0.752276 0.981399 0.702472
threshold=0.59411767125129711 0.010929288342595102 0.028377328999340538 0.83974358439445507 0.79355257749557506 0.66338744759559642 0.67382958531379711 0.70875656604766857 0.75000000000000011 0.028988552279770378 0.013606071937829258 0.62794312834739696 0.73237967491149913 0.011050061322748663 0.011696306522935631 0.61946007609367382 0.74412479996681224 0.63592740893363964 0.71851545572280895 0.93095237016677868 0.014185110572725536 0.013423423748463394 0.74316751956939708 0.90454545617103588 0.032394465059041984 0.91287881135940563 0.75352591276168834 0.88562092185020458 0.015504807699471714 0.73751586675643932
decision_type=2 2 2 2 2 2 2 2 2 2 2 2 2 2 2 2 2 2 2 2 2 2 2 2 2 2 2 2 2 2
left_child=-1 -2 3 4 5 -3 8 -8 -7 -4 -11 -5 -13 -14 -15 25 17 18 -10 20 21 22 -17 -23 27 26 -16 28 -12 -30
right_child=1 2 9 11 -6 6 7 -9 16 10 24 12 13 14 15 19 -18 -19 -20 -21 -22 23 -24 -25 -26 -27 -28 -29 29 -31
leaf_value=-0.050092584689935105 0.030701139855661582 -0.023717281398703691 0.024045510225082382 -0.019533239299256662 -0.027023907959858609 0.031203070453317938 -0.040139748552265958 0.0039093556176359023 0.0061421820962482979 -0.018006330320065163 -0.017113955647500415 0.012931761914180771 -0.02507800219472265 0.031540934841300459 -0.042824035184854434 0.030935886417352055 0.019965399673937435 0.0099860743466145957 -0.026661968335102738 0.020788041169385599 0.015391797303204894 -0.039413158261761887 -0.010546917838443524 0.003677812243298593 0.023325474711611498 -0.0021689198599221032 -0.00038930822917299102 0.012971669993599264 0.016568375685382018 -0.0017484798025758615
leaf_weight=9.6072570877213348 5.6746071554862274 8.3384693851048706 11.003402243004528 6.3166715922416179 9.4634777496403313 5.0754938453610512 5.0785114488598975 5.3173273778120347 7.5819109581452819 5.2605816904488156 6.3003879500774955 22.62219731323421 5.6781494156457475 7.4447513398481524 6.2753914705244842 7.9647642147028881 5.0117663213877668 7.8988031878498068 9.3502018486296929 7.7372556388145304 9.6354050132213143 6.9277182749938202 10.248578398139214 6.1331991489278153 8.7204612158420769 8.5588761880062503 5.526542151463218 19.898102139879484 8.4697692336412747 13.703002107777136
leaf_count=112063 849 4753 374 211 6546 168 2860 2257 1987 198 488 364 198 134 141 85 733 2471 3352 87 110 130 195 114 224 112 94 541 455 386
internal_value=1.84698e-10 0.00190056 0.00124034 -0.00191112 -0.00795335 -0.00458959 -0.00106981 -0.0176092 0.00385431 0.0087236 0.00601971 0.00152241 0.00279208 -8.11415e-07 0.00186168 -0.0013402 -0.000797025 -0.00498762 -0.0119728 0.00404893 0.000883063 -0.00358699 0.00759367 -0.0191783 0.00823354 -0.0142162 -0.0229529 0.00551274 0.000300154 0.00524837
internal_weight=262.823 253.216 247.541 174.185 63.116 53.6525 45.314 10.3958 34.9182 73.3557 62.3523 111.07 104.753 82.1306 76.4525 69.0077 29.8427 24.8309 16.9321 48.6469 40.9097 31.2743 18.2133 13.0609 57.0917 20.3608 11.8019 48.3713 28.4732 22.1728
internal_count=142680 30617 29768 27102 25127 18581 13828 5117 8711 2666 2292 1975 1764 1400 1202 1068 8543 7810 5339 721 634 524 280 244 2094 347 235 1870 1329 841
is_linear=0
shrinkage=0.05


Tree=96
num_leaves=31
num_cat=0
split_feature=4 13 13 13 4 9 2 9 13 4 9 5 2 0 0 9 13 9 4 11 5 11 2 7 13 0 4 11 9 13
split_gain=9.47425 1.91309 2.15028 1.64451 1.56421 1.707 1.63334 2.00698 1.17382 1.14969 1.23592 1.14358 1.14103 1.23503 1.61498 1.57679 1.59614 1.97621 2.1874 1.36086 2.2758 1.66239 1.82394 1.0914 1.67053 1.0743 1.24358 0.999689 0.906731 0.723503
threshold=0.59411767125129711 0.010929288342595102 0.028377328999340538 0.027814932167530063 0.83974358439445507 0.79355257749557506 0.72228452563285839 0.75315818190574657 0.028988552279770378 0.83974358439445507 0.801141917705536 0.66913360357284557 0.62794312834739696 0.73079112172126781 0.70397245883941661 0.73298710584640514 0.01197647722437978 0.80643346905708324 0.93095237016677868 0.013986697886139156 0.73234400153160106 0.013606071937829258 0.72892215847969066 0.68574798107147228 0.014389234129339458 0.63099002838134777 0.81534090638160717 0.016001024283468727 0.80528122186660778 0.032394465059041984
decision_type=2 2 2 2 2 2 2 2 2 2 2 2 2 2 2 2 2 2 2 2 2 2 2 2 2 2 2 2 2 2
left_child=-1 -2 3 4 5 6 7 11 -4 10 27 -3 -6 14 15 -14 -17 18 19 21 -21 22 -18 -13 -25 -8 -27 -10 -16 -11
right_child=1 2 8 -5 12 -7 25 -9 9 29 -12 23 13 -15 28 16 17 -19 -20 20 -22 -23 -24 24 -26 26 -28 -29 -30 -31
leaf_value=-0.050088103388366972 0.030435571679698004 -0.022211107761251236 0.023262013613939706 -0.029389523823341247 -0.018416771464790128 -0.027466060237937431 0.024259786900411758 -0.039482051866691799 -0.0027386259054107656 0.0084217056401820565 -0.021569298254476399 0.020061974540513706 0.013781722869181629 -0.017454703803987004 0.011028532709586043 0.0223127478045476 0.010892039927244189 -0.030774246829056929 0.026925201553189854 -0.0082108792643715879 0.033508651878652526 -0.028718020889036439 -0.023058226845306711 -0.023544552580271882 0.010279782923480548 -0.017022260735039658 0.014227262538636869 0.022958802984409356 0.037672931714149954 0.027961625422708539
leaf_weight=9.1113723558973998 5.7052136109887206 7.3736323536704758 11.18529228457737 5.2672562396219282 6.0862132302718228 9.046706462259861 6.4531050391951821 5.1220032546043504 14.804349698999436 29.768634538864717 6.3081727091084749 5.3871769557426914 22.88706941442797 6.3612843099981538 8.2418023391510342 6.191927882435265 10.084216134739114 6.309876466926652 6.1098387858364722 8.7371220677159709 5.2229211425874373 9.4286738145165128 6.5099679378326973 7.1466856343222371 7.461570674126051 6.1234913752641642 6.6313463363330811 5.0844610267158705 5.2124938967172048 5.6339195270556948
leaf_count=112063 849 4099 374 352 203 6467 1160 3919 825 844 289 696 355 152 113 172 167 141 65 96 66 185 149 2896 1930 3518 154 216 47 118
internal_value=-1.25875e-10 0.00181181 0.00114846 -0.00187908 -0.00101721 -0.00742941 -0.00392323 -0.0107564 0.00836102 0.00565528 -0.0022855 -0.00538058 0.0026101 0.00387345 0.00530257 0.00265261 -0.00169442 -0.00453113 -0.00093857 -0.00519647 0.0073978 -0.0119527 -0.00242679 0.000825949 -0.00626784 0.00763545 -0.000775373 0.00383078 0.0213512 0.0115313
internal_weight=260.998 251.886 246.181 173.396 168.129 60.7457 51.699 32.4911 72.7848 61.5995 26.197 27.3691 107.383 101.297 94.9359 81.4816 58.5945 52.4026 46.0927 39.9829 13.96 26.0229 16.5942 19.9954 14.6083 19.2079 12.7548 19.8888 13.4543 35.4026
internal_count=142680 30617 29768 27102 26750 24839 18372 13540 2666 2292 1330 9621 1911 1708 1556 1396 1041 869 728 663 162 501 316 5522 4826 4832 3672 1041 160 962
is_linear=0
shrinkage=0.05


Tree=97
num_leaves=31
num_cat=0
split_feature=4 13 4 11 0 11 0 13 9 13 0 4 7 0 1 0 0 6 8 7 11 2 4 1 13 9 11 13 6 2
split_gain=8.98219 1.9688 1.84008 1.69127 1.95935 1.54683 1.62289 1.99007 1.5355 2.61031 1.46982 1.23979 1.98197 1.53927 2.33864 2.06581 1.58129 2.67457 1.62045 1.16551 1.83211 1.13466 1.09567 1.0864 0.997415 0.904269 1.42929 0.919561 0.899765 0.858198
threshold=0.59411767125129711 0.010929288342595102 0.82843136787414562 0.014185110572725536 0.61946007609367382 0.014389234129339458 0.66444262862205516 0.027651081793010238 0.78838467597961437 0.023129344917833809 0.5857236683368684 0.93095237016677868 0.75741124153137218 0.57871094346046459 0.7251553237438203 0.60560843348503124 0.70577287673950206 0.77128446102142345 1.3499999642372134 0.75741124153137218 0.013245614245533945 0.72164857387542736 0.91287881135940563 0.7258669137954713 0.031645495444536216 0.73723709583282482 0.014389234129339458 0.028618008829653267 0.69419595599174511 0.7015446424484254
decision_type=2 2 2 2 2 2 2 2 2 2 2 2 2 2 2 2 2 2 2 2 2 2 2 2 2 2 2 2 2 2
left_child=-1 -2 8 11 10 -6 -7 -8 21 -10 -5 13 -13 14 28 29 17 18 23 20 -18 25 24 -17 -9 27 -27 -3 -4 -15
right_child=1 2 3 4 5 6 7 22 9 -11 -12 12 -14 15 -16 16 19 -19 -20 -21 -22 -23 -24 -25 -26 26 -28 -29 -30 -31
leaf_value=-0.05008441094495001 0.03056840622566466 -0.0076223933648537009 -0.015644446282870133 0.0083539897405082424 0.032990639564128732 0.029905306617438523 -0.023388003606722153 -0.0046174449347832318 -0.049222126506638347 -0.0050097155009090439 -0.028309992678651936 0.029278822172779058 -0.0064626805957893017 0.035493543890820711 -0.041880070863238583 -0.0094027814980498624 0.029737659827041591 -0.035263113735603514 -0.027947302812854104 -0.0044283740942763347 -0.0040683694839374731 0.0082210727161415934 0.029091681080456483 0.010830704492038323 0.017140194211077573 -0.036846200501068939 -0.0015890345332586027 0.01491035758316246 0.012064239138203987 0.0074335763007886378
leaf_weight=8.6506943249260058 5.7861230971502655 16.775381516364181 6.2865442699694558 5.8817349650780653 9.3325477164471504 8.4930877952137944 5.0796832466730839 11.595833177445462 5.0846552101684201 9.7208929405833242 5.1070336443372071 8.6271464390447345 7.0471247051609671 5.3550395965576154 5.6431228043511501 11.308975036547055 9.4943156121298724 7.6453299025597508 5.2142000496387473 13.335913854767567 6.9353489964269093 17.984146192633489 6.243126706336624 16.049037961871363 9.6515063144033757 5.5885638680701941 5.9189781805653183 6.2017727854617979 5.4869399415329099 5.5480426283320412
leaf_count=112063 849 7040 200 103 123 156 69 268 6124 1565 91 86 98 102 166 326 116 256 128 357 218 4555 170 285 192 5670 787 333 82 102
internal_value=4.56976e-10 0.00174407 0.0010567 0.00375362 0.0104446 0.0146159 0.0104398 0.00536396 -0.00597327 -0.0201935 -0.00868561 0.000150072 0.0132095 -0.00193224 -0.0154156 0.000971037 -0.00218292 -0.00864882 -0.00240193 0.00655343 0.0154673 -0.00196063 0.0106767 0.00246679 0.00526586 -0.00727049 -0.0187115 -0.00154057 -0.00273103 0.0212152
internal_weight=257.073 248.422 242.636 175.362 61.3846 50.3958 41.0632 32.5701 67.2744 14.8055 10.9888 113.977 15.6743 98.3028 17.4166 80.8862 69.9831 40.2175 32.5722 29.7656 16.4297 52.4688 27.4905 27.358 21.2473 34.4847 11.5075 22.9772 11.7735 10.9031
internal_count=142680 30617 29768 3694 1172 978 855 699 26074 7689 194 2522 184 2338 448 1890 1686 995 739 691 334 18385 630 611 460 13830 6457 7373 282 204
is_linear=0
shrinkage=0.05


Tree=98
num_leaves=31
num_cat=0
split_feature=4 13 0 11 11 0 4 3 4 0 13 6 5 12 11 4 11 11 7 11 13 9 11 11 9 9 8 0 1 0
split_gain=8.50945 2.49327 1.75466 1.91639 1.69975 1.67843 1.67453 1.36264 1.33137 1.69839 1.80601 3.05118 2.1187 1.42919 1.3439 1.375 1.31708 1.81274 1.29339 1.19923 1.04493 3.3694 1.84508 1.12041 1.89106 1.73355 1.3017 1.94906 1.02647 1.98493
threshold=0.59411767125129711 0.010929288342595102 0.65862932801246654 0.0098524559289217013 0.015268065501004459 0.66229295730590831 0.77350428700447094 0.49311786890029913 0.93541666865348827 0.70773082971572887 0.015504807699471714 0.69419595599174511 0.73286485671997081 0.011173533275723459 0.013072453904896976 0.87867647409439098 0.014389234129339458 0.013793759513646366 0.74468237161636364 0.013986697886139156 0.011696306522935631 0.79053086042404186 0.012422839645296337 0.013423423748463394 0.71100768446922313 0.73510980606079113 1.0500000119209292 0.61946007609367382 0.77858489751815807 0.75598973035812389
decision_type=2 2 2 2 2 2 2 2 2 2 2 2 2 2 2 2 2 2 2 2 2 2 2 2 2 2 2 2 2 2
left_child=-1 -2 4 -4 6 -5 -3 8 9 10 12 -12 -7 -13 18 19 17 -15 -11 -16 -8 22 -22 24 -24 -26 27 -25 -17 -30
right_child=1 2 3 5 -6 7 20 -9 -10 14 11 13 -14 16 15 28 -18 -19 -20 -21 21 -23 23 26 25 -27 -28 -29 29 -31
leaf_value=-0.050080928962084173 0.03324999289479931 -0.034319547735958439 -0.015796579118508642 0.033658613109130944 0.015833710639974942 0.035518335982373882 0.013156401871830438 0.02818246986347743 0.021890875851896377 0.039240549128568981 0.018792201876939418 -0.038998592317857649 -0.0065566923427118288 -0.02227568028248365 -0.021006479218691129 0.025024348455525328 -0.032579991153786944 0.017337473171156734 0.0079090490893716035 0.0023017670611635991 -0.02989319447340736 -0.040167116387911955 0.03219392075760108 -0.032234916509075569 -0.024353100927813377 0.0097320026899378412 0.0010960836889514871 0.0043970721818739596 -0.020720959172746498 0.019474089330034056
leaf_weight=8.2079454028839773 6.0958703001142558 5.0510863827421408 10.774581508166191 5.3172462662669195 9.5516663917478564 5.0468134261918731 7.4819531123066545 6.0178196567812838 9.3581449823104759 5.7767269044288678 6.3430258625412561 7.1135661675862165 7.3486332027932804 5.8598813903117861 7.2962919770470789 9.9041025748010743 5.4452136432973921 5.6944885106076981 7.6636288653025986 22.648864458869866 5.9213718601749852 6.7474301812035256 5.9810305531427757 8.990025121252982 5.2764790699584436 12.730250751192214 25.469641306146514 6.091602712403982 5.0747594301355985 7.7804188678273931
leaf_count=112063 849 11349 7374 321 929 264 422 228 107 350 471 850 655 774 462 394 326 171 931 1041 466 328 100 196 143 292 586 114 45 79
internal_value=3.36716e-10 0.00167198 0.000869106 0.00446541 -0.00421841 0.00614877 -0.00635267 0.00497265 0.00379253 0.00223866 -0.00551573 -0.0120642 0.0105742 -0.0201811 0.0072623 0.00366325 -0.0123068 -0.00275262 0.0213755 -0.00337741 -0.00468467 -0.00641359 -0.00318128 -0.000730498 0.00783504 -0.000255893 -0.00579737 -0.0174389 0.0129269 0.00360654
internal_weight=254.061 245.853 239.757 140.464 99.2925 129.69 89.7409 124.372 118.355 108.996 42.8516 30.4562 12.3954 24.1131 66.1448 52.7044 16.9996 11.5544 13.4404 29.9452 84.6898 77.2078 70.4604 64.539 23.9878 18.0067 40.5513 15.0816 22.7593 12.8552
internal_count=142680 30617 29768 14843 14925 7469 13996 7148 6920 6813 3511 2592 919 2121 3302 2021 1271 945 1281 1503 2647 2225 1897 1431 535 435 896 310 518 124
is_linear=0
shrinkage=0.05


Tree=99
num_leaves=31
num_cat=0
split_feature=4 13 13 13 4 9 8 4 0 11 11 12 8 11 7 4 11 11 7 2 0 8 5 1 4 7 9 2 6 10
split_gain=8.03415 1.88505 1.7352 1.27852 1.24195 1.52969 1.17006 1.13748 1.04452 0.995198 2.50855 2.64701 2.38414 1.91643 2.47309 1.87637 1.57565 1.64305 3.86643 1.56135 1.47056 2.03734 1.41442 1.34604 1.44586 1.24195 0.91456 2.8491 1.69213 0.82657
threshold=0.59411767125129711 0.010929288342595102 0.028377328999340538 0.028988552279770378 0.83974358439445507 0.801141917705536 1.1500000357627871 0.71008405089378368 0.72500231862068187 0.013423423748463394 0.013793759513646366 0.0087337908335030096 1.2500000000000002 0.012422839645296337 0.7267870604991914 0.89444443583488475 0.011696306522935631 0.011173533275723459 0.75687649846076976 0.72164857387542736 0.6812453866004945 1.0500000119209292 0.69081705808639537 0.66691711544990551 0.81534090638160717 0.75421535968780529 0.75315818190574657 0.73332867026329052 0.71492290496826183 0.99999997019767772
decision_type=2 2 2 2 2 2 2 2 2 2 2 2 2 2 2 2 2 2 2 2 2 2 2 2 2 2 2 2 2 2
left_child=-1 -2 7 6 5 8 -4 -3 -5 13 11 25 23 16 15 -15 17 18 -9 -14 21 -16 -17 -12 -25 -11 28 -28 -26 -29
right_child=1 2 3 4 -6 -7 -8 9 -10 10 12 -13 19 14 20 22 -18 -19 -20 -21 -22 -23 -24 24 26 -27 27 29 -30 -31
leaf_value=-0.050077268087531747 0.029533074249212355 -0.022129482688763736 0.0068436192521239038 -0.0093660604386380415 0.01085834399681705 -0.024863596403657484 0.039891346186422219 0.0086125044008905621 0.014091130590092704 -0.02604292365395601 -0.027653353313988507 -0.05120966122892863 0.029230048641137332 0.0070165919717569613 0.011688223004090852 0.056468950599333351 -0.023246593951435718 0.017730845048394599 -0.04444609468791693 -0.0046700000338851079 0.014710568582641349 -0.02715745621945112 0.019595573414627979 -0.021917363829015029 -0.0069084709663191609 0.0084316719147041214 -0.028131045679173322 0.024497475768822684 0.024486781874655365 -0.00085801120163730104
leaf_weight=7.762609030693965 5.8907330922384054 6.6495844664632378 5.3490282271231973 8.7408431075437019 34.232862566801487 6.4041006481711511 5.3643322734551475 10.309357550826464 10.383116742987111 5.0071950455821916 6.0937090108782277 5.3794971640600115 9.5216342218391201 9.6117187366508023 5.7150222031195907 5.0974229224957508 9.3633796579542814 9.0889686842747306 5.1480745227017897 5.2800577630077887 8.9487711810288584 8.2448245937539451 5.3097352180629969 8.1146138092772144 8.0194115769118088 5.4623208644825354 8.5309252031729574 5.151800898718645 9.2334616439184156 8.5462305616820231
leaf_count=112063 849 17958 168 562 962 289 206 1622 479 193 228 175 339 633 188 39 1331 878 1332 191 250 579 27 449 152 141 121 56 130 90
internal_value=-2.65258e-10 0.0015919 0.000901204 0.00748533 0.00463389 -0.00371303 0.0233911 -0.0018636 0.00336973 -0.00102751 -0.00477758 -0.0227035 -0.000629521 0.00308877 0.010107 0.0229451 -0.00579579 0.000860928 -0.00905858 0.0171372 -0.00111174 -0.0112544 0.0376561 -0.00552759 -0.00269486 -0.00805629 0.0012559 -0.00544832 0.00989377 0.00867813
internal_weight=251.955 244.193 238.302 70.4743 59.7609 25.5281 10.7134 167.828 19.124 161.178 84.3409 15.849 68.4918 76.8373 42.9275 20.0189 33.9098 24.5464 15.4574 14.8017 22.9086 13.9598 10.4072 53.6902 47.5964 10.4695 39.4818 22.229 17.2529 13.698
internal_count=142680 30617 29768 2666 2292 1330 374 27102 1041 9144 2265 509 1756 6879 1716 699 5163 3832 2954 530 1017 767 66 1226 998 334 549 267 282 146
is_linear=0
shrinkage=0.05


end of trees

feature_importances:
lexical_score=493
rrf_score=436
bm25_rank_score=335
node_profile_sim=327
query_max_node_sim=210
query_token_count=202
parent_sim=178
avg_top5_desc_sim=159
dense_rank_score=158
path_score=148
sibling_max_sim=126
sibling_coherence=125
max_desc_sim=94
query_embedding_norm=9

parameters:
[boosting: gbdt]
[objective: lambdarank]
[metric: ndcg]
[tree_learner: serial]
[device_type: cpu]
[data_sample_strategy: bagging]
[data: ]
[valid: ]
[num_iterations: 100]
[learning_rate: 0.05]
[num_leaves: 31]
[num_threads: 0]
[seed: 0]
[deterministic: 0]
[force_col_wise: 0]
[force_row_wise: 0]
[histogram_pool_size: -1]
[max_depth: -1]
[min_data_in_leaf: 5]
[min_sum_hessian_in_leaf: 5]
[bagging_fraction: 1]
[pos_bagging_fraction: 1]
[neg_bagging_fraction: 1]
[bagging_freq: 0]
[bagging_seed: 3]
[bagging_by_query: 0]
[feature_fraction: 1]
[feature_fraction_bynode: 1]
[feature_fraction_seed: 2]
[extra_trees: 0]
[extra_seed: 6]
[early_stopping_round: 0]
[early_stopping_min_delta: 0]
[first_metric_only: 0]
[max_delta_step: 0]
[lambda_l1: 0]
[lambda_l2: 0]
[linear_lambda: 0]
[min_gain_to_split: 0]
[drop_rate: 0.1]
[max_drop: 50]
[skip_drop: 0.5]
[xgboost_dart_mode: 0]
[uniform_drop: 0]
[drop_seed: 4]
[top_rate: 0.2]
[other_rate: 0.1]
[min_data_per_group: 100]
[max_cat_threshold: 32]
[cat_l2: 10]
[cat_smooth: 10]
[max_cat_to_onehot: 4]
[top_k: 20]
[monotone_constraints: ]
[monotone_constraints_method: basic]
[monotone_penalty: 0]
[feature_contri: ]
[forcedsplits_filename: ]
[refit_decay_rate: 0.9]
[cegb_tradeoff: 1]
[cegb_penalty_split: 0]
[cegb_penalty_feature_lazy: ]
[cegb_penalty_feature_coupled: ]
[path_smooth: 0]
[interaction_constraints: ]
[verbosity: -1]
[saved_feature_importance_type: 0]
[use_quantized_grad: 0]
[num_grad_quant_bins: 4]
[quant_train_renew_leaf: 0]
[stochastic_rounding: 1]
[linear_tree: 0]
[max_bin: 255]
[max_bin_by_feature: ]
[min_data_in_bin: 3]
[bin_construct_sample_cnt: 200000]
[data_random_seed: 1]
[is_enable_sparse: 1]
[enable_bundle: 1]
[use_missing: 1]
[zero_as_missing: 0]
[feature_pre_filter: 1]
[pre_partition: 0]
[two_round: 0]
[header: 0]
[label_column: ]
[weight_column: ]
[group_column: ]
[ignore_column: ]
[categorical_feature: ]
[forcedbins_filename: ]
[precise_float_parser: 0]
[parser_config_file: ]
[objective_seed: 5]
[num_class: 1]
[is_unbalance: 0]
[scale_pos_weight: 1]
[sigmoid: 1]
[boost_from_average: 1]
[reg_sqrt: 0]
[alpha: 0.9]
[fair_c: 1]
[poisson_max_delta_step: 0.7]
[tweedie_variance_power: 1.5]
[lambdarank_truncation_level: 30]
[lambdarank_norm: 1]
[label_gain: 0,1,3]
[lambdarank_position_bias_regularization: 0]
[eval_at: 5]
[multi_error_top_k: 1]
[auc_mu_weights: ]
[num_machines: 1]
[local_listen_port: 12400]
[time_out: 120]
[machine_list_filename: ]
[machines: ]
[gpu_platform_id: -1]
[gpu_device_id: -1]
[gpu_device_id_list: ]
[gpu_use_dp: 0]
[num_gpu: 1]

end of parameters

pandas_categorical:null
